"","X","a1","g6","rho","beta2","Ze_1.0","Ze_2.0","Ze_3.0","P1","P2","P3","P4","P1_1.0","P2_1.0","P3_1.0","P4_1.0","P1_2.0","P2_2.0","P3_2.0","P4_2.0","P1_3.0","P2_3.0","P3_3.0","P4_3.0"
"1",1,-1.5,-1.25,-0.75,-1.5,0.00166860000000002,-0.079076,3.31999999999555e-05,4,1,2,3,4,1,2,3,3,1,2,4,4,1,2,3
"2",2,-1.5,-1.25,-0.75,-1,0.00250820000000007,-0.0519007000000001,2.59999999996374e-06,4,1,2,3,4,1,2,3,3,1,2,4,4,1,2,3
"3",3,-1.5,-1.25,-0.75,1,0.00306609999999996,0.0165894,1.00000000002876e-06,4,1,2,3,4,2,1,3,4,2,1,3,4,1,2,3
"4",4,-1.5,-1.25,-0.75,1.5,0.00298750000000003,0.0216493999999999,-2.04000000000315e-05,4,1,2,3,4,2,1,3,4,2,1,3,4,1,2,3
"5",5,-1.5,-1.25,-0.2,-1.5,0.00169390000000003,-0.0790919999999999,4.68000000000135e-05,4,1,2,3,4,1,2,3,3,1,2,4,4,1,2,3
"6",6,-1.5,-1.25,-0.2,-1,0.00249780000000011,-0.0518839,2.06000000000373e-05,4,1,2,3,4,1,2,3,3,1,2,4,4,1,2,3
"7",7,-1.5,-1.25,-0.2,1,0.00306119999999988,0.0166031,1.02000000000713e-05,4,1,2,3,4,2,1,3,4,2,1,3,4,1,2,3
"8",8,-1.5,-1.25,-0.2,1.5,0.00295500000000004,0.0216634999999999,-1.13000000000474e-05,4,1,2,3,4,2,1,3,4,2,1,3,4,1,2,3
"9",9,-1.5,-1.25,0.2,-1.5,0.00167170000000005,-0.079081,3.37000000000254e-05,4,1,2,3,4,1,2,3,3,1,2,4,4,1,2,3
"10",10,-1.5,-1.25,0.2,-1,0.00249259999999996,-0.0518851,5.69999999999737e-06,4,1,2,3,4,1,2,3,3,1,2,4,4,1,2,3
"11",11,-1.5,-1.25,0.2,1,0.00305139999999993,0.0166017999999999,-1.69999999999337e-06,4,1,2,3,4,2,1,3,4,2,1,3,4,1,2,3
"12",12,-1.5,-1.25,0.2,1.5,0.00293960000000004,0.0216611,-2.34000000000067e-05,4,1,2,3,4,2,1,3,4,2,1,3,4,1,2,3
"13",13,-1.5,-1.25,0.75,-1.5,NA,NA,NA,NA,NA,NA,1,NA,NA,NA,1,NA,NA,NA,1,4,1,2,3
"14",14,-1.5,-1.25,0.75,-1,NA,NA,NA,NA,NA,NA,1,NA,NA,NA,1,NA,NA,NA,1,4,1,2,3
"15",15,-1.5,-1.25,0.75,1,NA,NA,NA,NA,NA,NA,1,NA,NA,NA,1,NA,NA,NA,1,4,1,2,3
"16",16,-1.5,-1.25,0.75,1.5,NA,NA,NA,NA,NA,NA,1,NA,NA,NA,1,NA,NA,NA,1,4,1,2,3
"17",17,-1.5,-0.5,-0.75,-1.5,0.00137219999999993,-0.0572563,2.62999999999236e-05,3,1,2,4,3,1,2,4,3,1,2,4,3,1,2,4
"18",18,-1.5,-0.5,-0.75,-1,0.00207430000000008,-0.0402412,-6.81999999999627e-05,3,1,2,4,3,1,2,4,3,1,2,4,3,1,2,4
"19",19,-1.5,-0.5,-0.75,1,0.00269959999999991,0.0126794,2.81000000000864e-05,4,1,2,3,4,2,1,3,4,2,1,3,4,1,2,3
"20",20,-1.5,-0.5,-0.75,1.5,0.00269800000000009,0.0170436999999999,3.89999999994561e-06,4,1,2,3,4,2,1,3,4,2,1,3,4,1,2,3
"21",21,-1.5,-0.5,-0.2,-1.5,0.00138240000000001,-0.0572792999999999,3.39999999999785e-05,3,1,2,4,3,1,2,4,3,1,2,4,3,1,2,4
"22",22,-1.5,-0.5,-0.2,-1,0.00201930000000006,-0.0402342,-5.56999999999919e-05,3,1,2,4,3,1,2,4,3,1,2,4,3,1,2,4
"23",23,-1.5,-0.5,-0.2,1,0.00265640000000011,0.0126919999999999,3.70000000000648e-05,4,1,2,3,4,2,1,3,4,2,1,3,4,1,2,3
"24",24,-1.5,-0.5,-0.2,1.5,0.00264930000000008,0.017056,1.24999999999709e-05,4,1,2,3,4,2,1,3,4,2,1,3,4,1,2,3
"25",25,-1.5,-0.5,0.2,-1.5,0.00134380000000001,-0.0572667,2.5599999999959e-05,3,1,2,4,3,1,2,4,3,1,2,4,3,1,2,4
"26",26,-1.5,-0.5,0.2,-1,0.00199210000000005,-0.0402378,-7.0400000000026e-05,3,1,2,4,3,1,2,4,3,1,2,4,3,1,2,4
"27",27,-1.5,-0.5,0.2,1,0.00266539999999993,0.0126873999999999,2.4800000000047e-05,4,1,2,3,4,2,1,3,4,2,1,3,4,1,2,3
"28",28,-1.5,-0.5,0.2,1.5,0.0026520000000001,0.0170511999999999,4.00000000011502e-07,4,1,2,3,4,2,1,3,4,2,1,3,4,1,2,3
"29",29,-1.5,-0.5,0.75,-1.5,NA,NA,NA,NA,NA,NA,1,NA,NA,NA,1,NA,NA,NA,1,3,1,2,4
"30",30,-1.5,-0.5,0.75,-1,NA,NA,NA,NA,NA,NA,1,NA,NA,NA,1,NA,NA,NA,1,3,1,2,4
"31",31,-1.5,-0.5,0.75,1,NA,NA,NA,NA,NA,NA,1,NA,NA,NA,1,NA,NA,NA,1,4,1,2,3
"32",32,-1.5,-0.5,0.75,1.5,NA,NA,NA,NA,NA,NA,1,NA,NA,NA,1,NA,NA,NA,1,4,1,2,3
"33",33,-1.5,-0.25,-0.75,-1.5,0.00129359999999989,-0.0469153999999999,3.88000000000055e-05,3,1,2,4,3,1,2,4,3,1,2,4,3,1,2,4
"34",34,-1.5,-0.25,-0.75,-1,0.00198960000000004,-0.0345491,0.000111100000000031,3,1,2,4,3,1,2,4,3,1,2,4,3,1,2,4
"35",35,-1.5,-0.25,-0.75,1,0.00268069999999998,0.0114153999999999,7.69999999994386e-06,4,1,2,3,4,2,1,3,4,2,1,3,4,1,2,3
"36",36,-1.5,-0.25,-0.75,1.5,0.00269410000000003,0.0157263,8.99999999970369e-07,4,1,2,3,4,2,1,3,4,2,1,3,4,1,2,3
"37",37,-1.5,-0.25,-0.2,-1.5,0.00131999999999999,-0.0469516999999999,4.53000000000259e-05,3,1,2,4,3,1,2,4,3,1,2,4,3,1,2,4
"38",38,-1.5,-0.25,-0.2,-1,0.00196549999999995,-0.0345567999999999,0.000121400000000049,3,1,2,4,3,1,2,4,3,1,2,4,3,1,2,4
"39",39,-1.5,-0.25,-0.2,1,0.00265609999999994,0.0114166,1.62000000000218e-05,4,1,2,3,4,2,1,3,4,2,1,3,4,1,2,3
"40",40,-1.5,-0.25,-0.2,1.5,0.00266960000000005,0.0157276000000001,9.60000000005401e-06,4,1,2,3,4,2,1,3,4,2,1,3,4,1,2,3
"41",41,-1.5,-0.25,0.2,-1.5,0.00127879999999991,-0.0469373,3.75000000000236e-05,3,1,2,4,3,1,2,4,3,1,2,4,3,1,2,4
"42",42,-1.5,-0.25,0.2,-1,0.00192439999999994,-0.0345599999999999,0.000104900000000074,3,1,2,4,3,1,2,4,3,1,2,4,3,1,2,4
"43",43,-1.5,-0.25,0.2,1,0.00264710000000001,0.0114134999999999,4.09999999995136e-06,4,1,2,3,4,2,1,3,4,2,1,3,4,1,2,3
"44",44,-1.5,-0.25,0.2,1.5,0.00266069999999996,0.0157241,-2.39999999995799e-06,4,1,2,3,4,2,1,3,4,2,1,3,4,1,2,3
"45",45,-1.5,-0.25,0.75,-1.5,NA,NA,NA,NA,NA,NA,1,NA,NA,NA,1,NA,NA,NA,1,3,1,2,4
"46",46,-1.5,-0.25,0.75,-1,NA,NA,NA,NA,NA,NA,1,NA,NA,NA,1,NA,NA,NA,1,3,1,2,4
"47",47,-1.5,-0.25,0.75,1,NA,NA,NA,NA,NA,NA,1,NA,NA,NA,1,NA,NA,NA,1,4,1,2,3
"48",48,-1.5,-0.25,0.75,1.5,NA,NA,NA,NA,NA,NA,1,NA,NA,NA,1,NA,NA,NA,1,4,1,2,3
"49",49,-1.5,0.25,-0.75,-1.5,0.0011612000000002,-0.0257943,5.06000000000117e-05,3,1,2,4,3,1,2,4,3,1,2,4,3,1,2,4
"50",50,-1.5,0.25,-0.75,-1,0.00180689999999983,-0.0226759000000001,1.88999999999329e-05,3,1,2,4,3,1,2,4,3,1,2,4,3,1,2,4
"51",51,-1.5,0.25,-0.75,1,0.00261980000000006,0.00874609999999998,0.00012970000000001,4,1,2,3,4,2,1,3,4,2,1,3,4,1,2,3
"52",52,-1.5,0.25,-0.75,1.5,0.00281430000000005,0.0126328999999999,-2.39000000000766e-05,4,1,2,3,4,2,1,3,4,2,1,3,4,1,2,3
"53",53,-1.5,0.25,-0.2,-1.5,0.00116240000000012,-0.025827,6.53999999999932e-05,3,1,2,4,3,1,2,4,3,1,2,4,3,1,2,4
"54",54,-1.5,0.25,-0.2,-1,0.00178369999999983,-0.0226911,2.74999999999581e-05,3,1,2,4,3,1,2,4,3,1,2,4,3,1,2,4
"55",55,-1.5,0.25,-0.2,1,0.00249890000000008,0.00822540000000005,-7.76999999999584e-05,4,1,2,3,4,2,1,3,4,2,1,3,4,1,2,3
"56",56,-1.5,0.25,-0.2,1.5,0.00262450000000014,0.012796,0.000101000000000129,4,1,2,3,4,2,1,3,4,2,1,3,4,1,2,3
"57",57,-1.5,0.25,0.2,-1.5,0.00108910000000018,-0.0258117000000001,4.77999999999312e-05,3,1,2,4,3,1,2,4,3,1,2,4,3,1,2,4
"58",58,-1.5,0.25,0.2,-1,0.00174219999999992,-0.0226768000000001,1.62999999999691e-05,3,1,2,4,3,1,2,4,3,1,2,4,3,1,2,4
"59",59,-1.5,0.25,0.2,1,0.00255039999999984,0.00843149999999993,1.41999999999642e-05,4,1,2,3,4,2,1,3,4,2,1,3,4,1,2,3
"60",60,-1.5,0.25,0.2,1.5,0.00247709999999979,0.0125858000000001,8.5600000000019e-05,4,1,2,3,4,2,1,3,4,2,1,3,4,1,2,3
"61",61,-1.5,0.25,0.75,-1.5,NA,NA,NA,NA,NA,NA,1,NA,NA,NA,1,NA,NA,NA,1,3,1,2,4
"62",62,-1.5,0.25,0.75,-1,NA,NA,NA,NA,NA,NA,1,NA,NA,NA,1,NA,NA,NA,1,3,1,2,4
"63",63,-1.5,0.25,0.75,1,NA,NA,NA,NA,NA,NA,1,NA,NA,NA,1,NA,NA,NA,1,4,1,2,3
"64",64,-1.5,0.25,0.75,1.5,NA,NA,NA,NA,NA,NA,1,NA,NA,NA,1,NA,NA,NA,1,4,1,2,3
"65",65,-1.5,0.5,-0.75,-1.5,0.00103569999999997,-0.0162497,-7.93999999999517e-05,3,1,2,4,3,1,2,4,3,1,2,4,3,1,2,4
"66",66,-1.5,0.5,-0.75,-1,0.00167620000000002,-0.0167446999999999,2.57000000000174e-05,3,1,2,4,3,1,2,4,3,1,2,4,3,1,2,4
"67",67,-1.5,0.5,-0.75,1,0.00233059999999996,0.00731629999999994,3.97999999999232e-05,4,1,2,3,4,2,1,3,4,2,1,3,4,1,2,3
"68",68,-1.5,0.5,-0.75,1.5,0.00238440000000006,0.0111349000000001,7.31999999999955e-05,4,1,2,3,4,2,1,3,4,2,1,3,4,1,2,3
"69",69,-1.5,0.5,-0.2,-1.5,0.00103550000000008,-0.0162793,-6.01999999999547e-05,3,1,2,4,3,1,2,4,3,1,2,4,3,1,2,4
"70",70,-1.5,0.5,-0.2,-1,0.00164089999999995,-0.016754,4.07000000000046e-05,3,1,2,4,3,1,2,4,3,1,2,4,3,1,2,4
"71",71,-1.5,0.5,-0.2,1,0.00278099999999992,0.00710080000000002,0.00014460000000005,4,1,2,3,4,2,1,3,4,2,1,3,4,1,2,3
"72",72,-1.5,0.5,-0.2,1.5,0.00235690000000022,0.0111916000000001,0.000270700000000068,4,1,2,3,4,2,1,3,4,2,1,3,4,1,2,3
"73",73,-1.5,0.5,0.2,-1.5,0.000973200000000118,-0.0162574000000001,-7.55000000000061e-05,3,1,2,4,3,1,2,4,3,1,2,4,3,1,2,4
"74",74,-1.5,0.5,0.2,-1,0.00159180000000003,-0.0167345999999999,3.00000000000855e-05,3,1,2,4,3,1,2,4,3,1,2,4,3,1,2,4
"75",75,-1.5,0.5,0.2,1,0.00256140000000005,0.00700620000000007,-0.00021199999999999,4,1,2,3,4,2,1,3,4,2,1,3,4,1,2,3
"76",76,-1.5,0.5,0.2,1.5,0.00238050000000001,0.0111359,-8.14000000001203e-05,4,1,2,3,4,2,1,3,4,2,1,3,4,1,2,3
"77",77,-1.5,0.5,0.75,-1.5,NA,NA,NA,NA,NA,NA,1,NA,NA,NA,1,NA,NA,NA,1,3,1,2,4
"78",78,-1.5,0.5,0.75,-1,NA,NA,NA,NA,NA,NA,1,NA,NA,NA,1,NA,NA,NA,1,3,1,2,4
"79",79,-1.5,0.5,0.75,1,NA,NA,NA,NA,NA,NA,1,NA,NA,NA,1,NA,NA,NA,1,4,1,2,3
"80",80,-1.5,0.5,0.75,1.5,NA,NA,NA,NA,NA,NA,1,NA,NA,NA,1,NA,NA,NA,1,4,1,2,3
"81",81,-1.5,1.25,-0.75,-1.5,0.000784000000000007,0.00639999999999996,-5.83000000000666e-05,3,1,2,4,3,1,2,4,3,1,2,4,3,1,2,4
"82",82,-1.5,1.25,-0.75,-1,0.000984800000000119,-0.00158360000000002,-0.000116600000000022,3,1,2,4,3,2,1,4,3,2,1,4,3,1,2,4
"83",83,-1.5,1.25,-0.75,1,0.00217360000000011,0.00306909999999994,-8.22999999999796e-05,4,1,2,3,4,2,1,3,3,2,1,4,4,1,2,3
"84",84,-1.5,1.25,-0.75,1.5,0.00233399999999995,0.0066058,-6.72999999999924e-05,4,1,2,3,4,2,1,3,4,2,1,3,4,1,2,3
"85",85,-1.5,1.25,-0.2,-1.5,0.000790999999999986,0.00638080000000008,-4.36999999999799e-05,3,1,2,4,3,1,2,4,3,1,2,4,3,1,2,4
"86",86,-1.5,1.25,-0.2,-1,0.00145879999999998,-0.00171450000000006,-0.000250800000000106,3,1,2,4,3,1,2,4,3,1,2,4,3,1,2,4
"87",87,-1.5,1.25,-0.2,1,0.00224400000000002,0.00298019999999988,-0.000203700000000029,4,1,2,3,4,2,1,3,3,2,1,4,4,1,2,3
"88",88,-1.5,1.25,-0.2,1.5,0.00207630000000003,0.00671480000000002,-2.01999999999147e-05,4,1,2,3,4,2,1,3,4,2,1,3,4,1,2,3
"89",89,-1.5,1.25,0.2,-1.5,0.000710599999999895,0.0064012,-5.48000000000215e-05,3,1,2,4,3,1,2,4,3,1,2,4,3,1,2,4
"90",90,-1.5,1.25,0.2,-1,0.00148630000000005,-0.00173769999999995,-0.000274600000000014,3,1,2,4,3,1,2,4,3,1,2,4,3,1,2,4
"91",91,-1.5,1.25,0.2,1,0.00219230000000015,0.00304260000000012,-4.84999999998958e-05,4,1,2,3,4,2,1,3,3,2,1,4,4,1,2,3
"92",92,-1.5,1.25,0.2,1.5,0.00229559999999995,0.00664179999999992,2.94000000000683e-05,4,1,2,3,4,2,1,3,4,2,1,3,4,1,2,3
"93",93,-1.5,1.25,0.75,-1.5,NA,NA,NA,NA,NA,NA,1,NA,NA,NA,1,NA,NA,NA,1,3,1,2,4
"94",94,-1.5,1.25,0.75,-1,NA,NA,NA,NA,NA,NA,1,NA,NA,NA,1,NA,NA,NA,1,3,1,2,4
"95",95,-1.5,1.25,0.75,1,NA,NA,NA,NA,NA,NA,1,NA,NA,NA,1,NA,NA,NA,1,4,1,2,3
"96",96,-1.5,1.25,0.75,1.5,NA,NA,NA,NA,NA,NA,1,NA,NA,NA,1,NA,NA,NA,1,4,1,2,3
"97",97,-0.5,-1.25,-0.75,-1.5,-0.000382900000000075,-0.0802578999999999,7.46000000001468e-05,4,1,2,3,4,1,2,3,3,1,2,4,4,1,2,3
"98",98,-0.5,-1.25,-0.75,-1,-0.000692199999999921,-0.0534343,4.22999999999396e-05,4,1,2,3,4,2,1,3,3,2,1,4,4,1,2,3
"99",99,-0.5,-1.25,-0.75,1,-0.000932099999999991,0.0147706999999999,4.53000000000259e-05,4,1,2,3,4,2,1,3,4,2,1,3,4,1,2,3
"100",100,-0.5,-1.25,-0.75,1.5,-0.00096279999999993,0.0198252999999999,2.38999999999656e-05,4,1,2,3,4,2,1,3,4,2,1,3,4,1,2,3
"101",101,-0.5,-1.25,-0.2,-1.5,-0.000452200000000014,-0.0802695999999999,4.87000000001236e-05,4,1,2,3,4,1,2,3,3,1,2,4,4,1,2,3
"102",102,-0.5,-1.25,-0.2,-1,-0.000735299999999994,-0.0534594,1.5199999999993e-05,4,1,2,3,4,2,1,3,3,2,1,4,4,1,2,3
"103",103,-0.5,-1.25,-0.2,1,-0.000978000000000145,0.0147436,2.35000000000651e-05,4,1,2,3,4,2,1,3,4,2,1,3,4,1,2,3
"104",104,-0.5,-1.25,-0.2,1.5,-0.00100939999999994,0.0197982,2.10000000000488e-06,4,1,2,3,4,2,1,3,4,2,1,3,4,1,2,3
"105",105,-0.5,-1.25,0.2,-1.5,-0.00033379999999994,-0.0802192999999999,0.000101600000000146,4,1,2,3,4,1,2,3,3,1,2,4,4,1,2,3
"106",106,-0.5,-1.25,0.2,-1,-0.000646599999999942,-0.0534236,6.94999999999446e-05,4,1,2,3,4,2,1,3,3,2,1,4,4,1,2,3
"107",107,-0.5,-1.25,0.2,1,-0.00082950000000015,0.0147826999999999,6.11999999999835e-05,4,1,2,3,4,2,1,3,4,2,1,3,4,1,2,3
"108",108,-0.5,-1.25,0.2,1.5,-0.000894700000000026,0.0198366999999998,3.89999999999002e-05,4,1,2,3,4,2,1,3,4,2,1,3,4,1,2,3
"109",109,-0.5,-1.25,0.75,-1.5,-0.00040309999999999,-0.0802309999999999,7.57000000001229e-05,4,1,2,3,4,1,2,3,3,1,2,4,4,1,2,3
"110",110,-0.5,-1.25,0.75,-1,-0.000689700000000015,-0.0534487000000001,4.2399999999887e-05,4,1,2,3,4,2,1,3,3,2,1,4,4,1,2,3
"111",111,-0.5,-1.25,0.75,1,-0.000875400000000082,0.0147555999999999,3.94000000000228e-05,4,1,2,3,4,2,1,3,4,2,1,3,4,1,2,3
"112",112,-0.5,-1.25,0.75,1.5,-0.000941299999999923,0.0198095999999999,1.71999999999395e-05,4,1,2,3,4,2,1,3,4,2,1,3,4,1,2,3
"113",113,-0.5,-0.5,-0.75,-1.5,-0.000405500000000059,-0.058576,6.27000000000821e-05,3,1,2,4,3,1,2,4,3,1,2,4,3,1,2,4
"114",114,-0.5,-0.5,-0.75,-1,-0.000723099999999977,-0.0417875999999999,-2.97999999999687e-05,3,1,2,4,3,1,2,4,3,1,2,4,3,1,2,4
"115",115,-0.5,-0.5,-0.75,1,-0.00100060000000002,0.0109138999999999,7.21999999999667e-05,3,1,2,4,3,2,1,4,3,2,1,4,3,1,2,4
"116",116,-0.5,-0.5,-0.75,1.5,-0.00101819999999997,0.0152756999999999,4.78999999998786e-05,3,1,2,4,3,2,1,4,3,2,1,4,3,1,2,4
"117",117,-0.5,-0.5,-0.2,-1.5,-0.000443900000000053,-0.0585785999999999,4.62000000001073e-05,3,1,2,4,3,1,2,4,3,1,2,4,3,1,2,4
"118",118,-0.5,-0.5,-0.2,-1,-0.000739900000000016,-0.0418109999999999,-5.48999999999689e-05,3,1,2,4,3,1,2,4,3,1,2,4,3,1,2,4
"119",119,-0.5,-0.5,-0.2,1,-0.000960799999999984,0.0108874999999999,5.06000000000117e-05,3,1,2,4,3,2,1,4,3,2,1,4,3,1,2,4
"120",120,-0.5,-0.5,-0.2,1.5,-0.000980599999999998,0.0152490999999999,2.61999999998652e-05,3,1,2,4,3,2,1,4,3,2,1,4,3,1,2,4
"121",121,-0.5,-0.5,0.2,-1.5,-0.000228099999999953,-0.0585481,9.25000000000509e-05,3,1,2,4,3,1,2,4,3,1,2,4,3,1,2,4
"122",122,-0.5,-0.5,0.2,-1,-0.000594299999999937,-0.0417862,-7.5999999999965e-06,3,1,2,4,3,1,2,4,3,1,2,4,3,1,2,4
"123",123,-0.5,-0.5,0.2,1,-0.000870600000000055,0.0109173,8.75000000000181e-05,3,1,2,4,3,2,1,4,3,2,1,4,3,1,2,4
"124",124,-0.5,-0.5,0.2,1.5,-0.000892600000000021,0.0152790999999999,6.28999999998658e-05,3,1,2,4,3,2,1,4,3,2,1,4,3,1,2,4
"125",125,-0.5,-0.5,0.75,-1.5,-0.000266500000000058,-0.0585507,7.6000000000076e-05,3,1,2,4,3,1,2,4,3,1,2,4,3,1,2,4
"126",126,-0.5,-0.5,0.75,-1,-0.000611099999999976,-0.0418095999999999,-3.26999999999966e-05,3,1,2,4,3,1,2,4,3,1,2,4,3,1,2,4
"127",127,-0.5,-0.5,0.75,1,-0.00083080000000002,0.0108908999999999,6.58999999999521e-05,3,1,2,4,3,2,1,4,3,2,1,4,3,1,2,4
"128",128,-0.5,-0.5,0.75,1.5,-0.00085500000000005,0.0152524999999999,4.11999999998525e-05,3,1,2,4,3,2,1,4,3,2,1,4,3,1,2,4
"129",129,-0.5,-0.25,-0.75,-1.5,-0.000390699999999966,-0.0482739999999999,6.9600000000003e-05,3,1,2,4,3,1,2,4,3,1,2,4,3,1,2,4
"130",130,-0.5,-0.25,-0.75,-1,-0.000690300000000033,-0.0360846,0.000148200000000043,3,1,2,4,3,1,2,4,3,1,2,4,3,1,2,4
"131",131,-0.5,-0.25,-0.75,1,-0.000992500000000063,0.00968409999999997,5.15999999999295e-05,3,1,2,4,3,2,1,4,3,2,1,4,3,1,2,4
"132",132,-0.5,-0.25,-0.75,1.5,-0.000996400000000008,0.0139929000000001,4.49000000000144e-05,3,1,2,4,3,2,1,4,3,2,1,4,3,1,2,4
"133",133,-0.5,-0.25,-0.2,-1.5,-0.000432200000000105,-0.0482722999999999,5.31000000000281e-05,3,1,2,4,3,1,2,4,3,1,2,4,3,1,2,4
"134",134,-0.5,-0.25,-0.2,-1,-0.000705700000000031,-0.036101,0.000122500000000025,3,1,2,4,3,1,2,4,3,1,2,4,3,1,2,4
"135",135,-0.5,-0.25,-0.2,1,-0.000958699999999979,0.00966319999999998,3.00999999999219e-05,3,1,2,4,3,2,1,4,3,2,1,4,3,1,2,4
"136",136,-0.5,-0.25,-0.2,1.5,-0.000963400000000059,0.0139714000000001,2.3200000000001e-05,3,1,2,4,3,2,1,4,3,2,1,4,3,1,2,4
"137",137,-0.5,-0.25,0.2,-1.5,-0.000193699999999963,-0.0482368999999999,0.000107599999999985,3,1,2,4,3,1,2,4,3,1,2,4,3,1,2,4
"138",138,-0.5,-0.25,0.2,-1,-0.000554900000000136,-0.0360771000000001,0.000176300000000018,3,1,2,4,3,1,2,4,3,1,2,4,3,1,2,4
"139",139,-0.5,-0.25,0.2,1,-0.000845300000000049,0.00968669999999994,6.66999999998641e-05,3,1,2,4,3,2,1,4,3,2,1,4,3,1,2,4
"140",140,-0.5,-0.25,0.2,1.5,-0.000872899999999954,0.0139954000000001,5.99000000000016e-05,3,1,2,4,3,2,1,4,3,2,1,4,3,1,2,4
"141",141,-0.5,-0.25,0.75,-1.5,-0.000235199999999991,-0.0482351999999999,9.11000000000106e-05,3,1,2,4,3,1,2,4,3,1,2,4,3,1,2,4
"142",142,-0.5,-0.25,0.75,-1,-0.000570300000000135,-0.0360935,0.000150600000000001,3,1,2,4,3,1,2,4,3,1,2,4,3,1,2,4
"143",143,-0.5,-0.25,0.75,1,-0.000811499999999965,0.00966579999999995,4.51999999999675e-05,3,1,2,4,3,2,1,4,3,2,1,4,3,1,2,4
"144",144,-0.5,-0.25,0.75,1.5,-0.000839900000000005,0.0139739000000001,3.81999999999882e-05,3,1,2,4,3,2,1,4,3,2,1,4,3,1,2,4
"145",145,-0.5,0.25,-0.75,-1.5,-0.000320199999999993,-0.0271836,8.89000000000584e-05,3,1,2,4,3,1,2,4,3,1,2,4,3,1,2,4
"146",146,-0.5,0.25,-0.75,-1,-0.000650299999999993,-0.0241418000000001,5.13999999999237e-05,3,1,2,4,3,1,2,4,3,1,2,4,3,1,2,4
"147",147,-0.5,0.25,-0.75,1,-0.000832499999999903,0.00699050000000001,0.000117000000000034,3,1,2,4,3,2,1,4,3,2,1,4,3,1,2,4
"148",148,-0.5,0.25,-0.75,1.5,-0.000786800000000087,0.0110584000000001,0.000168100000000004,4,1,2,3,4,2,1,3,3,2,1,4,4,1,2,3
"149",149,-0.5,0.25,-0.2,-1.5,-0.000380999999999965,-0.0271847000000001,6.22999999999596e-05,3,1,2,4,3,1,2,4,3,1,2,4,3,1,2,4
"150",150,-0.5,0.25,-0.2,-1,-0.000656300000000054,-0.0241426,3.29999999999497e-05,3,1,2,4,3,1,2,4,3,1,2,4,3,1,2,4
"151",151,-0.5,0.25,-0.2,1,-0.000885799999999937,0.00699080000000007,9.04999999999934e-05,3,1,2,4,3,2,1,4,3,2,1,4,3,1,2,4
"152",152,-0.5,0.25,-0.2,1.5,-0.000803300000000173,0.0108851,-3.41999999999842e-05,4,1,2,3,4,2,1,3,3,2,1,4,4,1,2,3
"153",153,-0.5,0.25,0.2,-1.5,-0.000176499999999913,-0.0271703000000001,0.000124499999999972,3,1,2,4,3,1,2,4,3,1,2,4,3,1,2,4
"154",154,-0.5,0.25,0.2,-1,-0.000536600000000109,-0.0241509,8.4799999999996e-05,3,1,2,4,3,1,2,4,3,1,2,4,3,1,2,4
"155",155,-0.5,0.25,0.2,1,-0.000837700000000052,0.00702479999999994,9.759999999992e-05,3,1,2,4,3,2,1,4,3,2,1,4,3,1,2,4
"156",156,-0.5,0.25,0.2,1.5,-0.000926899999999953,0.0112306,0.000149599999999972,4,1,2,3,4,2,1,3,3,2,1,4,4,1,2,3
"157",157,-0.5,0.25,0.75,-1.5,-0.000237299999999885,-0.0271714000000001,9.78999999999841e-05,3,1,2,4,3,1,2,4,3,1,2,4,3,1,2,4
"158",158,-0.5,0.25,0.75,-1,-0.00054260000000006,-0.0241517,6.6400000000022e-05,3,1,2,4,3,1,2,4,3,1,2,4,3,1,2,4
"159",159,-0.5,0.25,0.75,1,-0.000765800000000039,0.00684919999999989,-2.19000000000191e-05,3,1,2,4,3,2,1,4,3,2,1,4,3,1,2,4
"160",160,-0.5,0.25,0.75,1.5,-0.000830000000000108,0.0110393,-0.000128199999999912,4,1,2,3,4,2,1,3,3,2,1,4,4,1,2,3
"161",161,-0.5,0.5,-0.75,-1.5,-0.000338700000000025,-0.0176305000000001,-4.12000000000745e-05,3,1,2,4,3,1,2,4,3,1,2,4,3,1,2,4
"162",162,-0.5,0.5,-0.75,-1,-0.000643199999999844,-0.0181523,6.0799999999972e-05,3,1,2,4,3,1,2,4,3,1,2,4,3,1,2,4
"163",163,-0.5,0.5,-0.75,1,-0.000874299999999884,0.0055423,0.000101499999999977,3,1,2,4,3,2,1,4,3,2,1,4,3,1,2,4
"164",164,-0.5,0.5,-0.75,1.5,-0.000925599999999971,0.00948890000000002,-2.24999999999254e-05,4,1,2,3,4,2,1,3,3,2,1,4,4,1,2,3
"165",165,-0.5,0.5,-0.2,-1.5,-0.000394299999999959,-0.0176328,-7.04999999999734e-05,3,1,2,4,3,1,2,4,3,1,2,4,3,1,2,4
"166",166,-0.5,0.5,-0.2,-1,-0.000651899999999928,-0.0181545999999999,4.28000000000095e-05,3,1,2,4,3,1,2,4,3,1,2,4,3,1,2,4
"167",167,-0.5,0.5,-0.2,1,-0.00104760000000004,0.00569340000000007,0.00026130000000002,3,1,2,4,3,2,1,4,3,2,1,4,3,1,2,4
"168",168,-0.5,0.5,-0.2,1.5,-0.000878200000000051,0.00944929999999999,-8.05999999999862e-05,4,1,2,3,4,2,1,3,3,2,1,4,4,1,2,3
"169",169,-0.5,0.5,0.2,-1.5,-0.000224299999999955,-0.0176264,-1.81000000000209e-05,3,1,2,4,3,1,2,4,3,1,2,4,3,1,2,4
"170",170,-0.5,0.5,0.2,-1,-0.0005466999999999,-0.0181486,0.000102799999999958,3,1,2,4,3,1,2,4,3,1,2,4,3,1,2,4
"171",171,-0.5,0.5,0.2,1,-0.00085869999999999,0.00551929999999989,3.90999999998476e-05,3,1,2,4,3,2,1,4,3,2,1,4,3,1,2,4
"172",172,-0.5,0.5,0.2,1.5,-0.000940799999999964,0.00936130000000002,-0.000128200000000023,4,1,2,3,4,2,1,3,3,2,1,4,4,1,2,3
"173",173,-0.5,0.5,0.75,-1.5,-0.0002799,-0.0176287000000001,-4.74000000000308e-05,3,1,2,4,3,1,2,4,3,1,2,4,3,1,2,4
"174",174,-0.5,0.5,0.75,-1,-0.000555399999999873,-0.0181509,8.4799999999996e-05,3,1,2,4,3,1,2,4,3,1,2,4,3,1,2,4
"175",175,-0.5,0.5,0.75,1,-0.000911200000000112,0.00546989999999992,-6.73000000001034e-05,3,1,2,4,3,2,1,4,3,2,1,4,3,1,2,4
"176",176,-0.5,0.5,0.75,1.5,-0.00082340000000003,0.0095154999999999,2.78999999998586e-05,4,1,2,3,4,2,1,3,3,2,1,4,4,1,2,3
"177",177,-0.5,1.25,-0.75,-1.5,-0.000247600000000014,0.00511500000000009,-1.12999999999364e-05,3,1,2,4,3,1,2,4,3,1,2,4,3,1,2,4
"178",178,-0.5,1.25,-0.75,-1,-0.00036819999999993,-0.00292530000000002,-0.000115100000000146,3,1,2,4,3,2,1,4,3,2,1,4,3,1,2,4
"179",179,-0.5,1.25,-0.75,1,-0.000808799999999943,0.00178149999999999,5.50000000010265e-06,3,1,2,4,3,2,1,4,3,2,1,4,3,1,2,4
"180",180,-0.5,1.25,-0.75,1.5,-0.000869899999999868,0.00539480000000003,0.000117700000000109,4,1,2,3,4,2,1,3,3,2,1,4,4,1,2,3
"181",181,-0.5,1.25,-0.2,-1.5,-0.000320200000000104,0.00512199999999996,-2.42999999999771e-05,3,1,2,4,3,1,2,4,3,1,2,4,3,1,2,4
"182",182,-0.5,1.25,-0.2,-1,-0.000346199999999963,-0.00281360000000008,9.76999999998673e-05,3,1,2,4,3,2,1,4,3,2,1,4,3,1,2,4
"183",183,-0.5,1.25,-0.2,1,-0.000785600000000053,0.00163150000000001,7.59000000000176e-05,3,1,2,4,3,2,1,4,3,2,1,4,3,1,2,4
"184",184,-0.5,1.25,-0.2,1.5,-0.00070250000000005,0.00532340000000009,8.04000000000915e-05,4,1,2,3,4,2,1,3,3,2,1,4,4,1,2,3
"185",185,-0.5,1.25,0.2,-1.5,-9.11000000000106e-05,0.00509280000000012,1.23000000000761e-05,3,1,2,4,3,1,2,4,3,1,2,4,3,1,2,4
"186",186,-0.5,1.25,0.2,-1,-0.000501399999999985,-0.00277320000000003,0.000108099999999944,3,1,2,4,3,2,1,4,3,2,1,4,3,1,2,4
"187",187,-0.5,1.25,0.2,1,-0.00067880000000009,0.00182570000000004,0.000202499999999994,3,1,2,4,3,2,1,4,3,2,1,4,3,1,2,4
"188",188,-0.5,1.25,0.2,1.5,-0.000749999999999917,0.00516120000000009,5.39999999999985e-05,4,1,2,3,4,2,1,3,3,2,1,4,4,1,2,3
"189",189,-0.5,1.25,0.75,-1.5,-0.0001637000000001,0.00509979999999999,-6.99999999964618e-07,3,1,2,4,3,1,2,4,3,1,2,4,3,1,2,4
"190",190,-0.5,1.25,0.75,-1,-0.00048999999999999,-0.00271650000000001,0.000346300000000022,3,1,2,4,3,2,1,4,3,2,1,4,3,1,2,4
"191",191,-0.5,1.25,0.75,1,-0.000935400000000031,0.00166820000000001,-0.000147899999999979,3,1,2,4,3,2,1,4,3,2,1,4,3,1,2,4
"192",192,-0.5,1.25,0.75,1.5,-0.000717600000000096,0.00525739999999986,0.000110999999999861,4,1,2,3,4,2,1,3,3,2,1,4,4,1,2,3
"193",193,0.5,-1.25,-0.75,-1.5,NA,NA,NA,NA,NA,NA,1,NA,NA,NA,1,NA,NA,NA,1,3,1,2,4
"194",194,0.5,-1.25,-0.75,-1,NA,NA,NA,NA,NA,NA,1,NA,NA,NA,1,NA,NA,NA,1,3,1,2,4
"195",195,0.5,-1.25,-0.75,1,NA,NA,NA,NA,NA,NA,1,NA,NA,NA,1,NA,NA,NA,1,3,1,2,4
"196",196,0.5,-1.25,-0.75,1.5,NA,NA,NA,NA,NA,NA,1,NA,NA,NA,1,NA,NA,NA,1,3,1,2,4
"197",197,0.5,-1.25,-0.2,-1.5,0.00153639999999999,-0.0791637000000001,1.05000000000244e-05,3,1,2,4,3,2,1,4,3,2,1,4,3,1,2,4
"198",198,0.5,-1.25,-0.2,-1,0.00235730000000001,-0.0517976,-3.81000000000409e-05,3,1,2,4,3,1,2,4,3,1,2,4,3,1,2,4
"199",199,0.5,-1.25,-0.2,1,0.00295519999999994,0.0166027999999999,-3.69999999999537e-05,3,1,2,4,3,1,2,4,3,1,2,4,3,1,2,4
"200",200,0.5,-1.25,-0.2,1.5,0.00285609999999992,0.0216478999999999,-5.8400000000014e-05,3,1,2,4,3,1,2,4,3,1,2,4,3,1,2,4
"201",201,0.5,-1.25,0.2,-1.5,0.00148549999999992,-0.0791905000000001,-2.59999999996374e-06,3,1,2,4,3,2,1,4,3,2,1,4,3,1,2,4
"202",202,0.5,-1.25,0.2,-1,0.00230300000000006,-0.0518110000000001,-5.30000000000808e-05,3,1,2,4,3,1,2,4,3,1,2,4,3,1,2,4
"203",203,0.5,-1.25,0.2,1,0.00291079999999988,0.0165949999999999,-4.88999999999074e-05,3,1,2,4,3,1,2,4,3,1,2,4,3,1,2,4
"204",204,0.5,-1.25,0.2,1.5,0.00280259999999999,0.0216413,-7.04999999999734e-05,3,1,2,4,3,1,2,4,3,1,2,4,3,1,2,4
"205",205,0.5,-1.25,0.75,-1.5,0.00157389999999991,-0.0791871,1.10000000000943e-05,3,1,2,4,3,2,1,4,3,2,1,4,3,1,2,4
"206",206,0.5,-1.25,0.75,-1,0.00234199999999996,-0.0518021000000001,-3.50000000001183e-05,3,1,2,4,3,1,2,4,3,1,2,4,3,1,2,4
"207",207,0.5,-1.25,0.75,1,0.00291799999999998,0.0165753999999999,-3.96999999999759e-05,3,1,2,4,3,1,2,4,3,1,2,4,3,1,2,4
"208",208,0.5,-1.25,0.75,1.5,0.0027782999999999,0.0216242,-6.13999999999892e-05,3,1,2,4,3,1,2,4,3,1,2,4,3,1,2,4
"209",209,0.5,-0.5,-0.75,-1.5,NA,NA,NA,NA,NA,NA,1,NA,NA,NA,1,NA,NA,NA,1,3,1,2,4
"210",210,0.5,-0.5,-0.75,-1,NA,NA,NA,NA,NA,NA,1,NA,NA,NA,1,NA,NA,NA,1,3,1,2,4
"211",211,0.5,-0.5,-0.75,1,NA,NA,NA,NA,NA,NA,1,NA,NA,NA,1,NA,NA,NA,1,2,1,3,4
"212",212,0.5,-0.5,-0.75,1.5,NA,NA,NA,NA,NA,NA,1,NA,NA,NA,1,NA,NA,NA,1,2,1,3,4
"213",213,0.5,-0.5,-0.2,-1.5,0.00132280000000007,-0.0577348,9.80000000005976e-06,3,1,2,4,3,2,1,4,3,2,1,4,3,1,2,4
"214",214,0.5,-0.5,-0.2,-1,0.0019844,-0.0403021,-0.000108600000000014,3,1,2,4,3,1,2,4,3,1,2,4,3,1,2,4
"215",215,0.5,-0.5,-0.2,1,0.00264570000000008,0.0126611999999999,-1.00000000000655e-05,2,1,3,4,3,1,2,4,3,1,2,4,2,1,3,4
"216",216,0.5,-0.5,-0.2,1.5,0.00264780000000009,0.0170228,-3.45000000000484e-05,2,1,3,4,3,1,2,4,3,1,2,4,2,1,3,4
"217",217,0.5,-0.5,0.2,-1.5,0.00125659999999994,-0.0577584,1.40000000004026e-06,3,1,2,4,3,2,1,4,3,2,1,4,3,1,2,4
"218",218,0.5,-0.5,0.2,-1,0.00190250000000003,-0.0403191000000001,-0.000123300000000048,3,1,2,4,3,1,2,4,3,1,2,4,3,1,2,4
"219",219,0.5,-0.5,0.2,1,0.00262260000000014,0.0126521999999999,-2.22000000000833e-05,2,1,3,4,3,1,2,4,3,1,2,4,2,1,3,4
"220",220,0.5,-0.5,0.2,1.5,0.00261719999999999,0.0170149999999999,-4.66000000001188e-05,2,1,3,4,3,1,2,4,3,1,2,4,2,1,3,4
"221",221,0.5,-0.5,0.75,-1.5,0.00134579999999995,-0.0577598,9.09999999998412e-06,3,1,2,4,3,2,1,4,3,2,1,4,3,1,2,4
"222",222,0.5,-0.5,0.75,-1,0.00193360000000009,-0.0403182999999999,-0.000110799999999966,3,1,2,4,3,1,2,4,3,1,2,4,3,1,2,4
"223",223,0.5,-0.5,0.75,1,0.00261169999999999,0.0126343999999999,-1.32999999999939e-05,3,1,2,4,3,1,2,4,3,1,2,4,2,1,3,4
"224",224,0.5,-0.5,0.75,1.5,0.00260040000000006,0.0169961999999999,-3.80000000000935e-05,3,1,2,4,3,1,2,4,3,1,2,4,2,1,3,4
"225",225,0.5,-0.25,-0.75,-1.5,NA,NA,NA,NA,NA,NA,1,NA,NA,NA,1,NA,NA,NA,1,3,1,2,4
"226",226,0.5,-0.25,-0.75,-1,NA,NA,NA,NA,NA,NA,1,NA,NA,NA,1,NA,NA,NA,1,3,1,2,4
"227",227,0.5,-0.25,-0.75,1,NA,NA,NA,NA,NA,NA,1,NA,NA,NA,1,NA,NA,NA,1,2,1,3,4
"228",228,0.5,-0.25,-0.75,1.5,NA,NA,NA,NA,NA,NA,1,NA,NA,NA,1,NA,NA,NA,1,2,1,3,4
"229",229,0.5,-0.25,-0.2,-1.5,0.00126859999999995,-0.0475238,2.50000000000528e-05,3,1,2,4,3,2,1,4,3,2,1,4,3,1,2,4
"230",230,0.5,-0.25,-0.2,-1,0.00194869999999991,-0.0346524,7.58000000000703e-05,3,1,2,4,3,1,2,4,3,1,2,4,3,1,2,4
"231",231,0.5,-0.25,-0.2,1,0.00266499999999992,0.0113878999999999,-3.05000000000444e-05,2,1,3,4,3,1,2,4,3,1,2,4,2,1,3,4
"232",232,0.5,-0.25,-0.2,1.5,0.00268190000000013,0.015696,-3.77000000000294e-05,2,1,3,4,3,1,2,4,3,1,2,4,2,1,3,4
"233",233,0.5,-0.25,0.2,-1.5,0.00118949999999995,-0.0475479,1.72000000000505e-05,3,1,2,4,3,2,1,4,3,2,1,4,3,1,2,4
"234",234,0.5,-0.25,0.2,-1,0.00184220000000002,-0.0346751,5.93000000000954e-05,3,1,2,4,3,1,2,4,3,1,2,4,3,1,2,4
"235",235,0.5,-0.25,0.2,1,0.00263099999999994,0.0113768,-4.26000000000037e-05,2,1,3,4,3,1,2,4,3,1,2,4,2,1,3,4
"236",236,0.5,-0.25,0.2,1.5,0.00264129999999996,0.0156862000000001,-4.97000000000414e-05,2,1,3,4,3,1,2,4,3,1,2,4,2,1,3,4
"237",237,0.5,-0.25,0.75,-1.5,0.0013166,-0.0475475,2.37000000000709e-05,3,1,2,4,3,2,1,4,3,2,1,4,3,1,2,4
"238",238,0.5,-0.25,0.75,-1,0.00188889999999997,-0.0346673000000001,6.9600000000003e-05,3,1,2,4,3,1,2,4,3,1,2,4,3,1,2,4
"239",239,0.5,-0.25,0.75,1,0.00264789999999993,0.0113646999999999,-3.41000000000369e-05,3,1,2,4,3,1,2,4,3,1,2,4,2,1,3,4
"240",240,0.5,-0.25,0.75,1.5,0.00265729999999997,0.0156743,-4.10000000000688e-05,3,1,2,4,3,1,2,4,3,1,2,4,2,1,3,4
"241",241,0.5,0.25,-0.75,-1.5,NA,NA,NA,NA,NA,NA,1,NA,NA,NA,1,NA,NA,NA,1,3,1,2,4
"242",242,0.5,0.25,-0.75,-1,NA,NA,NA,NA,NA,NA,1,NA,NA,NA,1,NA,NA,NA,1,3,1,2,4
"243",243,0.5,0.25,-0.75,1,NA,NA,NA,NA,NA,NA,1,NA,NA,NA,1,NA,NA,NA,1,2,1,3,4
"244",244,0.5,0.25,-0.75,1.5,NA,NA,NA,NA,NA,NA,1,NA,NA,NA,1,NA,NA,NA,1,2,1,3,4
"245",245,0.5,0.25,-0.2,-1.5,0.00114690000000006,-0.0266337000000001,3.10999999999506e-05,3,1,2,4,3,2,1,4,3,2,1,4,3,1,2,4
"246",246,0.5,0.25,-0.2,-1,0.00175019999999981,-0.0228526000000001,-2.69000000000519e-05,3,1,2,4,3,1,2,4,3,1,2,4,3,1,2,4
"247",247,0.5,0.25,-0.2,1,0.00249520000000003,0.0085405999999999,-3.45999999999957e-05,2,1,3,4,3,1,2,4,3,1,2,4,2,1,3,4
"248",248,0.5,0.25,-0.2,1.5,0.00244759999999988,0.0126721999999999,4.41999999999387e-05,2,1,3,4,3,1,2,4,3,1,2,4,2,1,3,4
"249",249,0.5,0.25,0.2,-1.5,0.00104530000000014,-0.0266705,1.34999999999996e-05,3,1,2,4,3,2,1,4,3,2,1,4,3,1,2,4
"250",250,0.5,0.25,0.2,-1,0.00166459999999991,-0.0228719000000001,-3.81000000000409e-05,3,1,2,4,3,1,2,4,3,1,2,4,3,1,2,4
"251",251,0.5,0.25,0.2,1,0.00250670000000008,0.00853780000000004,-1.1199999999989e-05,2,1,3,4,3,1,2,4,3,1,2,4,2,1,3,4
"252",252,0.5,0.25,0.2,1.5,0.00256279999999987,0.0125628000000001,-0.000157700000000038,2,1,3,4,3,1,2,4,3,1,2,4,2,1,3,4
"253",253,0.5,0.25,0.75,-1.5,0.00115770000000004,-0.0266732000000001,2.82999999999811e-05,3,1,2,4,3,2,1,4,3,2,1,4,3,1,2,4
"254",254,0.5,0.25,0.75,-1,0.00173179999999984,-0.0228711,-2.95000000000156e-05,3,1,2,4,3,1,2,4,3,1,2,4,3,1,2,4
"255",255,0.5,0.25,0.75,1,0.00237589999999999,0.00850580000000012,1.24000000000235e-05,3,1,2,4,3,1,2,4,3,1,2,4,2,1,3,4
"256",256,0.5,0.25,0.75,1.5,0.00253590000000004,0.0125891000000001,-4.26999999998401e-05,3,1,2,4,3,1,2,4,3,1,2,4,2,1,3,4
"257",257,0.5,0.5,-0.75,-1.5,NA,NA,NA,NA,NA,NA,1,NA,NA,NA,1,NA,NA,NA,1,3,1,2,4
"258",258,0.5,0.5,-0.75,-1,NA,NA,NA,NA,NA,NA,1,NA,NA,NA,1,NA,NA,NA,1,3,1,2,4
"259",259,0.5,0.5,-0.75,1,NA,NA,NA,NA,NA,NA,1,NA,NA,NA,1,NA,NA,NA,1,2,1,3,4
"260",260,0.5,0.5,-0.75,1.5,NA,NA,NA,NA,NA,NA,1,NA,NA,NA,1,NA,NA,NA,1,2,1,3,4
"261",261,0.5,0.5,-0.2,-1.5,0.000987799999999983,-0.0172052,-0.000102000000000046,3,1,2,4,3,2,1,4,3,2,1,4,3,1,2,4
"262",262,0.5,0.5,-0.2,-1,0.00163039999999992,-0.0169459,-1.33999999999412e-05,3,1,2,4,3,1,2,4,3,1,2,4,3,1,2,4
"263",263,0.5,0.5,-0.2,1,0.00239,0.00715639999999995,6.65999999999167e-05,2,1,3,4,3,1,2,4,3,1,2,4,2,1,3,4
"264",264,0.5,0.5,-0.2,1.5,0.00255139999999987,0.011186,1.6800000000039e-05,2,1,3,4,3,1,2,4,3,1,2,4,2,1,3,4
"265",265,0.5,0.5,0.2,-1.5,0.000899900000000065,-0.0172378999999999,-0.000117299999999987,3,1,2,4,3,2,1,4,3,2,1,4,3,1,2,4
"266",266,0.5,0.5,0.2,-1,0.00154600000000005,-0.0169678,-2.40999999999714e-05,3,1,2,4,3,1,2,4,3,1,2,4,3,1,2,4
"267",267,0.5,0.5,0.2,1,0.00243190000000004,0.0070692,-2.80999999999754e-05,2,1,3,4,3,1,2,4,3,1,2,4,2,1,3,4
"268",268,0.5,0.5,0.2,1.5,0.00260859999999985,0.0111589000000001,4.42000000000498e-05,2,1,3,4,3,1,2,4,3,1,2,4,2,1,3,4
"269",269,0.5,0.5,0.75,-1.5,0.000976100000000146,-0.0172331,-9.80999999999899e-05,3,1,2,4,3,2,1,4,3,2,1,4,3,1,2,4
"270",270,0.5,0.5,0.75,-1,0.00158970000000003,-0.0169549,-9.09999999998412e-06,3,1,2,4,3,1,2,4,3,1,2,4,3,1,2,4
"271",271,0.5,0.5,0.75,1,0.00251629999999992,0.00717979999999996,9.70000000000137e-05,3,1,2,4,3,1,2,4,3,1,2,4,2,1,3,4
"272",272,0.5,0.5,0.75,1.5,0.00262280000000004,0.0111518999999999,0.000177800000000006,3,1,2,4,3,1,2,4,3,1,2,4,2,1,3,4
"273",273,0.5,1.25,-0.75,-1.5,NA,NA,NA,NA,NA,NA,1,NA,NA,NA,1,NA,NA,NA,1,3,1,2,4
"274",274,0.5,1.25,-0.75,-1,NA,NA,NA,NA,NA,NA,1,NA,NA,NA,1,NA,NA,NA,1,3,1,2,4
"275",275,0.5,1.25,-0.75,1,NA,NA,NA,NA,NA,NA,1,NA,NA,NA,1,NA,NA,NA,1,2,1,3,4
"276",276,0.5,1.25,-0.75,1.5,NA,NA,NA,NA,NA,NA,1,NA,NA,NA,1,NA,NA,NA,1,2,1,3,4
"277",277,0.5,1.25,-0.2,-1.5,0.000711499999999976,0.00516660000000002,-5.71000000000321e-05,3,1,2,4,3,2,1,4,3,2,1,4,3,1,2,4
"278",278,0.5,1.25,-0.2,-1,0.00136829999999999,-0.00174319999999994,-1.77999999999567e-05,3,1,2,4,3,1,2,4,3,1,2,4,3,1,2,4
"279",279,0.5,1.25,-0.2,1,0.00233260000000002,0.00293650000000001,-0.000238700000000036,2,1,3,4,3,1,2,4,3,1,2,4,2,1,3,4
"280",280,0.5,1.25,-0.2,1.5,0.00207999999999997,0.00676409999999994,8.01000000000274e-05,2,1,3,4,3,1,2,4,3,1,2,4,2,1,3,4
"281",281,0.5,1.25,0.2,-1.5,0.00061509999999998,0.00514400000000004,-6.82000000000738e-05,3,1,2,4,3,2,1,4,3,2,1,4,3,1,2,4
"282",282,0.5,1.25,0.2,-1,0.00138930000000004,-0.00175399999999992,-2.57999999999647e-05,3,1,2,4,3,1,2,4,3,1,2,4,3,1,2,4
"283",283,0.5,1.25,0.2,1,0.00218099999999999,0.00305949999999999,-0.000258399999999992,2,1,3,4,3,1,2,4,3,1,2,4,2,1,3,4
"284",284,0.5,1.25,0.2,1.5,0.00227440000000012,0.00670330000000008,0.000189600000000012,2,1,3,4,3,1,2,4,3,1,2,4,2,1,3,4
"285",285,0.5,1.25,0.75,-1.5,0.00070530000000002,0.00514150000000002,-5.3600000000098e-05,3,1,2,4,3,2,1,4,3,2,1,4,3,1,2,4
"286",286,0.5,1.25,0.75,-1,0.00138589999999994,-0.00181490000000006,6.67999999999225e-05,3,1,2,4,3,1,2,4,3,1,2,4,3,1,2,4
"287",287,0.5,1.25,0.75,1,0.00221869999999991,0.00302740000000012,-0.000132799999999933,3,1,2,4,3,1,2,4,3,1,2,4,2,1,3,4
"288",288,0.5,1.25,0.75,1.5,0.00221720000000014,0.00669319999999984,8.16999999999624e-05,3,1,2,4,3,1,2,4,3,1,2,4,2,1,3,4
"289",289,1.5,-1.25,-0.75,-1.5,NA,NA,NA,NA,NA,NA,1,NA,NA,NA,1,NA,NA,NA,1,3,1,2,4
"290",290,1.5,-1.25,-0.75,-1,NA,NA,NA,NA,NA,NA,1,NA,NA,NA,1,NA,NA,NA,1,3,1,2,4
"291",291,1.5,-1.25,-0.75,1,NA,NA,NA,NA,NA,NA,1,NA,NA,NA,1,NA,NA,NA,1,2,1,3,4
"292",292,1.5,-1.25,-0.75,1.5,NA,NA,NA,NA,NA,NA,1,NA,NA,NA,1,NA,NA,NA,1,2,1,3,4
"293",293,1.5,-1.25,-0.2,-1.5,0.00504780000000005,-0.0772721999999999,6.80000000008452e-06,3,1,2,4,3,2,1,4,3,2,1,4,3,1,2,4
"294",294,1.5,-1.25,-0.2,-1,0.00786129999999996,-0.0490118000000002,-4.15000000000276e-05,3,1,2,4,3,1,2,4,3,1,2,4,3,1,2,4
"295",295,1.5,-1.25,-0.2,1,0.00986589999999987,0.0198046999999999,-4.05999999999462e-05,2,1,3,4,3,1,2,4,3,1,2,4,2,1,3,4
"296",296,1.5,-1.25,-0.2,1.5,0.00962419999999997,0.0248484,-6.20000000000065e-05,2,1,3,4,3,1,2,4,3,1,2,4,2,1,3,4
"297",297,1.5,-1.25,0.2,-1.5,0.00501609999999997,-0.0772565,1.78000000000678e-05,3,1,2,4,3,2,1,4,3,2,1,4,3,1,2,4
"298",298,1.5,-1.25,0.2,-1,0.00780530000000002,-0.0490099000000001,-2.99999999999745e-05,3,1,2,4,3,1,2,4,3,1,2,4,3,1,2,4
"299",299,1.5,-1.25,0.2,1,0.00984729999999989,0.0198150999999999,-2.65999999999877e-05,2,1,3,4,3,1,2,4,3,1,2,4,2,1,3,4
"300",300,1.5,-1.25,0.2,1.5,0.00960740000000004,0.0248592999999999,-4.79000000001006e-05,2,1,3,4,3,1,2,4,3,1,2,4,2,1,3,4
"301",301,1.5,-1.25,0.75,-1.5,NA,NA,NA,NA,NA,NA,1,NA,NA,NA,1,NA,NA,NA,1,3,1,2,4
"302",302,1.5,-1.25,0.75,-1,NA,NA,NA,NA,NA,NA,1,NA,NA,NA,1,NA,NA,NA,1,3,1,2,4
"303",303,1.5,-1.25,0.75,1,NA,NA,NA,NA,NA,NA,1,NA,NA,NA,1,NA,NA,NA,1,2,1,3,4
"304",304,1.5,-1.25,0.75,1.5,NA,NA,NA,NA,NA,NA,1,NA,NA,NA,1,NA,NA,NA,1,2,1,3,4
"305",305,1.5,-0.5,-0.75,-1.5,NA,NA,NA,NA,NA,NA,1,NA,NA,NA,1,NA,NA,NA,1,3,1,2,4
"306",306,1.5,-0.5,-0.75,-1,NA,NA,NA,NA,NA,NA,1,NA,NA,NA,1,NA,NA,NA,1,2,1,3,4
"307",307,1.5,-0.5,-0.75,1,NA,NA,NA,NA,NA,NA,1,NA,NA,NA,1,NA,NA,NA,1,2,1,3,4
"308",308,1.5,-0.5,-0.75,1.5,NA,NA,NA,NA,NA,NA,1,NA,NA,NA,1,NA,NA,NA,1,2,1,3,4
"309",309,1.5,-0.5,-0.2,-1.5,0.00422539999999993,-0.0560657999999999,1.00000000000655e-05,3,1,2,4,3,2,1,4,3,2,1,4,3,1,2,4
"310",310,1.5,-0.5,-0.2,-1,0.00661029999999996,-0.0376938,-0.000113099999999977,2,1,3,4,3,1,2,4,3,1,2,4,2,1,3,4
"311",311,1.5,-0.5,-0.2,1,0.00889949999999995,0.0157491999999999,-1.39999999999585e-05,2,1,3,4,2,1,3,4,2,1,3,4,2,1,3,4
"312",312,1.5,-0.5,-0.2,1.5,0.00891240000000004,0.0201138,-3.81999999999882e-05,2,1,4,3,2,1,3,4,2,1,3,4,2,1,3,4
"313",313,1.5,-0.5,0.2,-1.5,0.00423549999999995,-0.0560506,2.27000000000421e-05,3,1,2,4,3,2,1,4,3,2,1,4,3,1,2,4
"314",314,1.5,-0.5,0.2,-1,0.00659140000000014,-0.0376907999999999,-9.98999999999306e-05,2,1,3,4,3,1,2,4,3,1,2,4,2,1,3,4
"315",315,1.5,-0.5,0.2,1,0.0088931000000001,0.0157605999999999,2.99999999953116e-07,2,1,3,4,2,1,3,4,2,1,3,4,2,1,3,4
"316",316,1.5,-0.5,0.2,1.5,0.00890610000000003,0.0201246999999999,-2.41000000000824e-05,2,1,3,4,2,1,3,4,2,1,3,4,2,1,3,4
"317",317,1.5,-0.5,0.75,-1.5,NA,NA,NA,NA,NA,NA,1,NA,NA,NA,1,NA,NA,NA,1,3,1,2,4
"318",318,1.5,-0.5,0.75,-1,NA,NA,NA,NA,NA,NA,1,NA,NA,NA,1,NA,NA,NA,1,2,1,3,4
"319",319,1.5,-0.5,0.75,1,NA,NA,NA,NA,NA,NA,1,NA,NA,NA,1,NA,NA,NA,1,2,1,3,4
"320",320,1.5,-0.5,0.75,1.5,NA,NA,NA,NA,NA,NA,1,NA,NA,NA,1,NA,NA,NA,1,2,1,3,4
"321",321,1.5,-0.25,-0.75,-1.5,NA,NA,NA,NA,NA,NA,1,NA,NA,NA,1,NA,NA,NA,1,3,1,2,4
"322",322,1.5,-0.25,-0.75,-1,NA,NA,NA,NA,NA,NA,1,NA,NA,NA,1,NA,NA,NA,1,2,1,3,4
"323",323,1.5,-0.25,-0.75,1,NA,NA,NA,NA,NA,NA,1,NA,NA,NA,1,NA,NA,NA,1,2,1,3,4
"324",324,1.5,-0.25,-0.75,1.5,NA,NA,NA,NA,NA,NA,1,NA,NA,NA,1,NA,NA,NA,1,2,1,3,4
"325",325,1.5,-0.25,-0.2,-1.5,0.0040330999999999,-0.0459495,2.8000000000028e-05,3,1,2,4,3,2,1,4,3,2,1,4,3,1,2,4
"326",326,1.5,-0.25,-0.2,-1,0.00636760000000003,-0.0321263000000001,7.09000000000959e-05,2,1,3,4,3,1,2,4,3,1,2,4,2,1,3,4
"327",327,1.5,-0.25,-0.2,1,0.0088589,0.0144053,-3.45999999999957e-05,2,1,3,4,2,1,3,4,2,1,3,4,2,1,3,4
"328",328,1.5,-0.25,-0.2,1.5,0.00891880000000012,0.0187173,-4.11999999999635e-05,2,1,4,3,2,1,3,4,2,1,3,4,2,1,3,4
"329",329,1.5,-0.25,0.2,-1.5,0.00402720000000001,-0.0459318999999999,4.19000000000391e-05,3,1,2,4,3,2,1,4,3,2,1,4,3,1,2,4
"330",330,1.5,-0.25,0.2,-1,0.00635049999999993,-0.0321216,8.39000000001366e-05,2,1,3,4,3,1,2,4,3,1,2,4,2,1,3,4
"331",331,1.5,-0.25,0.2,1,0.00884849999999993,0.0144183,-2.02999999999731e-05,2,1,3,4,2,1,3,4,2,1,3,4,2,1,3,4
"332",332,1.5,-0.25,0.2,1.5,0.0089144000000001,0.0187297000000001,-2.7200000000005e-05,2,1,3,4,2,1,3,4,2,1,3,4,2,1,3,4
"333",333,1.5,-0.25,0.75,-1.5,NA,NA,NA,NA,NA,NA,1,NA,NA,NA,1,NA,NA,NA,1,3,1,2,4
"334",334,1.5,-0.25,0.75,-1,NA,NA,NA,NA,NA,NA,1,NA,NA,NA,1,NA,NA,NA,1,2,1,3,4
"335",335,1.5,-0.25,0.75,1,NA,NA,NA,NA,NA,NA,1,NA,NA,NA,1,NA,NA,NA,1,2,1,3,4
"336",336,1.5,-0.25,0.75,1.5,NA,NA,NA,NA,NA,NA,1,NA,NA,NA,1,NA,NA,NA,1,2,1,4,3
"337",337,1.5,0.25,-0.75,-1.5,NA,NA,NA,NA,NA,NA,1,NA,NA,NA,1,NA,NA,NA,1,3,1,2,4
"338",338,1.5,0.25,-0.75,-1,NA,NA,NA,NA,NA,NA,1,NA,NA,NA,1,NA,NA,NA,1,2,1,3,4
"339",339,1.5,0.25,-0.75,1,NA,NA,NA,NA,NA,NA,1,NA,NA,NA,1,NA,NA,NA,1,2,1,3,4
"340",340,1.5,0.25,-0.75,1.5,NA,NA,NA,NA,NA,NA,1,NA,NA,NA,1,NA,NA,NA,1,2,1,4,3
"341",341,1.5,0.25,-0.2,-1.5,0.00355450000000002,-0.0253161000000001,1.9999999999909e-05,3,1,2,4,3,2,1,4,3,2,1,4,3,1,2,4
"342",342,1.5,0.25,-0.2,-1,0.00576099999999991,-0.0205543,-3.00000000000855e-05,2,1,3,4,3,1,2,4,2,1,3,4,2,1,3,4
"343",343,1.5,0.25,-0.2,1,0.00854420000000011,0.0112861,9.09999999999522e-05,2,1,3,4,2,1,3,4,2,1,3,4,2,1,3,4
"344",344,1.5,0.25,-0.2,1.5,0.00865009999999988,0.0153574999999999,-0.000189000000000106,2,1,4,3,2,1,3,4,2,1,3,4,2,1,4,3
"345",345,1.5,0.25,0.2,-1.5,0.00356650000000003,-0.0252963,3.46999999999431e-05,3,1,2,4,3,2,1,4,3,2,1,4,3,1,2,4
"346",346,1.5,0.25,0.2,-1,0.00575639999999988,-0.0205471000000002,-1.9200000000108e-05,2,1,3,4,3,1,2,4,2,1,3,4,2,1,3,4
"347",347,1.5,0.25,0.2,1,0.00863939999999996,0.0113583,-5.09999999998012e-06,2,1,3,4,2,1,3,4,2,1,3,4,2,1,3,4
"348",348,1.5,0.25,0.2,1.5,0.0085809,0.0154398,-6.68999999999809e-05,2,1,3,4,2,1,3,4,2,1,3,4,2,1,4,3
"349",349,1.5,0.25,0.75,-1.5,NA,NA,NA,NA,NA,NA,1,NA,NA,NA,1,NA,NA,NA,1,3,1,2,4
"350",350,1.5,0.25,0.75,-1,NA,NA,NA,NA,NA,NA,1,NA,NA,NA,1,NA,NA,NA,1,2,1,3,4
"351",351,1.5,0.25,0.75,1,NA,NA,NA,NA,NA,NA,1,NA,NA,NA,1,NA,NA,NA,1,2,1,3,4
"352",352,1.5,0.25,0.75,1.5,NA,NA,NA,NA,NA,NA,1,NA,NA,NA,1,NA,NA,NA,1,2,1,4,3
"353",353,1.5,0.5,-0.75,-1.5,NA,NA,NA,NA,NA,NA,1,NA,NA,NA,1,NA,NA,NA,1,3,1,2,4
"354",354,1.5,0.5,-0.75,-1,NA,NA,NA,NA,NA,NA,1,NA,NA,NA,1,NA,NA,NA,1,2,1,3,4
"355",355,1.5,0.5,-0.75,1,NA,NA,NA,NA,NA,NA,1,NA,NA,NA,1,NA,NA,NA,1,2,1,3,4
"356",356,1.5,0.5,-0.75,1.5,NA,NA,NA,NA,NA,NA,1,NA,NA,NA,1,NA,NA,NA,1,2,1,4,3
"357",357,1.5,0.5,-0.2,-1.5,0.00320280000000006,-0.0160199,-0.000109899999999996,3,1,2,4,3,2,1,4,3,2,1,4,3,1,2,4
"358",358,1.5,0.5,-0.2,-1,0.00542169999999997,-0.0147924,-1.67000000000916e-05,2,1,3,4,3,1,2,4,2,1,3,4,2,1,3,4
"359",359,1.5,0.5,-0.2,1,0.00817099999999993,0.00951930000000012,-6.06999999999136e-05,2,1,3,4,2,1,3,4,2,1,3,4,2,1,3,4
"360",360,1.5,0.5,-0.2,1.5,0.00836700000000012,0.0137553,2.44999999999829e-05,2,1,4,3,2,1,3,4,2,1,3,4,2,1,4,3
"361",361,1.5,0.5,0.2,-1.5,0.00321300000000002,-0.0159865,-8.88e-05,3,1,2,4,3,2,1,4,3,2,1,4,3,1,2,4
"362",362,1.5,0.5,0.2,-1,0.0054014,-0.0147828,-5.40000000004426e-06,2,1,3,4,3,1,2,4,2,1,3,4,2,1,3,4
"363",363,1.5,0.5,0.2,1,0.00820449999999995,0.00975020000000004,8.68000000000535e-05,2,1,3,4,2,1,3,4,2,1,3,4,2,1,3,4
"364",364,1.5,0.5,0.2,1.5,0.00847450000000005,0.0136802,-1.25999999999182e-05,2,1,3,4,2,1,3,4,2,1,3,4,2,1,4,3
"365",365,1.5,0.5,0.75,-1.5,NA,NA,NA,NA,NA,NA,1,NA,NA,NA,1,NA,NA,NA,1,3,1,2,4
"366",366,1.5,0.5,0.75,-1,NA,NA,NA,NA,NA,NA,1,NA,NA,NA,1,NA,NA,NA,1,2,1,3,4
"367",367,1.5,0.5,0.75,1,NA,NA,NA,NA,NA,NA,1,NA,NA,NA,1,NA,NA,NA,1,2,1,3,4
"368",368,1.5,0.5,0.75,1.5,NA,NA,NA,NA,NA,NA,1,NA,NA,NA,1,NA,NA,NA,1,2,1,4,3
"369",369,1.5,1.25,-0.75,-1.5,NA,NA,NA,NA,NA,NA,1,NA,NA,NA,1,NA,NA,NA,1,3,1,2,4
"370",370,1.5,1.25,-0.75,-1,NA,NA,NA,NA,NA,NA,1,NA,NA,NA,1,NA,NA,NA,1,2,1,3,4
"371",371,1.5,1.25,-0.75,1,NA,NA,NA,NA,NA,NA,1,NA,NA,NA,1,NA,NA,NA,1,2,1,3,4
"372",372,1.5,1.25,-0.75,1.5,NA,NA,NA,NA,NA,NA,1,NA,NA,NA,1,NA,NA,NA,1,2,1,4,3
"373",373,1.5,1.25,-0.2,-1.5,0.00232620000000006,0.00592229999999994,-5.91000000000896e-05,3,1,2,4,3,2,1,4,3,2,1,4,3,1,2,4
"374",374,1.5,1.25,-0.2,-1,0.00420779999999987,-0.000277500000000153,-0.000242200000000081,2,1,3,4,2,1,3,4,2,1,3,4,2,1,3,4
"375",375,1.5,1.25,-0.2,1,0.0071675000000001,0.00522750000000005,0.00013390000000002,2,1,3,4,2,1,3,4,2,1,3,4,2,1,3,4
"376",376,1.5,1.25,-0.2,1.5,0.00735830000000004,0.00897339999999991,0.000170200000000009,2,1,4,3,2,1,3,4,2,1,3,4,2,1,4,3
"377",377,1.5,1.25,0.2,-1.5,0.00231929999999991,0.00596770000000002,-2.94000000000683e-05,3,1,2,4,3,2,1,4,3,2,1,4,3,1,2,4
"378",378,1.5,1.25,0.2,-1,0.00424729999999995,-0.000279400000000041,-0.000258300000000045,2,1,3,4,2,1,3,4,2,1,3,4,2,1,3,4
"379",379,1.5,1.25,0.2,1,0.00720639999999984,0.0051867000000001,7.96000000000685e-05,2,1,3,4,2,1,3,4,2,1,3,4,2,1,3,4
"380",380,1.5,1.25,0.2,1.5,0.00721289999999997,0.00882659999999991,6.05000000000189e-05,2,1,3,4,2,1,3,4,2,1,3,4,2,1,4,3
"381",381,1.5,1.25,0.75,-1.5,NA,NA,NA,NA,NA,NA,1,NA,NA,NA,1,NA,NA,NA,1,3,1,2,4
"382",382,1.5,1.25,0.75,-1,NA,NA,NA,NA,NA,NA,1,NA,NA,NA,1,NA,NA,NA,1,2,1,3,4
"383",383,1.5,1.25,0.75,1,NA,NA,NA,NA,NA,NA,1,NA,NA,NA,1,NA,NA,NA,1,2,1,3,4
"384",384,1.5,1.25,0.75,1.5,NA,NA,NA,NA,NA,NA,1,NA,NA,NA,1,NA,NA,NA,1,2,1,4,3
"385",1,-1.5,-0.75,-0.75,-1.5,0.00146030000000019,-0.0665102,-7.5999999999965e-05,3,1,2,4,3,1,2,4,3,1,2,4,3,1,2,4
"386",2,-1.5,-0.75,-0.75,-1,0.0021933999999999,-0.0450361000000001,-7.65000000000349e-05,3,1,2,4,3,1,2,4,3,1,2,4,3,1,2,4
"387",3,-1.5,-0.75,-0.75,1,0.0027334,0.0138527000000001,2.94000000000683e-05,4,1,2,3,4,2,1,3,4,2,1,3,4,1,2,3
"388",4,-1.5,-0.75,-0.75,1.5,0.00271279999999996,0.0183171000000001,2.71000000000576e-05,4,1,2,3,4,2,1,3,4,2,1,3,4,1,2,3
"389",5,-1.5,-0.75,-0.2,-1.5,0.00146760000000012,-0.0665338999999999,-6.76999999998928e-05,3,1,2,4,3,1,2,4,3,1,2,4,3,1,2,4
"390",6,-1.5,-0.75,-0.2,-1,0.00213479999999988,-0.0450266000000001,-6.13000000000419e-05,3,1,2,4,3,1,2,4,3,1,2,4,3,1,2,4
"391",7,-1.5,-0.75,-0.2,1,0.00267799999999996,0.013864,3.85000000000524e-05,4,1,2,3,4,2,1,3,4,2,1,3,4,1,2,3
"392",8,-1.5,-0.75,-0.2,1.5,0.00267459999999997,0.0183277000000002,3.57000000000829e-05,4,1,2,3,4,2,1,3,4,2,1,3,4,1,2,3
"393",9,-1.5,-0.75,0.2,-1.5,0.00142900000000012,-0.0665207999999999,-7.84999999999814e-05,3,1,2,4,3,1,2,4,3,1,2,4,3,1,2,4
"394",10,-1.5,-0.75,0.2,-1,0.00212249999999992,-0.0450295000000001,-7.80000000000225e-05,3,1,2,4,3,1,2,4,3,1,2,4,3,1,2,4
"395",11,-1.5,-0.75,0.2,1,0.00269180000000002,0.0138614,2.63000000000346e-05,4,1,2,3,4,2,1,3,4,2,1,3,4,1,2,3
"396",12,-1.5,-0.75,0.2,1.5,0.00268679999999999,0.0183254000000002,2.37000000000709e-05,4,1,2,3,4,2,1,3,4,2,1,3,4,1,2,3
"397",13,-1.5,-0.75,0.75,-1.5,NA,NA,NA,NA,NA,NA,1,NA,NA,NA,1,NA,NA,NA,1,3,1,2,4
"398",14,-1.5,-0.75,0.75,-1,NA,NA,NA,NA,NA,NA,1,NA,NA,NA,1,NA,NA,NA,1,3,1,2,4
"399",15,-1.5,-0.75,0.75,1,NA,NA,NA,NA,NA,NA,1,NA,NA,NA,1,NA,NA,NA,1,4,1,2,3
"400",16,-1.5,-0.75,0.75,1.5,NA,NA,NA,NA,NA,NA,1,NA,NA,NA,1,NA,NA,NA,1,4,1,2,3
"401",17,-1.5,0.75,-0.75,-1.5,0.000956699999999922,-0.00774810000000004,-4.21000000001559e-05,3,1,2,4,3,1,2,4,3,1,2,4,3,1,2,4
"402",18,-1.5,0.75,-0.75,-1,0.00159740000000008,-0.0112986,-0.000130699999999928,3,1,2,4,3,1,2,4,3,1,2,4,3,1,2,4
"403",19,-1.5,0.75,-0.75,1,0.00222820000000001,0.0056619,0.000179099999999988,4,1,2,3,4,2,1,3,3,2,1,4,4,1,2,3
"404",20,-1.5,0.75,-0.75,1.5,0.00247000000000008,0.00958540000000008,2.73000000000634e-05,4,1,2,3,4,2,1,3,4,2,1,3,4,1,2,3
"405",21,-1.5,0.75,-0.2,-1.5,0.000989199999999912,-0.00775340000000002,-1.58000000001213e-05,3,1,2,4,3,1,2,4,3,1,2,4,3,1,2,4
"406",22,-1.5,0.75,-0.2,-1,0.0015887,-0.011297,-0.000120099999999956,3,1,2,4,3,1,2,4,3,1,2,4,3,1,2,4
"407",23,-1.5,0.75,-0.2,1,0.0024438,0.00576760000000009,9.02000000000402e-05,4,1,2,3,4,2,1,3,4,2,1,3,4,1,2,3
"408",24,-1.5,0.75,-0.2,1.5,0.00244759999999988,0.00958989999999982,3.07999999998865e-05,4,1,2,3,4,2,1,3,4,2,1,3,4,1,2,3
"409",25,-1.5,0.75,0.2,-1.5,0.000924299999999989,-0.00773590000000002,-3.22000000001488e-05,3,1,2,4,3,1,2,4,3,1,2,4,3,1,2,4
"410",26,-1.5,0.75,0.2,-1,0.00154890000000008,-0.01128,-0.000130299999999917,3,1,2,4,3,1,2,4,3,1,2,4,3,1,2,4
"411",27,-1.5,0.75,0.2,1,0.00232840000000012,0.00572839999999986,-5.24000000001745e-05,4,1,2,3,4,2,1,3,3,2,1,4,4,1,2,3
"412",28,-1.5,0.75,0.2,1.5,0.00210490000000008,0.00967889999999993,0.000102099999999883,4,1,2,3,4,2,1,3,4,2,1,3,4,1,2,3
"413",29,-1.5,0.75,0.75,-1.5,NA,NA,NA,NA,NA,NA,1,NA,NA,NA,1,NA,NA,NA,1,3,1,2,4
"414",30,-1.5,0.75,0.75,-1,NA,NA,NA,NA,NA,NA,1,NA,NA,NA,1,NA,NA,NA,1,3,1,2,4
"415",31,-1.5,0.75,0.75,1,NA,NA,NA,NA,NA,NA,1,NA,NA,NA,1,NA,NA,NA,1,4,1,2,3
"416",32,-1.5,0.75,0.75,1.5,NA,NA,NA,NA,NA,NA,1,NA,NA,NA,1,NA,NA,NA,1,4,1,2,3
"417",33,-0.5,-0.75,-0.75,-1.5,-0.000369399999999853,-0.0677966999999999,-3.39999999999785e-05,3,1,2,4,3,1,2,4,3,1,2,4,3,1,2,4
"418",34,-0.5,-0.75,-0.75,-1,-0.000701300000000127,-0.0465919000000001,-3.72000000000705e-05,3,1,2,4,3,1,2,4,3,1,2,4,3,1,2,4
"419",35,-0.5,-0.75,-0.75,1,-0.000965600000000011,0.0120556000000001,7.37000000000654e-05,3,1,2,4,3,2,1,4,3,2,1,4,3,1,2,4
"420",36,-0.5,-0.75,-0.75,1.5,-0.00096660000000004,0.0165166000000001,7.09999999999322e-05,3,1,2,4,3,2,1,4,3,2,1,4,3,1,2,4
"421",37,-0.5,-0.75,-0.2,-1.5,-0.000443999999999889,-0.0678059999999999,-5.36999999999344e-05,3,1,2,4,3,1,2,4,3,1,2,4,3,1,2,4
"422",38,-0.5,-0.75,-0.2,-1,-0.000706100000000154,-0.0466211000000001,-6.45000000000229e-05,3,1,2,4,3,1,2,4,3,1,2,4,3,1,2,4
"423",39,-0.5,-0.75,-0.2,1,-0.000940900000000022,0.0120254,5.2000000000052e-05,3,1,2,4,3,2,1,4,3,2,1,4,3,1,2,4
"424",40,-0.5,-0.75,-0.2,1.5,-0.000930900000000068,0.0164867000000001,4.93999999999772e-05,3,1,2,4,3,2,1,4,3,2,1,4,3,1,2,4
"425",41,-0.5,-0.75,0.2,-1.5,-0.000276899999999913,-0.0677589999999999,-7.69999999994386e-06,3,1,2,4,3,1,2,4,3,1,2,4,3,1,2,4
"426",42,-0.5,-0.75,0.2,-1,-0.000580400000000147,-0.0465816,-1.32999999999939e-05,3,1,2,4,3,1,2,4,3,1,2,4,3,1,2,4
"427",43,-0.5,-0.75,0.2,1,-0.000869600000000026,0.0120666,8.90000000001168e-05,3,1,2,4,3,2,1,4,3,2,1,4,3,1,2,4
"428",44,-0.5,-0.75,0.2,1.5,-0.000856900000000049,0.0165279,8.59999999999195e-05,3,1,2,4,3,2,1,4,3,2,1,4,3,1,2,4
"429",45,-0.5,-0.75,0.75,-1.5,-0.000351499999999949,-0.0677682999999999,-2.73999999998997e-05,3,1,2,4,3,1,2,4,3,1,2,4,3,1,2,4
"430",46,-0.5,-0.75,0.75,-1,-0.000585200000000063,-0.0466108000000001,-4.06000000000573e-05,3,1,2,4,3,1,2,4,3,1,2,4,3,1,2,4
"431",47,-0.5,-0.75,0.75,1,-0.000844899999999926,0.0120364000000001,6.73000000001034e-05,3,1,2,4,3,2,1,4,3,2,1,4,3,1,2,4
"432",48,-0.5,-0.75,0.75,1.5,-0.000821200000000077,0.0164980000000001,6.43999999999645e-05,3,1,2,4,3,2,1,4,3,2,1,4,3,1,2,4
"433",49,-0.5,0.75,-0.75,-1.5,-0.000292400000000081,-0.00910540000000004,3.99999999989298e-06,3,1,2,4,3,1,2,4,3,1,2,4,3,1,2,4
"434",50,-0.5,0.75,-0.75,-1,-0.000572899999999987,-0.0126434000000001,-9.70000000000137e-05,3,1,2,4,3,2,1,4,3,2,1,4,3,1,2,4
"435",51,-0.5,0.75,-0.75,1,-0.000897700000000112,0.00415729999999992,-4.44000000000555e-05,3,1,2,4,3,2,1,4,3,2,1,4,3,1,2,4
"436",52,-0.5,0.75,-0.75,1.5,-0.00101540000000011,0.00801950000000007,-0.000144199999999928,4,1,2,3,4,2,1,3,3,2,1,4,4,1,2,3
"437",53,-0.5,0.75,-0.2,-1.5,-0.000344100000000069,-0.00910869999999997,-2.4000000000024e-05,3,1,2,4,3,1,2,4,3,1,2,4,3,1,2,4
"438",54,-0.5,0.75,-0.2,-1,-0.000565399999999938,-0.0126416,-0.000112000000000001,3,1,2,4,3,2,1,4,3,2,1,4,3,1,2,4
"439",55,-0.5,0.75,-0.2,1,-0.000767999999999991,0.00429210000000002,-7.9200000000057e-05,3,1,2,4,3,2,1,4,3,2,1,4,3,1,2,4
"440",56,-0.5,0.75,-0.2,1.5,-0.000957299999999939,0.00820129999999997,0.000157399999999974,4,1,2,3,4,2,1,3,3,2,1,4,4,1,2,3
"441",57,-0.5,0.75,0.2,-1.5,-0.000199600000000077,-0.00907830000000009,3.34999999999086e-05,3,1,2,4,3,1,2,4,3,1,2,4,3,1,2,4
"442",58,-0.5,0.75,0.2,-1,-0.000473500000000016,-0.0126217,-5.80999999999499e-05,3,1,2,4,3,2,1,4,3,2,1,4,3,1,2,4
"443",59,-0.5,0.75,0.2,1,-0.000872600000000001,0.00446110000000011,0.000158600000000009,3,1,2,4,3,2,1,4,3,2,1,4,3,1,2,4
"444",60,-0.5,0.75,0.2,1.5,-0.00109680000000001,0.00810949999999999,-8.41000000000314e-05,4,1,2,3,4,2,1,3,3,2,1,4,4,1,2,3
"445",61,-0.5,0.75,0.75,-1.5,-0.000251300000000065,-0.00908160000000002,5.49999999999162e-06,3,1,2,4,3,1,2,4,3,1,2,4,3,1,2,4
"446",62,-0.5,0.75,0.75,-1,-0.000465999999999966,-0.0126199,-7.30999999999371e-05,3,1,2,4,3,2,1,4,3,2,1,4,3,1,2,4
"447",63,-0.5,0.75,0.75,1,-0.000709699999999924,0.00414860000000006,-0.000216899999999964,3,1,2,4,3,2,1,4,3,2,1,4,3,1,2,4
"448",64,-0.5,0.75,0.75,1.5,-0.00114239999999999,0.00816039999999996,7.49999999999362e-05,4,1,2,3,4,2,1,3,3,2,1,4,4,1,2,3
"449",65,0.5,-0.75,-0.75,-1.5,NA,NA,NA,NA,NA,NA,1,NA,NA,NA,1,NA,NA,NA,1,3,1,2,4
"450",66,0.5,-0.75,-0.75,-1,NA,NA,NA,NA,NA,NA,1,NA,NA,NA,1,NA,NA,NA,1,3,1,2,4
"451",67,0.5,-0.75,-0.75,1,NA,NA,NA,NA,NA,NA,1,NA,NA,NA,1,NA,NA,NA,1,2,1,3,4
"452",68,0.5,-0.75,-0.75,1.5,NA,NA,NA,NA,NA,NA,1,NA,NA,NA,1,NA,NA,NA,1,2,1,3,4
"453",69,0.5,-0.75,-0.2,-1.5,0.00136760000000014,-0.0668613,-0.00010280000000007,3,1,2,4,3,2,1,4,3,2,1,4,3,1,2,4
"454",70,0.5,-0.75,-0.2,-1,0.00208309999999989,-0.0450486000000001,-0.000119199999999986,3,1,2,4,3,1,2,4,3,1,2,4,3,1,2,4
"455",71,0.5,-0.75,-0.2,1,0.00265199999999999,0.0138375000000001,-8.29999999996112e-06,2,1,3,4,3,1,2,4,3,1,2,4,2,1,3,4
"456",72,0.5,-0.75,-0.2,1.5,0.00266769999999994,0.0182984,-1.15000000000531e-05,2,1,3,4,3,1,2,4,3,1,2,4,2,1,3,4
"457",73,0.5,-0.75,0.2,-1.5,0.00130360000000007,-0.0668863,-0.000113600000000047,3,1,2,4,3,2,1,4,3,2,1,4,3,1,2,4
"458",74,0.5,-0.75,0.2,-1,0.00203339999999996,-0.0450663000000001,-0.000135899999999967,3,1,2,4,3,1,2,4,3,1,2,4,3,1,2,4
"459",75,0.5,-0.75,0.2,1,0.00262929999999995,0.01383,-2.04999999999789e-05,2,1,3,4,3,1,2,4,3,1,2,4,2,1,3,4
"460",76,0.5,-0.75,0.2,1.5,0.0026427,0.0182921,-2.35000000000651e-05,2,1,3,4,3,1,2,4,3,1,2,4,2,1,3,4
"461",77,0.5,-0.75,0.75,-1.5,0.00139210000000012,-0.0668912999999999,-0.000105299999999975,3,1,2,4,3,2,1,4,3,2,1,4,3,1,2,4
"462",78,0.5,-0.75,0.75,-1,0.0020618,-0.0450664000000001,-0.000120699999999974,3,1,2,4,3,1,2,4,3,1,2,4,3,1,2,4
"463",79,0.5,-0.75,0.75,1,0.00259989999999999,0.0138091,-1.13999999999947e-05,3,1,2,4,3,1,2,4,3,1,2,4,2,1,3,4
"464",80,0.5,-0.75,0.75,1.5,0.00262550000000006,0.0182684000000001,-1.49000000000399e-05,3,1,2,4,3,1,2,4,3,1,2,4,2,1,3,4
"465",81,0.5,0.75,-0.75,-1.5,NA,NA,NA,NA,NA,NA,1,NA,NA,NA,1,NA,NA,NA,1,3,1,2,4
"466",82,0.5,0.75,-0.75,-1,NA,NA,NA,NA,NA,NA,1,NA,NA,NA,1,NA,NA,NA,1,3,1,2,4
"467",83,0.5,0.75,-0.75,1,NA,NA,NA,NA,NA,NA,1,NA,NA,NA,1,NA,NA,NA,1,2,1,3,4
"468",84,0.5,0.75,-0.75,1.5,NA,NA,NA,NA,NA,NA,1,NA,NA,NA,1,NA,NA,NA,1,2,1,3,4
"469",85,0.5,0.75,-0.2,-1.5,0.000875099999999907,-0.00878420000000002,-5.12999999999764e-05,3,1,2,4,3,2,1,4,3,2,1,4,3,1,2,4
"470",86,0.5,0.75,-0.2,-1,0.00153800000000015,-0.0115294,-0.000160900000000019,3,1,2,4,3,1,2,4,3,1,2,4,3,1,2,4
"471",87,0.5,0.75,-0.2,1,0.00228879999999998,0.00573760000000001,5.64000000000675e-05,2,1,3,4,3,1,2,4,3,1,2,4,2,1,3,4
"472",88,0.5,0.75,-0.2,1.5,0.00230529999999995,0.00952959999999992,1.6799999999928e-05,2,1,3,4,3,1,2,4,3,1,2,4,2,1,3,4
"473",89,0.5,0.75,0.2,-1.5,0.000790399999999858,-0.00882240000000001,-6.77000000000039e-05,3,1,2,4,3,2,1,4,3,2,1,4,3,1,2,4
"474",90,0.5,0.75,0.2,-1,0.00145570000000017,-0.0115472,-0.00017109999999998,3,1,2,4,3,1,2,4,3,1,2,4,3,1,2,4
"475",91,0.5,0.75,0.2,1,0.0023088,0.00576299999999996,-1.98999999999616e-05,2,1,3,4,3,1,2,4,3,1,2,4,2,1,3,4
"476",92,0.5,0.75,0.2,1.5,0.00239360000000011,0.00938870000000003,-0.000180899999999928,2,1,3,4,3,1,2,4,3,1,2,4,2,1,3,4
"477",93,0.5,0.75,0.75,-1.5,0.00088290000000002,-0.00880740000000002,-4.13999999999692e-05,3,1,2,4,3,2,1,4,3,2,1,4,3,1,2,4
"478",94,0.5,0.75,0.75,-1,0.00151240000000008,-0.0115277,-0.000160500000000008,3,1,2,4,3,1,2,4,3,1,2,4,3,1,2,4
"479",95,0.5,0.75,0.75,1,0.00232339999999998,0.00565679999999991,-8.27000000001021e-05,3,1,2,4,3,1,2,4,3,1,2,4,2,1,3,4
"480",96,0.5,0.75,0.75,1.5,0.00248199999999998,0.00964279999999995,-0.000121599999999944,3,1,2,4,3,1,2,4,3,1,2,4,2,1,3,4
"481",97,1.5,-0.75,-0.75,-1.5,NA,NA,NA,NA,NA,NA,1,NA,NA,NA,1,NA,NA,NA,1,3,1,2,4
"482",98,1.5,-0.75,-0.75,-1,NA,NA,NA,NA,NA,NA,1,NA,NA,NA,1,NA,NA,NA,1,2,1,3,4
"483",99,1.5,-0.75,-0.75,1,NA,NA,NA,NA,NA,NA,1,NA,NA,NA,1,NA,NA,NA,1,2,1,3,4
"484",100,1.5,-0.75,-0.75,1.5,NA,NA,NA,NA,NA,NA,1,NA,NA,NA,1,NA,NA,NA,1,2,1,3,4
"485",101,1.5,-0.75,-0.2,-1.5,0.00444000000000022,-0.0651128999999999,-0.000105999999999939,3,1,2,4,3,2,1,4,3,2,1,4,3,1,2,4
"486",102,1.5,-0.75,-0.2,-1,0.00690229999999992,-0.0423728,-0.000124999999999931,2,1,3,4,3,1,2,4,3,1,2,4,2,1,3,4
"487",103,1.5,-0.75,-0.2,1,0.0089355000000001,0.0169779999999999,-1.22000000000178e-05,2,1,3,4,2,1,3,4,2,1,3,4,2,1,3,4
"488",104,1.5,-0.75,-0.2,1.5,0.00893749999999993,0.0214397000000001,-1.5199999999993e-05,2,1,3,4,2,1,3,4,2,1,3,4,2,1,3,4
"489",105,1.5,-0.75,0.2,-1.5,0.00443810000000011,-0.0650978,-9.2800000000004e-05,3,1,2,4,3,2,1,4,3,2,1,4,3,1,2,4
"490",106,1.5,-0.75,0.2,-1,0.0068784999999999,-0.0423716000000001,-0.000112799999999913,2,1,3,4,3,1,2,4,3,1,2,4,2,1,3,4
"491",107,1.5,-0.75,0.2,1,0.00891720000000018,0.0169903,2.10000000000488e-06,2,1,3,4,2,1,3,4,2,1,3,4,2,1,3,4
"492",108,1.5,-0.75,0.2,1.5,0.00892269999999995,0.0214508000000001,-1.09999999997612e-06,2,1,3,4,2,1,3,4,2,1,3,4,2,1,3,4
"493",109,1.5,-0.75,0.75,-1.5,NA,NA,NA,NA,NA,NA,1,NA,NA,NA,1,NA,NA,NA,1,3,1,2,4
"494",110,1.5,-0.75,0.75,-1,NA,NA,NA,NA,NA,NA,1,NA,NA,NA,1,NA,NA,NA,1,2,1,3,4
"495",111,1.5,-0.75,0.75,1,NA,NA,NA,NA,NA,NA,1,NA,NA,NA,1,NA,NA,NA,1,2,1,3,4
"496",112,1.5,-0.75,0.75,1.5,NA,NA,NA,NA,NA,NA,1,NA,NA,NA,1,NA,NA,NA,1,2,1,3,4
"497",113,1.5,0.75,-0.75,-1.5,NA,NA,NA,NA,NA,NA,1,NA,NA,NA,1,NA,NA,NA,1,3,1,2,4
"498",114,1.5,0.75,-0.75,-1,NA,NA,NA,NA,NA,NA,1,NA,NA,NA,1,NA,NA,NA,1,2,1,3,4
"499",115,1.5,0.75,-0.75,1,NA,NA,NA,NA,NA,NA,1,NA,NA,NA,1,NA,NA,NA,1,2,1,3,4
"500",116,1.5,0.75,-0.75,1.5,NA,NA,NA,NA,NA,NA,1,NA,NA,NA,1,NA,NA,NA,1,2,1,4,3
"501",117,1.5,0.75,-0.2,-1.5,0.00287740000000003,-0.00773970000000002,-5.43000000000626e-05,3,1,2,4,3,2,1,4,3,2,1,4,3,1,2,4
"502",118,1.5,0.75,-0.2,-1,0.00507810000000009,-0.00952039999999998,-0.000165699999999935,2,1,3,4,2,1,3,4,2,1,3,4,2,1,3,4
"503",119,1.5,0.75,-0.2,1,0.00796220000000003,0.00824800000000003,4.6400000000002e-05,2,1,3,4,2,1,3,4,2,1,3,4,2,1,3,4
"504",120,1.5,0.75,-0.2,1.5,0.00810340000000009,0.0121863999999999,8.92999999999589e-05,2,1,4,3,2,1,3,4,2,1,3,4,2,1,4,3
"505",121,1.5,0.75,0.2,-1.5,0.0029131,-0.00770210000000005,-2.83000000000921e-05,3,1,2,4,3,2,1,4,3,2,1,4,3,1,2,4
"506",122,1.5,0.75,0.2,-1,0.00507320000000011,-0.00950989999999996,-0.000153099999999906,2,1,3,4,2,1,3,4,2,1,3,4,2,1,3,4
"507",123,1.5,0.75,0.2,1,0.00776289999999991,0.00816510000000004,-9.90000000000713e-05,2,1,3,4,2,1,3,4,2,1,3,4,2,1,3,4
"508",124,1.5,0.75,0.2,1.5,0.00786330000000002,0.0121243,2.32999999999484e-05,2,1,3,4,2,1,3,4,2,1,3,4,2,1,4,3
"509",125,1.5,0.75,0.75,-1.5,NA,NA,NA,NA,NA,NA,1,NA,NA,NA,1,NA,NA,NA,1,3,1,2,4
"510",126,1.5,0.75,0.75,-1,NA,NA,NA,NA,NA,NA,1,NA,NA,NA,1,NA,NA,NA,1,2,1,3,4
"511",127,1.5,0.75,0.75,1,NA,NA,NA,NA,NA,NA,1,NA,NA,NA,1,NA,NA,NA,1,2,1,3,4
"512",128,1.5,0.75,0.75,1.5,NA,NA,NA,NA,NA,NA,1,NA,NA,NA,1,NA,NA,NA,1,2,1,4,3
