"","a1","g6","rho","beta2","g2","Ze_1.0","Ze_2.0","Ze_3.0","P1","P2","P3","P4","P1_1.0","P2_1.0","P3_1.0","P4_1.0","P1_2.0","P2_2.0","P3_2.0","P4_2.0","P1_3.0","P2_3.0","P3_3.0","P4_3.0"
"1",-1.5,1,-0.75,-1.5,-1.5,-0.00879010000000002,0.045316,9.37000000000854e-05,2,3,1,4,2,3,1,4,2,4,1,3,2,3,1,4
"2",-1.5,1,-0.75,-1,-1.5,-0.0127697999999998,0.0423264999999999,9.98999999999306e-05,2,4,1,3,2,3,1,4,2,4,1,3,2,4,1,3
"3",-1.5,1,-0.75,-0.5,-1.5,-0.0155985000000001,0.0271003999999999,0.000194399999999928,2,4,1,3,2,4,1,3,2,4,1,3,2,4,1,3
"4",-1.5,1,-0.75,0,-1.5,-0.0180815,0.00357870000000005,0.00028640000000002,2,4,1,3,2,4,1,3,3,4,1,2,2,4,1,3
"5",-1.5,1,-0.75,0.5,-1.5,-0.0204549000000001,-0.0179658,0.000225800000000054,2,4,1,3,2,4,1,3,3,4,1,2,2,4,1,3
"6",-1.5,1,-0.75,1,-1.5,-0.022347,-0.0329338,0.000169799999999998,2,4,1,3,2,4,1,3,3,4,1,2,2,4,1,3
"7",-1.5,1,-0.75,1.5,-1.5,-0.0240893000000001,-0.0424956000000001,0.000163999999999942,3,4,1,2,3,4,1,2,3,4,1,2,3,4,1,2
"8",-1.5,1,-0.2,-1.5,-1.5,-0.00874199999999992,0.045454,0.000177300000000047,2,3,1,4,2,3,1,4,2,4,1,3,2,3,1,4
"9",-1.5,1,-0.2,-1,-1.5,-0.0128261000000001,0.0423614,0.000166200000000005,2,4,1,3,2,3,1,4,2,4,1,3,2,4,1,3
"10",-1.5,1,-0.2,-0.5,-1.5,-0.0156396000000001,0.0270347,0.000102999999999964,2,4,1,3,2,4,1,3,2,4,1,3,2,4,1,3
"11",-1.5,1,-0.2,0,-1.5,-0.0181060999999999,0.00358119999999995,0.000274200000000002,2,4,1,3,2,4,1,3,3,4,1,2,2,4,1,3
"12",-1.5,1,-0.2,0.5,-1.5,-0.0205358000000001,-0.0179829,0.000192599999999987,2,4,1,3,2,4,1,3,3,4,1,2,2,4,1,3
"13",-1.5,1,-0.2,1,-1.5,-0.0224353000000002,-0.0329598999999999,0.000119700000000056,2,4,1,3,2,4,1,3,3,4,1,2,2,4,1,3
"14",-1.5,1,-0.2,1.5,-1.5,-0.0243047,-0.0425635,9.66999999999496e-05,3,4,1,2,3,4,1,2,3,4,1,2,3,4,1,2
"15",-1.5,1,0.2,-1.5,-1.5,-0.00869639999999994,0.0454182,0.000111799999999995,2,3,1,4,2,3,1,4,2,4,1,3,2,3,1,4
"16",-1.5,1,0.2,-1,-1.5,-0.0129278,0.0424813000000001,0.000114900000000029,2,4,1,3,2,3,1,4,2,4,1,3,2,4,1,3
"17",-1.5,1,0.2,-0.5,-1.5,-0.0158461999999999,0.0269600999999999,0.000122100000000014,2,4,1,3,2,4,1,3,2,4,1,3,2,4,1,3
"18",-1.5,1,0.2,0,-1.5,-0.0183324999999999,0.00366759999999999,0.000370500000000051,2,4,1,3,2,4,1,3,3,4,1,2,2,4,1,3
"19",-1.5,1,0.2,0.5,-1.5,-0.0205648,-0.0179363,0.000267899999999988,2,4,1,3,2,4,1,3,3,4,1,2,2,4,1,3
"20",-1.5,1,0.2,1,-1.5,-0.0224915,-0.0329053,0.000206099999999987,2,4,1,3,2,4,1,3,3,4,1,2,2,4,1,3
"21",-1.5,1,0.2,1.5,-1.5,-0.0240970999999999,-0.0425377,0.000169699999999939,3,4,1,2,3,4,1,2,3,4,1,2,3,4,1,2
"22",-1.5,1,0.75,-1.5,-1.5,-0.00875619999999999,0.045368,0.000163000000000024,2,3,1,4,2,3,1,4,2,4,1,3,2,3,1,4
"23",-1.5,1,0.75,-1,-1.5,-0.0130214,0.0423991999999999,0.00015619999999994,2,3,1,4,2,3,1,4,2,4,1,3,2,4,1,3
"24",-1.5,1,0.75,-0.5,-1.5,-0.0159587999999999,0.0269655999999999,4.68999999999609e-05,2,4,1,3,2,4,1,3,2,4,1,3,2,4,1,3
"25",-1.5,1,0.75,0,-1.5,-0.0182113,0.00371370000000004,0.000435400000000086,2,4,1,3,2,4,1,3,3,4,1,2,2,4,1,3
"26",-1.5,1,0.75,0.5,-1.5,-0.0204367000000001,-0.0179012,0.000343399999999994,2,4,1,3,2,4,1,3,3,4,1,2,2,4,1,3
"27",-1.5,1,0.75,1,-1.5,-0.0224927,-0.0328681,0.000193800000000022,2,4,1,3,2,4,1,3,3,4,1,2,2,4,1,3
"28",-1.5,1,0.75,1.5,-1.5,-0.0242858000000001,-0.0425757,0.000106499999999898,3,4,1,2,3,4,1,2,3,4,1,2,3,4,1,2
"29",-1.5,1,-0.75,-1.5,-1,-0.00595059999999992,0.0136537999999999,7.8400000000034e-05,2,3,1,4,2,3,1,4,2,3,1,4,2,3,1,4
"30",-1.5,1,-0.75,-1,-1,-0.00781559999999992,0.0230159999999999,0.00012689999999993,2,4,1,3,2,3,1,4,2,4,1,3,2,3,1,4
"31",-1.5,1,-0.75,-0.5,-1,-0.00934540000000006,0.0166143,0.000175599999999942,2,4,1,3,2,4,1,3,2,4,1,3,2,4,1,3
"32",-1.5,1,-0.75,0,-1,-0.0110354,-0.000140299999999982,0.000260299999999991,2,4,1,3,2,4,1,3,3,4,1,2,2,4,1,3
"33",-1.5,1,-0.75,0.5,-1,-0.0128054000000001,-0.0165843,0.000199300000000013,2,4,1,3,2,4,1,3,3,4,1,2,2,4,1,3
"34",-1.5,1,-0.75,1,-1,-0.0144966999999999,-0.0279498,0.000153500000000029,2,4,1,3,2,4,1,3,3,4,1,2,2,4,1,3
"35",-1.5,1,-0.75,1.5,-1,-0.0159672,-0.0351722,8.48999999999434e-05,3,4,1,2,3,4,1,2,3,4,1,2,3,4,1,2
"36",-1.5,1,-0.2,-1.5,-1,-0.00574459999999999,0.0135658,-1.58999999999576e-05,2,3,1,4,2,3,1,4,2,3,1,4,2,3,1,4
"37",-1.5,1,-0.2,-1,-1,-0.0076731000000001,0.022907,-1.62000000000218e-05,2,3,1,4,2,3,1,4,2,4,1,3,2,3,1,4
"38",-1.5,1,-0.2,-0.5,-1,-0.00910809999999995,0.0164388,8.69999999997262e-06,2,4,1,3,2,4,1,3,2,4,1,3,2,4,1,3
"39",-1.5,1,-0.2,0,-1,-0.0108444,-0.000106900000000021,0.000288599999999972,2,4,1,3,2,4,1,3,3,4,1,2,2,4,1,3
"40",-1.5,1,-0.2,0.5,-1,-0.0127147,-0.0165874,0.000172599999999967,2,4,1,3,2,4,1,3,3,4,1,2,2,4,1,3
"41",-1.5,1,-0.2,1,-1,-0.0142796000000001,-0.0279853,0.000161100000000025,2,4,1,3,2,4,1,3,3,4,1,2,2,4,1,3
"42",-1.5,1,-0.2,1.5,-1,-0.0158999999999999,-0.0352314999999999,5.8400000000014e-05,3,4,1,2,3,4,1,2,3,4,1,2,3,4,1,2
"43",-1.5,1,0.2,-1.5,-1,-0.00560110000000003,0.0138199,0.000237400000000054,2,3,1,4,2,3,1,4,2,3,1,4,2,3,1,4
"44",-1.5,1,0.2,-1,-1,-0.00764680000000006,0.0233506,0.00033979999999989,2,3,1,4,2,3,1,4,2,4,1,3,2,3,1,4
"45",-1.5,1,0.2,-0.5,-1,-0.00919329999999996,0.0166219999999999,0.000381299999999918,2,4,1,3,2,4,1,3,2,4,1,3,2,4,1,3
"46",-1.5,1,0.2,0,-1,-0.0108947,-0.000172999999999979,0.000243699999999958,2,4,1,3,2,4,1,3,3,4,1,2,2,4,1,3
"47",-1.5,1,0.2,0.5,-1,-0.0126898,-0.0166681000000001,0.000164700000000018,2,4,1,3,2,4,1,3,3,4,1,2,2,4,1,3
"48",-1.5,1,0.2,1,-1,-0.0142466999999999,-0.0279634,0.000172800000000084,2,4,1,3,2,4,1,3,3,4,1,2,2,4,1,3
"49",-1.5,1,0.2,1.5,-1,-0.0156137999999999,-0.0352276,0.000136899999999995,3,4,1,2,3,4,1,2,3,4,1,2,3,4,1,2
"50",-1.5,1,0.75,-1.5,-1,-0.00550560000000011,0.0137358,0.000242100000000023,2,3,1,4,2,3,1,4,2,3,1,4,2,3,1,4
"51",-1.5,1,0.75,-1,-1,-0.00759259999999995,0.0232408000000001,0.00031150000000002,2,3,1,4,2,3,1,4,2,4,1,3,2,3,1,4
"52",-1.5,1,0.75,-0.5,-1,-0.00922299999999998,0.0166611,0.000282400000000016,2,3,1,4,2,4,1,3,2,4,1,3,2,4,1,3
"53",-1.5,1,0.75,0,-1,-0.0107282,-0.000170899999999974,0.000254399999999988,2,4,1,3,2,4,1,3,3,4,1,2,2,4,1,3
"54",-1.5,1,0.75,0.5,-1,-0.0124216,-0.0166592,0.00018740000000006,2,4,1,3,2,4,1,3,3,4,1,2,2,4,1,3
"55",-1.5,1,0.75,1,-1,-0.0140890999999999,-0.0279975000000001,0.000148099999999984,2,4,1,3,2,4,1,3,3,4,1,2,2,4,1,3
"56",-1.5,1,0.75,1.5,-1,-0.0155236,-0.0352385000000001,6.38999999998946e-05,3,4,1,2,3,4,1,2,3,4,1,2,3,4,1,2
"57",-1.5,1,-0.75,-1.5,-0.5,0.00109429999999999,-0.0268031000000001,0.000362899999999944,2,3,1,4,2,3,1,4,3,2,1,4,2,3,1,4
"58",-1.5,1,-0.75,-1,-0.5,0.00351500000000016,-0.00454769999999993,0.000243900000000075,2,3,1,4,2,3,1,4,3,2,1,4,2,3,1,4
"59",-1.5,1,-0.75,-0.5,-0.5,0.00389779999999995,0.000977799999999918,0.000297099999999939,2,4,1,3,2,3,1,4,3,4,1,2,2,3,1,4
"60",-1.5,1,-0.75,0,-0.5,0.0029745000000001,-0.00493529999999998,0.000346599999999864,2,4,1,3,2,4,1,3,3,4,1,2,2,4,1,3
"61",-1.5,1,-0.75,0.5,-0.5,0.00165730000000008,-0.0131167,0.000269400000000086,2,4,1,3,2,4,1,3,3,4,1,2,2,4,1,3
"62",-1.5,1,-0.75,1,-0.5,0.000212199999999996,-0.0194726000000001,0.000150099999999931,2,4,1,3,2,4,1,3,3,4,1,2,2,4,1,3
"63",-1.5,1,-0.75,1.5,-0.5,-0.00111150000000004,-0.0236862,6.58000000000047e-05,3,4,1,2,3,4,1,2,3,4,1,2,3,4,1,2
"64",-1.5,1,-0.2,-1.5,-0.5,0.00113920000000001,-0.0267291000000001,0.000485899999999928,2,3,1,4,2,3,1,4,3,2,1,4,2,3,1,4
"65",-1.5,1,-0.2,-1,-0.5,0.00349469999999985,-0.0043816000000001,0.000377999999999989,2,3,1,4,2,3,1,4,3,2,1,4,2,3,1,4
"66",-1.5,1,-0.2,-0.5,-0.5,0.00377799999999995,0.000950200000000012,0.000294800000000039,2,3,1,4,2,3,1,4,3,4,1,2,2,3,1,4
"67",-1.5,1,-0.2,0,-0.5,0.00284420000000007,-0.00491969999999986,0.000361100000000003,2,4,1,3,2,4,1,3,3,4,1,2,2,4,1,3
"68",-1.5,1,-0.2,0.5,-0.5,0.0014132,-0.0131292,0.000279800000000052,2,4,1,3,2,4,1,3,3,4,1,2,2,4,1,3
"69",-1.5,1,-0.2,1,-0.5,4.42999999998861e-05,-0.0194283000000001,0.000215199999999971,2,4,1,3,2,4,1,3,3,4,1,2,2,4,1,3
"70",-1.5,1,-0.2,1.5,-0.5,-0.00130810000000003,-0.0236651,0.000125600000000059,3,4,1,2,3,4,1,2,3,4,1,2,3,4,1,2
"71",-1.5,1,0.2,-1.5,-0.5,0.00135359999999995,-0.0269787,0.000303999999999971,2,3,1,4,2,3,1,4,3,2,1,4,2,3,1,4
"72",-1.5,1,0.2,-1,-0.5,0.00356569999999978,-0.00458629999999993,0.000264000000000042,2,3,1,4,2,3,1,4,3,2,1,4,2,3,1,4
"73",-1.5,1,0.2,-0.5,-0.5,0.0038895000000001,0.000705100000000125,0.000347000000000097,2,3,1,4,2,3,1,4,3,4,1,2,2,3,1,4
"74",-1.5,1,0.2,0,-0.5,0.00281450000000005,-0.00507279999999988,0.0002664,2,4,1,3,2,4,1,3,3,4,1,2,2,4,1,3
"75",-1.5,1,0.2,0.5,-0.5,0.00133210000000006,-0.0131326,0.000273300000000032,2,4,1,3,2,4,1,3,3,4,1,2,2,4,1,3
"76",-1.5,1,0.2,1,-0.5,-3.75000000000236e-05,-0.0194654,0.000201600000000024,2,4,1,3,2,4,1,3,3,4,1,2,2,4,1,3
"77",-1.5,1,0.2,1.5,-0.5,-0.0012705999999999,-0.0237784000000001,0.000133199999999944,3,4,1,2,3,4,1,2,3,4,1,2,3,4,1,2
"78",-1.5,1,0.75,-1.5,-0.5,0.00132389999999993,-0.0269345,0.000373500000000027,2,3,1,4,2,3,1,4,3,2,1,4,2,3,1,4
"79",-1.5,1,0.75,-1,-0.5,0.00359179999999992,-0.00452839999999999,0.000327599999999983,2,3,1,4,2,3,1,4,3,2,1,4,2,3,1,4
"80",-1.5,1,0.75,-0.5,-0.5,0.00384669999999998,0.00092749999999997,0.000383299999999975,2,3,1,4,2,3,1,4,3,4,1,2,2,3,1,4
"81",-1.5,1,0.75,0,-0.5,0.00286280000000017,-0.00498089999999995,0.000296499999999922,2,4,1,3,2,4,1,3,3,4,1,2,2,4,1,3
"82",-1.5,1,0.75,0.5,-0.5,0.00152609999999997,-0.0131014,0.000288700000000031,2,4,1,3,2,4,1,3,3,4,1,2,2,4,1,3
"83",-1.5,1,0.75,1,-0.5,6.75999999999455e-05,-0.0194162999999999,0.000185500000000061,2,4,1,3,2,4,1,3,3,4,1,2,2,4,1,3
"84",-1.5,1,0.75,1.5,-0.5,-0.00119550000000002,-0.0237011,9.71000000000721e-05,3,4,1,2,3,4,1,2,3,4,1,2,3,4,1,2
"85",-1.5,1,-0.75,-1.5,0,0.00917539999999983,-0.0591092,0.000334500000000015,2,1,3,4,2,1,3,4,4,1,2,3,2,1,3,4
"86",-1.5,1,-0.75,-1,0,0.0164398000000001,-0.0305966,0.000460999999999934,3,2,1,4,3,1,2,4,4,1,2,3,3,2,1,4
"87",-1.5,1,-0.75,-0.5,0,0.0185269000000001,-0.0164876,0.000318399999999941,3,2,1,4,3,2,1,4,4,2,1,3,3,2,1,4
"88",-1.5,1,-0.75,0,0,0.0179359,-0.0125034000000001,0.00037609999999999,2,3,1,4,3,2,1,4,4,2,1,3,3,2,1,4
"89",-1.5,1,-0.75,0.5,0,0.0166582999999999,-0.0131731999999999,0.00022410000000006,2,3,1,4,3,2,1,4,4,2,1,3,3,2,1,4
"90",-1.5,1,-0.75,1,0,0.0151469000000001,-0.014836,0.000192700000000157,2,3,1,4,3,2,1,4,4,2,1,3,3,2,1,4
"91",-1.5,1,-0.75,1.5,0,0.0138048999999998,-0.0163592000000001,6.97999999998977e-05,2,3,1,4,3,2,1,4,4,2,1,3,3,2,1,4
"92",-1.5,1,-0.2,-1.5,0,0.00928339999999994,-0.0590981,0.000449399999999933,2,1,3,4,2,1,3,4,4,1,2,3,2,1,3,4
"93",-1.5,1,-0.2,-1,0,0.0165597,-0.0306523,0.000380599999999953,3,2,1,4,3,1,2,4,4,1,2,3,3,2,1,4
"94",-1.5,1,-0.2,-0.5,0,0.0185054,-0.0165345,0.000270699999999957,3,2,1,4,3,2,1,4,4,2,1,3,3,2,1,4
"95",-1.5,1,-0.2,0,0,0.0179591,-0.0124791000000001,0.000362399999999985,3,2,1,4,3,2,1,4,4,2,1,3,3,2,1,4
"96",-1.5,1,-0.2,0.5,0,0.0165472,-0.0131211000000001,0.00023569999999995,3,2,1,4,3,2,1,4,4,2,1,3,3,2,1,4
"97",-1.5,1,-0.2,1,0,0.0151478,-0.0148037,0.000237200000000048,3,2,1,4,3,2,1,4,4,2,1,3,3,2,1,4
"98",-1.5,1,-0.2,1.5,0,0.0137257999999999,-0.0163561,0.000143899999999975,3,2,1,4,3,2,1,4,4,2,1,3,3,2,1,4
"99",-1.5,1,0.2,-1.5,0,0.00933229999999996,-0.0593543000000001,0.000198799999999943,2,1,3,4,2,1,3,4,4,1,2,3,2,1,3,4
"100",-1.5,1,0.2,-1,0,0.0166606,-0.0309064999999998,0.000117900000000004,3,2,1,4,3,1,2,4,4,1,2,3,3,2,1,4
"101",-1.5,1,0.2,-0.5,0,0.0187076999999999,-0.016703,0.000195700000000021,3,2,1,4,3,2,1,4,4,2,1,3,3,2,1,4
"102",-1.5,1,0.2,0,0,0.018079,-0.0127815000000001,0.000138899999999942,3,2,1,4,3,2,1,4,4,2,1,3,3,2,1,4
"103",-1.5,1,0.2,0.5,0,0.0166723999999999,-0.0132750999999999,7.16000000000605e-05,3,2,1,4,3,2,1,4,4,2,1,3,3,2,1,4
"104",-1.5,1,0.2,1,0,0.0152584,-0.0149875,6.47000000000286e-05,3,2,1,4,3,2,1,4,4,2,1,3,3,2,1,4
"105",-1.5,1,0.2,1.5,0,0.0139131,-0.0165684,-3.3600000000078e-05,3,2,1,4,3,2,1,4,4,2,1,3,3,2,1,4
"106",-1.5,1,0.75,-1.5,0,0.00944020000000012,-0.0591304000000001,0.000384999999999969,2,1,3,4,2,1,3,4,4,1,2,3,2,1,3,4
"107",-1.5,1,0.75,-1,0,0.0165936000000001,-0.0306879000000001,0.000370599999999888,3,2,1,4,3,1,2,4,4,1,2,3,3,2,1,4
"108",-1.5,1,0.75,-0.5,0,0.0187072,-0.0164358999999999,0.000368800000000058,3,2,1,4,3,2,1,4,4,2,1,3,3,2,1,4
"109",-1.5,1,0.75,0,0,0.0181485999999997,-0.0126533000000001,0.00025710000000001,3,2,1,4,3,2,1,4,4,2,1,3,3,2,1,4
"110",-1.5,1,0.75,0.5,0,0.0168137,-0.0131654999999999,0.000184900000000043,3,2,1,4,3,2,1,4,4,2,1,3,3,2,1,4
"111",-1.5,1,0.75,1,0,0.0153082,-0.0148454999999998,0.00019020000000014,3,2,1,4,3,2,1,4,4,2,1,3,3,2,1,4
"112",-1.5,1,0.75,1.5,0,0.0140208000000001,-0.016422,5.48999999999689e-05,3,2,1,4,3,2,1,4,4,2,1,3,3,2,1,4
"113",-1.5,1,-0.75,-1.5,0.5,0.0124342000000001,-0.0755475,0.000201699999999971,2,1,3,4,2,1,3,4,4,1,2,3,2,1,3,4
"114",-1.5,1,-0.75,-1,0.5,0.0221533,-0.0482672000000001,0.000125099999999878,3,1,2,4,3,1,2,4,4,1,2,3,3,1,2,4
"115",-1.5,1,-0.75,-0.5,0.5,0.0254761,-0.0307452,1.5199999999993e-05,3,1,2,4,3,1,2,4,4,1,2,3,3,1,2,4
"116",-1.5,1,-0.75,0,0.5,0.0254589999999998,-0.0215008999999999,0.000113100000000088,3,1,2,4,3,1,2,4,4,1,2,3,3,1,2,4
"117",-1.5,1,-0.75,0.5,0.5,0.024417,-0.0174376000000001,6.7999999999957e-05,3,1,2,4,3,1,2,4,4,1,2,3,3,1,2,4
"118",-1.5,1,-0.75,1,0.5,0.0230454,-0.0159205,1.79999999999625e-05,3,1,2,4,3,1,2,4,4,1,2,3,3,1,2,4
"119",-1.5,1,-0.75,1.5,0.5,0.0218108,-0.0153591,-7.31000000000481e-05,3,1,2,4,3,1,2,4,4,1,2,3,3,1,2,4
"120",-1.5,1,-0.2,-1.5,0.5,0.0123004,-0.0756424000000001,0.000184799999999985,2,1,3,4,2,1,3,4,4,1,2,3,2,1,3,4
"121",-1.5,1,-0.2,-1,0.5,0.0218461999999999,-0.0482768,0.000212699999999955,3,1,2,4,3,1,2,4,4,1,2,3,3,1,2,4
"122",-1.5,1,-0.2,-0.5,0.5,0.0252477,-0.0308353000000001,0.000102199999999941,3,1,2,4,3,1,2,4,4,1,2,3,3,1,2,4
"123",-1.5,1,-0.2,0,0.5,0.0254567999999999,-0.0215668999999999,0.00018370000000012,3,1,2,4,3,1,2,4,4,1,2,3,3,1,2,4
"124",-1.5,1,-0.2,0.5,0.5,0.0242933,-0.0174586999999999,0.000192799999999993,3,1,2,4,3,1,2,4,4,1,2,3,3,1,2,4
"125",-1.5,1,-0.2,1,0.5,0.0229785,-0.0160013,0.000150600000000001,3,1,2,4,3,1,2,4,4,1,2,3,3,1,2,4
"126",-1.5,1,-0.2,1.5,0.5,0.0216700000000002,-0.0154709000000001,8.5599999999908e-05,3,1,2,4,3,1,2,4,4,1,2,3,3,1,2,4
"127",-1.5,1,0.2,-1.5,0.5,0.0125968000000001,-0.0756330000000001,-2.84000000000395e-05,2,1,3,4,2,1,3,4,4,1,2,3,2,1,3,4
"128",-1.5,1,0.2,-1,0.5,0.0222545,-0.0481894,-1.34000000000523e-05,3,1,2,4,3,1,2,4,4,1,2,3,3,1,2,4
"129",-1.5,1,0.2,-0.5,0.5,0.0256377999999999,-0.0306284,0.000102700000000011,3,1,2,4,3,1,2,4,4,1,2,3,3,1,2,4
"130",-1.5,1,0.2,0,0.5,0.0256434000000001,-0.0214095,6.55000000000516e-05,3,1,2,4,3,1,2,4,4,1,2,3,3,1,2,4
"131",-1.5,1,0.2,0.5,0.5,0.0245218,-0.0173464999999999,-1.80999999999099e-05,3,1,2,4,3,1,2,4,4,1,2,3,3,1,2,4
"132",-1.5,1,0.2,1,0.5,0.0232480999999999,-0.0158419999999999,-3.50999999999546e-05,3,1,2,4,3,1,2,4,4,1,2,3,3,1,2,4
"133",-1.5,1,0.2,1.5,0.5,0.0220239000000002,-0.0152761,-6.34000000000468e-05,3,1,2,4,3,1,2,4,4,1,2,3,3,1,2,4
"134",-1.5,1,0.75,-1.5,0.5,0.0125898999999999,-0.075508,6.51000000000401e-05,2,1,3,4,2,1,3,4,4,1,2,3,2,1,3,4
"135",-1.5,1,0.75,-1,0.5,0.0221471,-0.0482154,-7.90000000006064e-06,3,1,2,4,3,1,2,4,4,1,2,3,3,1,2,4
"136",-1.5,1,0.75,-0.5,0.5,0.0255728,-0.0306479,3.48000000000015e-05,3,1,2,4,3,1,2,4,4,1,2,3,3,1,2,4
"137",-1.5,1,0.75,0,0.5,0.0255555000000001,-0.0214639999999999,-1.59999999993499e-06,3,1,2,4,3,1,2,4,4,1,2,3,3,1,2,4
"138",-1.5,1,0.75,0.5,0.5,0.0244807,-0.0173652000000001,-6.51999999999875e-05,3,1,2,4,3,1,2,4,4,1,2,3,3,1,2,4
"139",-1.5,1,0.75,1,0.5,0.0231803999999999,-0.0158138,-8.90000000000057e-05,3,1,2,4,3,1,2,4,4,1,2,3,3,1,2,4
"140",-1.5,1,0.75,1.5,0.5,0.0220136000000001,-0.0152380000000001,-0.000157700000000038,3,1,2,4,3,1,2,4,4,1,2,3,3,1,2,4
"141",-1.5,1,-0.75,-1.5,1,0.0111240000000001,-0.0795371,6.99999999986822e-06,3,1,2,4,3,1,2,4,4,1,2,3,3,1,2,4
"142",-1.5,1,-0.75,-1,1,0.0197278999999999,-0.0558877,-5.1200000000029e-05,3,1,2,4,3,1,2,4,4,1,2,3,3,1,2,4
"143",-1.5,1,-0.75,-0.5,1,0.0236917,-0.0384125000000001,0.000118199999999957,4,1,2,3,4,1,2,3,4,1,2,3,4,1,2,3
"144",-1.5,1,-0.75,0,1,0.0245050000000001,-0.0272845,8.90999999999531e-05,4,1,2,3,4,1,2,3,4,1,2,3,4,1,2,3
"145",-1.5,1,-0.75,0.5,1,0.0241995999999999,-0.0208396,0.000149399999999966,4,1,2,3,4,1,2,3,4,1,2,3,4,1,2,3
"146",-1.5,1,-0.75,1,1,0.0233715,-0.017506,0.000105999999999939,4,1,2,3,4,1,2,3,4,1,2,3,4,1,2,3
"147",-1.5,1,-0.75,1.5,1,0.0225997000000001,-0.0155724,2.94999999999046e-05,4,1,2,3,4,1,2,3,4,1,2,3,4,1,2,3
"148",-1.5,1,-0.2,-1.5,1,0.0111131,-0.0795030999999999,0.000141699999999911,3,1,2,4,3,1,2,4,4,1,2,3,3,1,2,4
"149",-1.5,1,-0.2,-1,1,0.0197837,-0.0558948,7.06999999999791e-05,3,1,2,4,3,1,2,4,4,1,2,3,3,1,2,4
"150",-1.5,1,-0.2,-0.5,1,0.0237977,-0.0383263,0.000186800000000042,4,1,2,3,4,1,2,3,4,1,2,3,4,1,2,3
"151",-1.5,1,-0.2,0,1,0.024675,-0.0272202,0.0001892,4,1,2,3,4,1,2,3,4,1,2,3,4,1,2,3
"152",-1.5,1,-0.2,0.5,1,0.0242600000000001,-0.0209557,0.000119199999999986,4,1,2,3,4,1,2,3,4,1,2,3,4,1,2,3
"153",-1.5,1,-0.2,1,1,0.0234776000000001,-0.0175783,4.69999999999082e-05,4,1,2,3,4,1,2,3,4,1,2,3,4,1,2,3
"154",-1.5,1,-0.2,1.5,1,0.0226024,-0.0156379,2.5599999999959e-05,4,1,2,3,4,1,2,3,4,1,2,3,4,1,2,3
"155",-1.5,1,0.2,-1.5,1,0.0107813,-0.0794185000000001,-5.7600000000102e-05,3,1,2,4,3,1,2,4,4,1,2,3,3,1,2,4
"156",-1.5,1,0.2,-1,1,0.0196474999999999,-0.0557220999999999,-0.000119399999999992,3,1,2,4,3,1,2,4,4,1,2,3,3,1,2,4
"157",-1.5,1,0.2,-0.5,1,0.0235850000000001,-0.0383221,2.99999999953116e-07,4,1,2,3,4,1,2,3,4,1,2,3,4,1,2,3
"158",-1.5,1,0.2,0,1,0.0244123999999999,-0.0271464,3.86999999999471e-05,4,1,2,3,4,1,2,3,4,1,2,3,4,1,2,3
"159",-1.5,1,0.2,0.5,1,0.0240500999999999,-0.0207463,8.09999999995537e-06,4,1,2,3,4,1,2,3,4,1,2,3,4,1,2,3
"160",-1.5,1,0.2,1,1,0.0232863000000001,-0.0173651,1.25999999999182e-05,4,1,2,3,4,1,2,3,4,1,2,3,4,1,2,3
"161",-1.5,1,0.2,1.5,1,0.0224694000000001,-0.015414,-3.58000000000303e-05,4,1,2,3,4,1,2,3,4,1,2,3,4,1,2,3
"162",-1.5,1,0.75,-1.5,1,0.0109463,-0.0794284000000001,-1.81000000001319e-05,3,1,2,4,3,1,2,4,4,1,2,3,3,1,2,4
"163",-1.5,1,0.75,-1,1,0.0195593999999999,-0.0556221000000001,-8.00000000011902e-06,3,1,2,4,3,1,2,4,4,1,2,3,3,1,2,4
"164",-1.5,1,0.75,-0.5,1,0.0236822999999998,-0.0381666000000001,0.000137100000000001,4,1,2,3,4,1,2,3,4,1,2,3,4,1,2,3
"165",-1.5,1,0.75,0,1,0.0244398999999998,-0.0270003,0.00010790000000005,4,1,2,3,4,1,2,3,4,1,2,3,4,1,2,3
"166",-1.5,1,0.75,0.5,1,0.0240332,-0.0205704000000001,8.64999999998783e-05,4,1,2,3,4,1,2,3,4,1,2,3,4,1,2,3
"167",-1.5,1,0.75,1,1,0.0231991,-0.0172259000000001,0.000102299999999889,4,1,2,3,4,1,2,3,4,1,2,3,4,1,2,3
"168",-1.5,1,0.75,1.5,1,0.0223810000000002,-0.0152946999999999,1.17000000000589e-05,4,1,2,3,4,1,2,3,4,1,2,3,4,1,2,3
"169",-1.5,1,-0.75,-1.5,1.5,0.0096946,-0.0759943000000001,4.01999999999347e-05,4,1,2,3,4,1,2,3,4,1,2,3,4,1,2,3
"170",-1.5,1,-0.75,-1,1.5,0.0173139999999999,-0.0555847,3.58000000000303e-05,4,1,2,3,4,1,2,3,4,1,2,3,4,1,2,3
"171",-1.5,1,-0.75,-0.5,1.5,0.0210990000000001,-0.0395517000000001,0.000179499999999999,4,1,2,3,4,1,2,3,4,1,2,3,4,1,2,3
"172",-1.5,1,-0.75,0,1.5,0.022405,-0.0284123000000001,0.000200099999999925,4,1,2,3,4,1,2,3,4,1,2,3,4,1,2,3
"173",-1.5,1,-0.75,0.5,1.5,0.0226312999999999,-0.0212081,7.65000000000349e-05,4,1,2,3,4,1,2,3,4,1,2,3,4,1,2,3
"174",-1.5,1,-0.75,1,1.5,0.0222302,-0.0170952,2.69999999999992e-05,4,1,2,3,4,1,2,3,4,1,2,3,4,1,2,3
"175",-1.5,1,-0.75,1.5,1.5,0.0217533,-0.0144888999999999,-4.26000000000037e-05,4,1,2,3,4,1,2,3,4,1,2,3,4,1,2,3
"176",-1.5,1,-0.2,-1.5,1.5,0.00956610000000002,-0.0760832,4.89999999999657e-05,4,1,2,3,4,1,2,3,4,1,2,3,4,1,2,3
"177",-1.5,1,-0.2,-1,1.5,0.0172616999999999,-0.0555901000000001,0.000131299999999945,4,1,2,3,4,1,2,3,4,1,2,3,4,1,2,3
"178",-1.5,1,-0.2,-0.5,1.5,0.021339,-0.0395016999999999,0.0002892000000001,4,1,2,3,4,1,2,3,4,1,2,3,4,1,2,3
"179",-1.5,1,-0.2,0,1.5,0.0226609999999999,-0.0283438,0.000277799999999995,4,1,2,3,4,1,2,3,4,1,2,3,4,1,2,3
"180",-1.5,1,-0.2,0.5,1.5,0.02274,-0.0211616999999999,0.000206299999999993,4,1,2,3,4,1,2,3,4,1,2,3,4,1,2,3
"181",-1.5,1,-0.2,1,1.5,0.0223142,-0.0169234999999999,0.000187000000000048,4,1,2,3,4,1,2,3,4,1,2,3,4,1,2,3
"182",-1.5,1,-0.2,1.5,1.5,0.0217451000000001,-0.0143111,0.000138199999999977,4,1,2,3,4,1,2,3,4,1,2,3,4,1,2,3
"183",-1.5,1,0.2,-1.5,1.5,0.00934210000000002,-0.0760642000000001,-5.61000000001144e-05,4,1,2,3,4,1,2,3,4,1,2,3,4,1,2,3
"184",-1.5,1,0.2,-1,1.5,0.0171054999999999,-0.0554633999999999,-1.81999999999682e-05,4,1,2,3,4,1,2,3,4,1,2,3,4,1,2,3
"185",-1.5,1,0.2,-0.5,1.5,0.0212125,-0.0392349,0.000130000000000075,4,1,2,3,4,1,2,3,4,1,2,3,4,1,2,3
"186",-1.5,1,0.2,0,1.5,0.0225252999999999,-0.0279311999999999,0.000260900000000008,4,1,2,3,4,1,2,3,4,1,2,3,4,1,2,3
"187",-1.5,1,0.2,0.5,1.5,0.0228013,-0.0208554,0.000121700000000002,4,1,2,3,4,1,2,3,4,1,2,3,4,1,2,3
"188",-1.5,1,0.2,1,1.5,0.0224521999999999,-0.0166432000000001,9.16999999999168e-05,4,1,2,3,4,1,2,3,4,1,2,3,4,1,2,3
"189",-1.5,1,0.2,1.5,1.5,0.0219428999999999,-0.0140219,4.89999999999657e-05,4,1,2,3,4,1,2,3,4,1,2,3,4,1,2,3
"190",-1.5,1,0.75,-1.5,1.5,0.0096678,-0.0758938,7.64999999999239e-05,4,1,2,3,4,1,2,3,4,1,2,3,4,1,2,3
"191",-1.5,1,0.75,-1,1.5,0.0172595,-0.0554784,0.000123600000000001,4,1,2,3,4,1,2,3,4,1,2,3,4,1,2,3
"192",-1.5,1,0.75,-0.5,1.5,0.0214291,-0.0394004,0.00017390000000006,4,1,2,3,4,1,2,3,4,1,2,3,4,1,2,3
"193",-1.5,1,0.75,0,1.5,0.0227155,-0.0281258,0.00020779999999998,4,1,2,3,4,1,2,3,4,1,2,3,4,1,2,3
"194",-1.5,1,0.75,0.5,1.5,0.0228727,-0.0208982,0.000126300000000024,4,1,2,3,4,1,2,3,4,1,2,3,4,1,2,3
"195",-1.5,1,0.75,1,1.5,0.0226144,-0.0167634000000001,2.58999999999121e-05,4,1,2,3,4,1,2,3,4,1,2,3,4,1,2,3
"196",-1.5,1,0.75,1.5,1.5,0.0221445,-0.0141192999999999,1.92999999999444e-05,4,1,2,3,4,1,2,3,4,1,2,3,4,1,2,3
"197",-0.5,1,-0.75,-1.5,-1.5,-0.00152949999999996,0.0585891000000001,9.53000000000204e-05,2,3,1,4,3,2,1,4,3,2,1,4,3,2,1,4
"198",-0.5,1,-0.75,-1,-1.5,-0.000499899999999998,0.0489103,7.12999999999964e-05,2,3,1,4,3,2,1,4,4,2,1,3,2,3,1,4
"199",-0.5,1,-0.75,-0.5,-1.5,0.00102049999999998,0.0308681999999999,0.000135200000000002,2,3,1,4,3,2,1,4,4,2,1,3,2,3,1,4
"200",-0.5,1,-0.75,0,-1.5,0.00223869999999993,0.00648420000000005,0.000199399999999961,2,4,1,3,3,2,1,4,4,3,1,2,2,4,1,3
"201",-0.5,1,-0.75,0.5,-1.5,0.00305889999999998,-0.0151977000000001,0.000132699999999986,3,4,1,2,4,2,1,3,4,3,1,2,3,4,1,2
"202",-0.5,1,-0.75,1,-1.5,0.00348029999999999,-0.0300103999999999,0.000109700000000101,3,4,1,2,4,3,1,2,4,3,1,2,3,4,1,2
"203",-0.5,1,-0.75,1.5,-1.5,0.00380340000000001,-0.0393538,8.13000000000619e-05,3,4,1,2,4,3,1,2,4,3,1,2,3,4,1,2
"204",-0.5,1,-0.2,-1.5,-1.5,-0.00145849999999992,0.0586821000000001,0.000143000000000004,3,2,1,4,3,2,1,4,3,2,1,4,3,2,1,4
"205",-0.5,1,-0.2,-1,-1.5,-0.000363300000000066,0.0489151999999999,0.000125099999999989,2,3,1,4,3,2,1,4,4,2,1,3,2,3,1,4
"206",-0.5,1,-0.2,-0.5,-1.5,0.00111529999999993,0.0307966,4.76000000000365e-05,2,3,1,4,3,2,1,4,4,2,1,3,2,3,1,4
"207",-0.5,1,-0.2,0,-1.5,0.00236590000000003,0.00650609999999996,0.000239099999999937,2,4,1,3,3,2,1,4,4,3,1,2,2,4,1,3
"208",-0.5,1,-0.2,0.5,-1.5,0.00303009999999992,-0.0151788,0.000162099999999943,3,4,1,2,4,2,1,3,4,3,1,2,3,4,1,2
"209",-0.5,1,-0.2,1,-1.5,0.00367030000000002,-0.0300534999999998,7.09000000000959e-05,3,4,1,2,4,3,1,2,4,3,1,2,3,4,1,2
"210",-0.5,1,-0.2,1.5,-1.5,0.00392859999999995,-0.0394234,4.4800000000067e-05,3,4,1,2,4,3,1,2,4,3,1,2,3,4,1,2
"211",-0.5,1,0.2,-1.5,-1.5,-0.00161030000000018,0.0587135999999999,0.000180699999999923,3,2,1,4,3,2,1,4,3,2,1,4,3,2,1,4
"212",-0.5,1,0.2,-1,-1.5,-0.000579200000000002,0.0490752,8.83999999999885e-05,2,3,1,4,3,2,1,4,4,2,1,3,2,3,1,4
"213",-0.5,1,0.2,-0.5,-1.5,0.000898900000000036,0.0308006,0.000125600000000059,2,3,1,4,3,2,1,4,4,2,1,3,2,3,1,4
"214",-0.5,1,0.2,0,-1.5,0.00212730000000017,0.00670229999999994,0.000393899999999947,2,3,1,4,3,2,1,4,4,3,1,2,2,4,1,3
"215",-0.5,1,0.2,0.5,-1.5,0.00299319999999992,-0.015056,0.000268400000000057,3,4,1,2,4,2,1,3,4,3,1,2,3,4,1,2
"216",-0.5,1,0.2,1,-1.5,0.00342070000000005,-0.0298994,0.000213499999999978,3,4,1,2,4,3,1,2,4,3,1,2,3,4,1,2
"217",-0.5,1,0.2,1.5,-1.5,0.0036712000000001,-0.0393232,0.000151600000000029,3,4,1,2,4,3,1,2,4,3,1,2,3,4,1,2
"218",-0.5,1,0.75,-1.5,-1.5,-0.00159640000000005,0.0585654,0.000138799999999994,3,2,1,4,3,2,1,4,3,2,1,4,3,2,1,4
"219",-0.5,1,0.75,-1,-1.5,-0.000612000000000168,0.0489704999999999,0.000108699999999962,3,2,1,4,3,2,1,4,4,2,1,3,2,3,1,4
"220",-0.5,1,0.75,-0.5,-1.5,0.000852699999999929,0.0307592,7.50000000004913e-06,3,2,1,4,3,2,1,4,4,2,1,3,2,3,1,4
"221",-0.5,1,0.75,0,-1.5,0.00226440000000017,0.00668040000000003,0.000397399999999992,3,2,1,4,3,2,1,4,4,3,1,2,2,4,1,3
"222",-0.5,1,0.75,0.5,-1.5,0.00312579999999996,-0.0150389,0.000334100000000004,4,2,1,3,4,2,1,3,4,3,1,2,3,4,1,2
"223",-0.5,1,0.75,1,-1.5,0.00354489999999996,-0.0298732,0.000202200000000041,4,3,1,2,4,3,1,2,4,3,1,2,3,4,1,2
"224",-0.5,1,0.75,1.5,-1.5,0.00381189999999998,-0.0393361,0.000121900000000008,3,4,1,2,4,3,1,2,4,3,1,2,3,4,1,2
"225",-0.5,1,-0.75,-1.5,-1,-0.00144929999999999,0.0399197999999998,0.000180299999999911,3,2,1,4,3,2,1,4,3,2,1,4,3,2,1,4
"226",-0.5,1,-0.75,-1,-1,-0.000323799999999985,0.0337154999999999,0.000139899999999971,2,3,1,4,3,2,1,4,4,2,1,3,3,2,1,4
"227",-0.5,1,-0.75,-0.5,-1,0.00104890000000002,0.0200355,0.000125800000000065,2,3,1,4,3,2,1,4,4,2,1,3,2,3,1,4
"228",-0.5,1,-0.75,0,-1,0.00214550000000002,0.000495000000000023,0.000158300000000056,2,4,1,3,3,2,1,4,4,2,1,3,2,3,1,4
"229",-0.5,1,-0.75,0.5,-1,0.00285629999999992,-0.0169961000000001,5.6799999999968e-05,3,4,1,2,4,2,1,3,4,3,1,2,3,4,1,2
"230",-0.5,1,-0.75,1,-1,0.00317450000000008,-0.0286782000000001,6.00999999998963e-05,3,4,1,2,4,3,1,2,4,3,1,2,3,4,1,2
"231",-0.5,1,-0.75,1.5,-1,0.00338559999999999,-0.0359560000000001,-2.75000000000691e-05,3,4,1,2,4,3,1,2,4,3,1,2,3,4,1,2
"232",-0.5,1,-0.2,-1.5,-1,-0.00133559999999988,0.0398059999999999,7.07999999999265e-05,3,2,1,4,3,2,1,4,3,2,1,4,3,2,1,4
"233",-0.5,1,-0.2,-1,-1,-0.0001026999999999,0.0336253,3.87000000000581e-05,2,3,1,4,3,2,1,4,4,2,1,3,3,2,1,4
"234",-0.5,1,-0.2,-0.5,-1,0.00123450000000003,0.0198470000000001,-3.65999999999422e-05,2,3,1,4,3,2,1,4,4,2,1,3,2,3,1,4
"235",-0.5,1,-0.2,0,-1,0.0022319999999999,0.000536300000000045,0.000202000000000035,2,4,1,3,3,2,1,4,4,2,1,3,2,3,1,4
"236",-0.5,1,-0.2,0.5,-1,0.00285570000000013,-0.016972,6.98999999999561e-05,3,4,1,2,4,2,1,3,4,3,1,2,3,4,1,2
"237",-0.5,1,-0.2,1,-1,0.00333019999999995,-0.028731,5.77999999999967e-05,3,4,1,2,4,3,1,2,4,3,1,2,3,4,1,2
"238",-0.5,1,-0.2,1.5,-1,0.00348900000000008,-0.0360286999999999,-5.31999999999755e-05,3,4,1,2,4,3,1,2,4,3,1,2,3,4,1,2
"239",-0.5,1,0.2,-1.5,-1,-0.00135020000000019,0.0401665,0.000400100000000014,3,2,1,4,3,2,1,4,3,2,1,4,3,2,1,4
"240",-0.5,1,0.2,-1,-1,-0.00028780000000006,0.0340522,0.000330399999999953,3,2,1,4,3,2,1,4,4,2,1,3,3,2,1,4
"241",-0.5,1,0.2,-0.5,-1,0.00113419999999997,0.0200501,0.000307999999999975,2,3,1,4,3,2,1,4,4,2,1,3,2,3,1,4
"242",-0.5,1,0.2,0,-1,0.00226119999999996,0.00052629999999998,0.000186400000000031,2,3,1,4,3,2,1,4,4,2,1,3,2,3,1,4
"243",-0.5,1,0.2,0.5,-1,0.00290080000000004,-0.0170185,6.7200000000045e-05,3,4,1,2,4,2,1,3,4,3,1,2,3,4,1,2
"244",-0.5,1,0.2,1,-1,0.00332210000000011,-0.0286698999999999,0.000101400000000029,3,4,1,2,4,3,1,2,4,3,1,2,3,4,1,2
"245",-0.5,1,0.2,1.5,-1,0.00354339999999986,-0.0359786000000001,4.83999999999485e-05,3,4,1,2,4,3,1,2,4,3,1,2,3,4,1,2
"246",-0.5,1,0.75,-1.5,-1,-0.00129070000000009,0.0400176999999999,0.00035379999999996,3,2,1,4,3,2,1,4,3,2,1,4,3,2,1,4
"247",-0.5,1,0.75,-1,-1,-0.000102500000000005,0.0339992000000001,0.0003529000000001,3,2,1,4,3,2,1,4,4,2,1,3,3,2,1,4
"248",-0.5,1,0.75,-0.5,-1,0.00103680000000006,0.0200824999999999,0.000190099999999971,3,2,1,4,3,2,1,4,4,2,1,3,2,3,1,4
"249",-0.5,1,0.75,0,-1,0.0022783999999999,0.000458999999999876,0.000120299999999962,3,2,1,4,3,2,1,4,4,2,1,3,2,3,1,4
"250",-0.5,1,0.75,0.5,-1,0.00300549999999999,-0.0170344,6.05999999999662e-05,4,2,1,3,4,2,1,3,4,3,1,2,3,4,1,2
"251",-0.5,1,0.75,1,-1,0.00337580000000004,-0.0286941000000002,8.01999999998637e-05,4,3,1,2,4,3,1,2,4,3,1,2,3,4,1,2
"252",-0.5,1,0.75,1.5,-1,0.00365120000000008,-0.0359614,-2.70000000002213e-06,4,3,1,2,4,3,1,2,4,3,1,2,3,4,1,2
"253",-0.5,1,-0.75,-1.5,-0.5,0.000303400000000176,0.0135039,0.000290400000000024,3,2,1,4,3,2,1,4,4,2,1,3,3,2,1,4
"254",-0.5,1,-0.75,-1,-0.5,0.00203569999999997,0.0121617000000001,0.000118000000000062,3,2,1,4,3,2,1,4,4,2,1,3,3,2,1,4
"255",-0.5,1,-0.75,-0.5,-0.5,0.00354850000000007,0.00568930000000001,0.000188900000000047,2,3,1,4,3,2,1,4,4,2,1,3,3,2,1,4
"256",-0.5,1,-0.75,0,-0.5,0.00449900000000003,-0.00523629999999997,0.00024780000000002,2,4,1,3,3,2,1,4,4,2,1,3,3,2,1,4
"257",-0.5,1,-0.75,0.5,-0.5,0.00506490000000004,-0.0155780000000001,9.76999999999784e-05,3,4,1,2,4,2,1,3,4,2,1,3,4,3,1,2
"258",-0.5,1,-0.75,1,-0.5,0.00521530000000003,-0.0227134000000001,5.93999999999317e-05,3,4,1,2,4,2,1,3,4,2,1,3,4,3,1,2
"259",-0.5,1,-0.75,1.5,-0.5,0.00541870000000011,-0.02727,-2.38999999999656e-05,3,4,1,2,4,2,1,3,4,2,1,3,4,3,1,2
"260",-0.5,1,-0.2,-1.5,-0.5,0.000339199999999984,0.0133873,0.000219599999999986,3,2,1,4,3,2,1,4,4,2,1,3,3,2,1,4
"261",-0.5,1,-0.2,-1,-0.5,0.00215270000000001,0.0122053,0.000131400000000004,3,2,1,4,3,2,1,4,4,2,1,3,3,2,1,4
"262",-0.5,1,-0.2,-0.5,-0.5,0.00356820000000002,0.00561539999999994,0.000114200000000064,3,2,1,4,3,2,1,4,4,2,1,3,3,2,1,4
"263",-0.5,1,-0.2,0,-0.5,0.00444260000000007,-0.00522500000000004,0.000241700000000011,3,2,1,4,3,2,1,4,4,2,1,3,3,2,1,4
"264",-0.5,1,-0.2,0.5,-0.5,0.00494369999999988,-0.0155087,0.000144999999999951,3,4,1,2,4,2,1,3,4,2,1,3,4,3,1,2
"265",-0.5,1,-0.2,1,-0.5,0.00521680000000002,-0.0226734000000001,6.48999999999234e-05,3,4,1,2,4,2,1,3,4,2,1,3,4,3,1,2
"266",-0.5,1,-0.2,1.5,-0.5,0.00535589999999997,-0.0272621,-1.82999999999156e-05,3,4,1,2,4,2,1,3,4,2,1,3,4,3,1,2
"267",-0.5,1,0.2,-1.5,-0.5,0.000340500000000077,0.0133525,0.000225800000000054,3,2,1,4,3,2,1,4,4,2,1,3,3,2,1,4
"268",-0.5,1,0.2,-1,-0.5,0.00198979999999982,0.0121791,0.000212699999999955,3,2,1,4,3,2,1,4,4,2,1,3,3,2,1,4
"269",-0.5,1,0.2,-0.5,-0.5,0.00353760000000014,0.00539179999999995,0.000258700000000056,3,2,1,4,3,2,1,4,4,2,1,3,3,2,1,4
"270",-0.5,1,0.2,0,-0.5,0.00442520000000002,-0.00538209999999995,0.00018740000000006,3,2,1,4,3,2,1,4,4,2,1,3,3,2,1,4
"271",-0.5,1,0.2,0.5,-0.5,0.00488610000000012,-0.0155571,0.000137700000000018,4,2,1,3,4,2,1,3,4,2,1,3,4,3,1,2
"272",-0.5,1,0.2,1,-0.5,0.00516550000000005,-0.0227442999999999,8.99000000000871e-05,4,3,1,2,4,2,1,3,4,2,1,3,4,3,1,2
"273",-0.5,1,0.2,1.5,-0.5,0.00529690000000016,-0.0274011000000001,2.13000000000019e-05,4,3,1,2,4,2,1,3,4,2,1,3,4,3,1,2
"274",-0.5,1,0.75,-1.5,-0.5,0.000330599999999959,0.0133754,0.000315600000000082,3,2,1,4,3,2,1,4,4,2,1,3,3,2,1,4
"275",-0.5,1,0.75,-1,-0.5,0.00214689999999995,0.0122169,0.000309000000000004,3,2,1,4,3,2,1,4,4,2,1,3,3,2,1,4
"276",-0.5,1,0.75,-0.5,-0.5,0.00347839999999999,0.00556799999999991,0.000256299999999987,3,2,1,4,3,2,1,4,4,2,1,3,3,2,1,4
"277",-0.5,1,0.75,0,-0.5,0.00440430000000014,-0.00534139999999994,0.000201600000000024,3,2,1,4,3,2,1,4,4,2,1,3,3,2,1,4
"278",-0.5,1,0.75,0.5,-0.5,0.00495460000000003,-0.0154919,0.000222999999999973,4,2,1,3,4,2,1,3,4,2,1,3,4,3,1,2
"279",-0.5,1,0.75,1,-0.5,0.00527990000000012,-0.0226735,0.000134300000000032,4,2,1,3,4,2,1,3,4,2,1,3,4,3,1,2
"280",-0.5,1,0.75,1.5,-0.5,0.00543090000000002,-0.0272932,6.23000000000706e-05,4,3,1,2,4,2,1,3,4,3,1,2,4,3,1,2
"281",-0.5,1,-0.75,-1.5,0,0.00212039999999991,-0.0112929000000001,0.000133099999999997,3,2,1,4,3,1,2,4,4,1,2,3,3,1,2,4
"282",-0.5,1,-0.75,-1,0,0.00448690000000018,-0.00872600000000001,9.54999999999151e-05,3,2,1,4,3,1,2,4,4,1,2,3,3,2,1,4
"283",-0.5,1,-0.75,-0.5,0,0.00605290000000025,-0.00904780000000005,0.000121400000000049,3,2,1,4,3,1,2,4,4,1,2,3,3,2,1,4
"284",-0.5,1,-0.75,0,0,0.00672610000000007,-0.0119180000000001,0.000199999999999978,4,2,1,3,4,2,1,3,4,2,1,3,4,2,1,3
"285",-0.5,1,-0.75,0.5,0,0.00719380000000003,-0.0158269999999999,1.99000000000726e-05,4,2,1,3,4,2,1,3,4,2,1,3,4,2,1,3
"286",-0.5,1,-0.75,1,0,0.00730710000000001,-0.0189642999999999,5.07000000001812e-05,4,2,1,3,4,2,1,3,4,2,1,3,4,2,1,3
"287",-0.5,1,-0.75,1.5,0,0.00735779999999986,-0.0212863000000001,-6.98000000001198e-05,4,3,1,2,4,2,1,3,4,2,1,3,4,2,1,3
"288",-0.5,1,-0.2,-1.5,0,0.00219100000000017,-0.0113807,9.17000000000279e-05,3,1,2,4,3,1,2,4,4,1,2,3,3,1,2,4
"289",-0.5,1,-0.2,-1,0,0.00461529999999999,-0.00877090000000014,5.02999999998366e-05,3,2,1,4,3,1,2,4,4,1,2,3,3,2,1,4
"290",-0.5,1,-0.2,-0.5,0,0.00611890000000004,-0.00910099999999991,9.13000000001274e-05,3,2,1,4,3,1,2,4,4,1,2,3,3,2,1,4
"291",-0.5,1,-0.2,0,0,0.00679820000000009,-0.0119357000000001,0.000224800000000025,4,2,1,3,4,2,1,3,4,2,1,3,4,2,1,3
"292",-0.5,1,-0.2,0.5,0,0.00717920000000005,-0.015784,9.68999999999554e-05,4,2,1,3,4,2,1,3,4,2,1,3,4,2,1,3
"293",-0.5,1,-0.2,1,0,0.00738659999999991,-0.0190224,5.72000000000905e-05,4,2,1,3,4,2,1,3,4,2,1,3,4,2,1,3
"294",-0.5,1,-0.2,1.5,0,0.00740960000000002,-0.0213379,-3.99000000000926e-05,4,2,1,3,4,2,1,3,4,2,1,3,4,2,1,3
"295",-0.5,1,0.2,-1.5,0,0.00207279999999987,-0.0112169000000001,0.000268599999999952,3,1,2,4,3,1,2,4,4,1,2,3,3,1,2,4
"296",-0.5,1,0.2,-1,0,0.00454010000000005,-0.00862389999999991,0.000249599999999961,3,2,1,4,3,1,2,4,4,1,2,3,3,2,1,4
"297",-0.5,1,0.2,-0.5,0,0.00600689999999993,-0.00904959999999999,0.000294800000000039,3,2,1,4,3,1,2,4,4,1,2,3,3,2,1,4
"298",-0.5,1,0.2,0,0,0.00682500000000008,-0.0120631,0.000171200000000038,4,2,1,3,4,2,1,3,4,2,1,3,4,2,1,3
"299",-0.5,1,0.2,0.5,0,0.00721939999999999,-0.0157596,0.000129099999999993,4,2,1,3,4,2,1,3,4,2,1,3,4,2,1,3
"300",-0.5,1,0.2,1,0,0.00737499999999991,-0.0189863,0.000117600000000051,4,2,1,3,4,2,1,3,4,2,1,3,4,2,1,3
"301",-0.5,1,0.2,1.5,0,0.00745909999999994,-0.0212941,5.73999999998742e-05,4,2,1,3,4,2,1,3,4,2,1,3,4,2,1,3
"302",-0.5,1,0.75,-1.5,0,0.00198779999999998,-0.0112592,0.000251900000000083,3,1,2,4,3,1,2,4,4,1,2,3,3,1,2,4
"303",-0.5,1,0.75,-1,0,0.00448100000000007,-0.00861930000000011,0.000295199999999829,3,2,1,4,3,1,2,4,4,1,2,3,3,2,1,4
"304",-0.5,1,0.75,-0.5,0,0.00594539999999999,-0.00892499999999996,0.000304300000000035,3,2,1,4,3,1,2,4,4,1,2,3,3,2,1,4
"305",-0.5,1,0.75,0,0,0.00673459999999992,-0.0119922,0.000216900000000075,4,2,1,3,4,2,1,3,4,2,1,3,4,2,1,3
"306",-0.5,1,0.75,0.5,0,0.00717480000000015,-0.0157275,0.00015670000000001,4,2,1,3,4,2,1,3,4,2,1,3,4,2,1,3
"307",-0.5,1,0.75,1,0,0.00731369999999998,-0.0189449999999999,0.000162300000000171,4,2,1,3,4,2,1,3,4,2,1,3,4,2,1,3
"308",-0.5,1,0.75,1.5,0,0.00741729999999996,-0.0212098000000001,9.15999999999695e-05,4,2,1,3,4,2,1,3,4,2,1,3,4,2,1,3
"309",-0.5,1,-0.75,-1.5,0.5,0.00295630000000002,-0.0284770999999999,7.68999999999354e-05,4,1,2,3,4,1,2,3,4,1,2,3,4,1,2,3
"310",-0.5,1,-0.75,-1,0.5,0.00558120000000017,-0.024251,7.64999999999239e-05,4,1,2,3,4,1,2,3,4,1,2,3,4,1,2,3
"311",-0.5,1,-0.75,-0.5,0.5,0.00700719999999999,-0.0211617999999999,8.84000000000995e-05,4,1,2,3,4,1,2,3,4,1,2,3,4,1,2,3
"312",-0.5,1,-0.75,0,0.5,0.00760380000000005,-0.0196073999999999,0.000169599999999992,4,1,2,3,4,1,2,3,4,1,2,3,4,1,2,3
"313",-0.5,1,-0.75,0.5,0.5,0.00788270000000002,-0.0195717000000001,0.000101199999999912,4,1,2,3,4,1,2,3,4,1,2,3,4,1,2,3
"314",-0.5,1,-0.75,1,0.5,0.0079304,-0.0201915,5.44999999999574e-05,4,1,2,3,4,1,2,3,4,1,2,3,4,1,2,3
"315",-0.5,1,-0.75,1.5,0.5,0.00787919999999998,-0.0208775999999999,-5.16000000000405e-05,4,1,2,3,4,1,2,3,4,1,2,3,4,1,2,3
"316",-0.5,1,-0.2,-1.5,0.5,0.00299539999999998,-0.0285576000000001,-1.35000000001106e-05,4,1,2,3,4,1,2,3,4,1,2,3,4,1,2,3
"317",-0.5,1,-0.2,-1,0.5,0.00562909999999994,-0.0243133,-1.89000000000439e-05,4,1,2,3,4,1,2,3,4,1,2,3,4,1,2,3
"318",-0.5,1,-0.2,-0.5,0.5,0.0070245000000001,-0.0212298,5.60000000005001e-06,4,1,2,3,4,1,2,3,4,1,2,3,4,1,2,3
"319",-0.5,1,-0.2,0,0.5,0.00765610000000005,-0.0196691,8.37999999999672e-05,4,1,2,3,4,1,2,3,4,1,2,3,4,1,2,3
"320",-0.5,1,-0.2,0.5,0.5,0.00790659999999987,-0.0195396,0.000100999999999907,4,1,2,3,4,1,2,3,4,1,2,3,4,1,2,3
"321",-0.5,1,-0.2,1,0.5,0.00793969999999999,-0.0202359000000001,-4.30000000006814e-06,4,1,2,3,4,1,2,3,4,1,2,3,4,1,2,3
"322",-0.5,1,-0.2,1.5,0.5,0.00783500000000015,-0.0209647000000001,-8.36000000000725e-05,4,1,2,3,4,1,2,3,4,1,2,3,4,1,2,3
"323",-0.5,1,0.2,-1.5,0.5,0.00275629999999993,-0.0286299000000001,2.90999999998931e-05,4,1,2,3,4,1,2,3,4,1,2,3,4,1,2,3
"324",-0.5,1,0.2,-1,0.5,0.00543190000000005,-0.0244828,8.99999999970369e-07,4,1,2,3,4,1,2,3,4,1,2,3,4,1,2,3
"325",-0.5,1,0.2,-0.5,0.5,0.00686999999999993,-0.0214605999999999,3.9200000000128e-05,4,1,2,3,4,1,2,3,4,1,2,3,4,1,2,3
"326",-0.5,1,0.2,0,0.5,0.00760780000000005,-0.0199665,-2.91000000000041e-05,4,1,2,3,4,1,2,3,4,1,2,3,4,1,2,3
"327",-0.5,1,0.2,0.5,0.5,0.00788010000000006,-0.0198887,-0.000109600000000043,4,1,2,3,4,1,2,3,4,1,2,3,4,1,2,3
"328",-0.5,1,0.2,1,0.5,0.00795909999999989,-0.0205209,-0.000125600000000059,4,1,2,3,4,1,2,3,4,1,2,3,4,1,2,3
"329",-0.5,1,0.2,1.5,0.5,0.00789700000000004,-0.0211602000000001,-0.000159300000000084,4,1,2,3,4,1,2,3,4,1,2,3,4,1,2,3
"330",-0.5,1,0.75,-1.5,0.5,0.00281510000000007,-0.0286363000000001,-1.34000000000523e-05,4,1,2,3,4,1,2,3,4,1,2,3,4,1,2,3
"331",-0.5,1,0.75,-1,0.5,0.00551559999999995,-0.0244789000000001,4.24999999998343e-05,4,1,2,3,4,1,2,3,4,1,2,3,4,1,2,3
"332",-0.5,1,0.75,-0.5,0.5,0.00701120000000011,-0.0214220000000001,3.58000000000303e-05,4,1,2,3,4,1,2,3,4,1,2,3,4,1,2,3
"333",-0.5,1,0.75,0,0.5,0.0077290000000001,-0.0198704,3.86999999999471e-05,4,1,2,3,4,1,2,3,4,1,2,3,4,1,2,3
"334",-0.5,1,0.75,0.5,0.5,0.00799819999999996,-0.0197683,-3.85999999999997e-05,4,1,2,3,4,1,2,3,4,1,2,3,4,1,2,3
"335",-0.5,1,0.75,1,0.5,0.00803119999999979,-0.0204304000000001,-9.64000000001075e-05,4,1,2,3,4,1,2,3,4,1,2,3,4,1,2,3
"336",-0.5,1,0.75,1.5,0.5,0.0079551000000001,-0.0210371,-0.000119700000000056,4,1,2,3,4,1,2,3,4,1,2,3,4,1,2,3
"337",-0.5,1,-0.75,-1.5,1,0.00276019999999988,-0.0391809,-0.000128600000000034,4,1,2,3,4,1,2,3,4,1,2,3,4,1,2,3
"338",-0.5,1,-0.75,-1,1,0.00496219999999992,-0.0349132,-0.00013440000000009,4,1,2,3,4,1,2,3,4,1,2,3,4,1,2,3
"339",-0.5,1,-0.75,-0.5,1,0.00615319999999997,-0.0305084,-8.00000000023005e-07,4,1,2,3,4,1,2,3,4,1,2,3,4,1,2,3
"340",-0.5,1,-0.75,0,1,0.00664569999999998,-0.0268539,8.03999999999805e-05,4,1,2,3,4,1,2,3,4,1,2,3,4,1,2,3
"341",-0.5,1,-0.75,0.5,1,0.00679910000000006,-0.0246664999999999,3.22999999999851e-05,4,1,2,3,4,1,2,3,4,1,2,3,4,1,2,3
"342",-0.5,1,-0.75,1,1,0.00673429999999997,-0.0237011,-5.99999999995049e-06,4,1,2,3,4,1,2,3,4,1,2,3,4,1,2,3
"343",-0.5,1,-0.75,1.5,1,0.00661860000000014,-0.0232019,-6.26000000000237e-05,4,1,2,3,4,1,2,3,4,1,2,3,4,1,2,3
"344",-0.5,1,-0.2,-1.5,1,0.00273959999999995,-0.0393703999999999,-0.00016040000000006,4,1,2,3,4,1,2,3,4,1,2,3,4,1,2,3
"345",-0.5,1,-0.2,-1,1,0.00487219999999999,-0.0349922999999999,-7.00999999999619e-05,4,1,2,3,4,1,2,3,4,1,2,3,4,1,2,3
"346",-0.5,1,-0.2,-0.5,1,0.00605909999999998,-0.0305656,1.13000000000474e-05,4,1,2,3,4,1,2,3,4,1,2,3,4,1,2,3
"347",-0.5,1,-0.2,0,1,0.00664219999999993,-0.0268301,0.000195900000000027,4,1,2,3,4,1,2,3,4,1,2,3,4,1,2,3
"348",-0.5,1,-0.2,0.5,1,0.00670529999999991,-0.02472,7.29000000000424e-05,4,1,2,3,4,1,2,3,4,1,2,3,4,1,2,3
"349",-0.5,1,-0.2,1,1,0.00667149999999994,-0.0237765,-4.98999999999361e-05,4,1,2,3,4,1,2,3,4,1,2,3,4,1,2,3
"350",-0.5,1,-0.2,1.5,1,0.00654189999999999,-0.0233182,-9.70000000000137e-05,4,1,2,3,4,1,2,3,4,1,2,3,4,1,2,3
"351",-0.5,1,0.2,-1.5,1,0.00272309999999998,-0.03943,-0.000205500000000081,4,1,2,3,4,1,2,3,4,1,2,3,4,1,2,3
"352",-0.5,1,0.2,-1,1,0.00499170000000004,-0.0350929999999999,-7.54000000000588e-05,4,1,2,3,4,1,2,3,4,1,2,3,4,1,2,3
"353",-0.5,1,0.2,-0.5,1,0.00624490000000011,-0.0307486000000001,-3.67000000001116e-05,4,1,2,3,4,1,2,3,4,1,2,3,4,1,2,3
"354",-0.5,1,0.2,0,1,0.00671719999999998,-0.0270279,5.37000000000454e-05,4,1,2,3,4,1,2,3,4,1,2,3,4,1,2,3
"355",-0.5,1,0.2,0.5,1,0.00691089999999994,-0.0248392,-6.94999999999446e-05,4,1,2,3,4,1,2,3,4,1,2,3,4,1,2,3
"356",-0.5,1,0.2,1,1,0.00695600000000007,-0.0238467,-8.43999999999845e-05,4,1,2,3,4,1,2,3,4,1,2,3,4,1,2,3
"357",-0.5,1,0.2,1.5,1,0.00680979999999998,-0.0233409999999999,-0.000126599999999977,4,1,2,3,4,1,2,3,4,1,2,3,4,1,2,3
"358",-0.5,1,0.75,-1.5,1,0.00272719999999993,-0.0391092000000001,2.81999999999227e-05,4,1,2,3,4,1,2,3,4,1,2,3,4,1,2,3
"359",-0.5,1,0.75,-1,1,0.00507190000000002,-0.0349295000000001,5.57999999999392e-05,4,1,2,3,4,1,2,3,4,1,2,3,4,1,2,3
"360",-0.5,1,0.75,-0.5,1,0.00634899999999994,-0.0306441,8.64999999999894e-05,4,1,2,3,4,1,2,3,4,1,2,3,4,1,2,3
"361",-0.5,1,0.75,0,1,0.0067763999999999,-0.0269280999999999,0.000137600000000071,4,1,2,3,4,1,2,3,4,1,2,3,4,1,2,3
"362",-0.5,1,0.75,0.5,1,0.00684119999999988,-0.0247718000000001,6.39999999996199e-06,4,1,2,3,4,1,2,3,4,1,2,3,4,1,2,3
"363",-0.5,1,0.75,1,1,0.00680069999999999,-0.0237525000000001,-4.17999999999807e-05,4,1,2,3,4,1,2,3,4,1,2,3,4,1,2,3
"364",-0.5,1,0.75,1.5,1,0.00667010000000001,-0.0232620999999998,-0.000112299999999954,4,1,2,3,4,1,2,3,4,1,2,3,4,1,2,3
"365",-0.5,1,-0.75,-1.5,1.5,0.00239549999999999,-0.0450787,-0.00014829999999999,4,1,2,3,4,1,2,3,4,1,2,3,4,1,2,3
"366",-0.5,1,-0.75,-1,1.5,0.00396509999999994,-0.0412512000000002,-0.000238400000000083,4,1,2,3,4,1,2,3,4,1,2,3,4,1,2,3
"367",-0.5,1,-0.75,-0.5,1.5,0.00480829999999999,-0.0365307000000001,-0.000177700000000058,4,1,2,3,4,1,2,3,4,1,2,3,4,1,2,3
"368",-0.5,1,-0.75,0,1.5,0.00520529999999997,-0.0320623999999999,-6.43999999999645e-05,4,1,2,3,4,1,2,3,4,1,2,3,4,1,2,3
"369",-0.5,1,-0.75,0.5,1.5,0.00537609999999999,-0.0288545,-0.000165500000000041,4,1,3,2,4,1,2,3,4,1,2,3,4,1,2,3
"370",-0.5,1,-0.75,1,1.5,0.00523239999999991,-0.0269486000000001,-0.000196200000000091,4,1,3,2,4,1,2,3,4,1,2,3,4,1,2,3
"371",-0.5,1,-0.75,1.5,1.5,0.0050827,-0.0258383999999999,-0.000279199999999924,4,1,3,2,4,1,2,3,4,1,2,3,4,1,2,3
"372",-0.5,1,-0.2,-1.5,1.5,0.00223059999999997,-0.045083,-0.000170299999999957,4,1,2,3,4,1,2,3,4,1,2,3,4,1,2,3
"373",-0.5,1,-0.2,-1,1.5,0.00392440000000005,-0.0411283000000001,-0.000158700000000067,4,1,2,3,4,1,2,3,4,1,2,3,4,1,2,3
"374",-0.5,1,-0.2,-0.5,1.5,0.00487179999999998,-0.0363818999999999,-6.72999999998813e-05,4,1,2,3,4,1,2,3,4,1,2,3,4,1,2,3
"375",-0.5,1,-0.2,0,1.5,0.00533310000000009,-0.0318725,7.40000000000185e-05,4,1,2,3,4,1,2,3,4,1,2,3,4,1,2,3
"376",-0.5,1,-0.2,0.5,1.5,0.00532100000000002,-0.0285968,2.20999999999139e-05,4,1,2,3,4,1,2,3,4,1,2,3,4,1,2,3
"377",-0.5,1,-0.2,1,1.5,0.00523649999999998,-0.0267292,-4.38000000000383e-05,4,1,2,3,4,1,2,3,4,1,2,3,4,1,2,3
"378",-0.5,1,-0.2,1.5,1.5,0.0050477000000001,-0.0256449,-0.000151899999999983,4,1,2,3,4,1,2,3,4,1,2,3,4,1,2,3
"379",-0.5,1,0.2,-1.5,1.5,0.00236449999999999,-0.0449984999999999,-0.000123399999999996,4,1,2,3,4,1,2,3,4,1,2,3,4,1,2,3
"380",-0.5,1,0.2,-1,1.5,0.00409289999999995,-0.0411522999999999,-0.000163499999999983,4,1,2,3,4,1,2,3,4,1,2,3,4,1,2,3
"381",-0.5,1,0.2,-0.5,1.5,0.00518870000000005,-0.036411,-8.72999999999013e-05,4,1,2,3,4,1,2,3,4,1,2,3,4,1,2,3
"382",-0.5,1,0.2,0,1.5,0.00549469999999996,-0.0319372999999999,2.75000000000691e-05,4,1,2,3,4,1,2,3,4,1,2,3,4,1,2,3
"383",-0.5,1,0.2,0.5,1.5,0.00555669999999997,-0.0287482,-0.000135900000000078,4,1,2,3,4,1,2,3,4,1,2,3,4,1,2,3
"384",-0.5,1,0.2,1,1.5,0.00547209999999987,-0.0268067,-0.000167000000000028,4,1,2,3,4,1,2,3,4,1,2,3,4,1,2,3
"385",-0.5,1,0.2,1.5,1.5,0.00531729999999997,-0.0256644,-0.000236800000000037,4,1,2,3,4,1,2,3,4,1,2,3,4,1,2,3
"386",-0.5,1,0.75,-1.5,1.5,0.00230479999999988,-0.0449751,-0.000183400000000056,4,1,2,3,4,1,2,3,4,1,2,3,4,1,2,3
"387",-0.5,1,0.75,-1,1.5,0.00430769999999991,-0.0410602,-0.000147499999999967,4,1,2,3,4,1,2,3,4,1,2,3,4,1,2,3
"388",-0.5,1,0.75,-0.5,1.5,0.00528930000000005,-0.0364083000000001,-0.00010739999999998,4,1,2,3,4,1,2,3,4,1,2,3,4,1,2,3
"389",-0.5,1,0.75,0,1.5,0.00554249999999989,-0.0318866,1.89000000000439e-05,4,1,2,3,4,1,2,3,4,1,2,3,4,1,2,3
"390",-0.5,1,0.75,0.5,1.5,0.00559839999999989,-0.028612,-0.000108200000000003,4,1,2,3,4,1,2,3,4,1,2,3,4,1,2,3
"391",-0.5,1,0.75,1,1.5,0.00552960000000002,-0.0267908,-0.000229000000000035,4,1,2,3,4,1,2,3,4,1,2,3,4,1,2,3
"392",-0.5,1,0.75,1.5,1.5,0.00539650000000003,-0.0256362,-0.000265900000000041,4,1,2,3,4,1,2,3,4,1,2,3,4,1,2,3
"393",0.5,1,-0.75,-1.5,-1.5,-0.00135990000000008,0.0627119,0.000126900000000041,3,2,1,4,3,1,2,4,4,1,2,3,3,1,2,4
"394",0.5,1,-0.75,-1,-1.5,-0.0048414,0.0510117999999999,0.000136999999999943,3,2,1,4,3,1,2,4,4,1,2,3,3,2,1,4
"395",0.5,1,-0.75,-0.5,-1.5,-0.00830549999999997,0.0312743999999999,0.000228599999999912,3,2,1,4,3,1,2,4,4,1,2,3,3,2,1,4
"396",0.5,1,-0.75,0,-1.5,-0.0111425999999999,0.00576480000000001,0.000295600000000062,4,2,1,3,4,1,2,3,4,1,2,3,4,2,1,3
"397",0.5,1,-0.75,0.5,-1.5,-0.0134259,-0.0166334,0.000210000000000043,4,2,1,3,4,1,2,3,4,1,3,2,4,2,1,3
"398",0.5,1,-0.75,1,-1.5,-0.0150016999999999,-0.0318655999999999,0.000182299999999969,4,3,1,2,4,1,2,3,4,1,3,2,4,2,1,3
"399",0.5,1,-0.75,1.5,-1.5,-0.0162016,-0.0414969000000001,0.000168500000000016,4,3,1,2,4,1,3,2,4,1,3,2,4,2,1,3
"400",0.5,1,-0.2,-1.5,-1.5,-0.00123209999999996,0.0628275,0.000182899999999986,3,1,2,4,3,1,2,4,4,1,2,3,3,1,2,4
"401",0.5,1,-0.2,-1,-1.5,-0.00481480000000012,0.0510778,0.000225399999999931,3,2,1,4,3,1,2,4,4,1,2,3,3,2,1,4
"402",0.5,1,-0.2,-0.5,-1.5,-0.00825969999999998,0.0312275000000001,0.000141199999999952,3,2,1,4,3,1,2,4,4,1,2,3,3,2,1,4
"403",0.5,1,-0.2,0,-1.5,-0.0111937999999999,0.0057796,0.000294600000000034,4,2,1,3,4,1,2,3,4,1,2,3,4,2,1,3
"404",0.5,1,-0.2,0.5,-1.5,-0.0135316000000001,-0.0166268999999999,0.000200100000000036,4,2,1,3,4,1,2,3,4,1,3,2,4,2,1,3
"405",0.5,1,-0.2,1,-1.5,-0.0150989,-0.0318898,0.000141199999999952,4,2,1,3,4,1,2,3,4,1,3,2,4,2,1,3
"406",0.5,1,-0.2,1.5,-1.5,-0.0163589000000002,-0.041568,9.97999999999832e-05,4,2,1,3,4,1,3,2,4,1,3,2,4,2,1,3
"407",0.5,1,0.2,-1.5,-1.5,-0.00104530000000003,0.0628027999999999,0.00018689999999999,3,1,2,4,3,1,2,4,4,1,2,3,3,1,2,4
"408",0.5,1,0.2,-1,-1.5,-0.00464380000000009,0.0511241,0.000119499999999939,3,1,2,4,3,1,2,4,4,1,2,3,3,2,1,4
"409",0.5,1,0.2,-0.5,-1.5,-0.0082468,0.0311541999999999,0.000174299999999961,3,2,1,4,3,1,2,4,4,1,2,3,3,2,1,4
"410",0.5,1,0.2,0,-1.5,-0.0110459999999999,0.00592940000000008,0.000450600000000079,4,2,1,3,4,1,2,3,4,1,2,3,4,2,1,3
"411",0.5,1,0.2,0.5,-1.5,-0.013277,-0.0165099999999999,0.000332500000000069,4,2,1,3,4,1,2,3,4,1,3,2,4,2,1,3
"412",0.5,1,0.2,1,-1.5,-0.0149152,-0.0317919000000001,0.000253399999999848,4,2,1,3,4,1,2,3,4,1,3,2,4,2,1,3
"413",0.5,1,0.2,1.5,-1.5,-0.0160993,-0.0414900999999999,0.000221300000000091,4,2,1,3,4,1,3,2,4,1,3,2,4,2,1,3
"414",0.5,1,0.75,-1.5,-1.5,-0.00137549999999997,0.0627099999999999,0.000161599999999984,3,1,2,4,3,1,2,4,4,1,2,3,3,1,2,4
"415",0.5,1,0.75,-1,-1.5,-0.00495960000000006,0.0510122,0.000119799999999892,3,1,2,4,3,1,2,4,4,1,2,3,3,2,1,4
"416",0.5,1,0.75,-0.5,-1.5,-0.00841020000000003,0.0311576,7.95999999999575e-05,3,1,2,4,3,1,2,4,4,1,2,3,3,2,1,4
"417",0.5,1,0.75,0,-1.5,-0.0110969999999999,0.00593520000000003,0.000456300000000076,4,1,2,3,4,1,2,3,4,1,2,3,4,2,1,3
"418",0.5,1,0.75,0.5,-1.5,-0.0132835,-0.0165143,0.000361999999999973,4,1,2,3,4,1,2,3,4,1,3,2,4,2,1,3
"419",0.5,1,0.75,1,-1.5,-0.0149863000000001,-0.0317656000000001,0.000228199999999901,4,1,2,3,4,1,2,3,4,1,3,2,4,2,1,3
"420",0.5,1,0.75,1.5,-1.5,-0.0161904,-0.0415323000000001,0.00015339999999997,4,1,2,3,4,1,3,2,4,1,3,2,4,2,1,3
"421",0.5,1,-0.75,-1.5,-1,-0.000373400000000079,0.0465235999999999,0.00020779999999998,3,2,1,4,3,1,2,4,4,1,2,3,3,2,1,4
"422",0.5,1,-0.75,-1,-1,-0.00303880000000001,0.0371254999999999,0.000231099999999929,3,2,1,4,3,1,2,4,4,1,2,3,3,2,1,4
"423",0.5,1,-0.75,-0.5,-1,-0.00589860000000009,0.0213426,0.000209099999999962,3,2,1,4,3,1,2,4,4,1,2,3,3,2,1,4
"424",0.5,1,-0.75,0,-1,-0.00816419999999995,0.000626600000000033,0.000231800000000004,3,2,1,4,3,1,2,4,4,1,2,3,3,2,1,4
"425",0.5,1,-0.75,0.5,-1,-0.00994019999999995,-0.0174784,0.000111699999999937,4,2,1,3,4,1,2,3,4,1,3,2,4,2,1,3
"426",0.5,1,-0.75,1,-1,-0.0112245999999999,-0.0294617,0.000116000000000005,4,3,1,2,4,1,2,3,4,1,3,2,4,2,1,3
"427",0.5,1,-0.75,1.5,-1,-0.0121251999999999,-0.0369360000000001,4.0799999999841e-05,4,3,1,2,4,1,3,2,4,1,3,2,4,3,1,2
"428",0.5,1,-0.2,-1.5,-1,-0.000228999999999924,0.0464312,0.000118400000000074,3,2,1,4,3,1,2,4,4,1,2,3,3,2,1,4
"429",0.5,1,-0.2,-1,-1,-0.00285670000000005,0.0370426,0.0001274,3,2,1,4,3,1,2,4,4,1,2,3,3,2,1,4
"430",0.5,1,-0.2,-0.5,-1,-0.00576049999999995,0.0211359000000001,2.02000000000258e-05,3,2,1,4,3,1,2,4,4,1,2,3,3,2,1,4
"431",0.5,1,-0.2,0,-1,-0.00810650000000002,0.000631900000000019,0.000233299999999992,3,2,1,4,3,1,2,4,4,1,2,3,3,2,1,4
"432",0.5,1,-0.2,0.5,-1,-0.00995929999999989,-0.0174681,0.000110199999999949,4,2,1,3,4,1,2,3,4,1,3,2,4,2,1,3
"433",0.5,1,-0.2,1,-1,-0.0111238,-0.0295038,0.000127000000000099,4,2,1,3,4,1,2,3,4,1,3,2,4,2,1,3
"434",0.5,1,-0.2,1.5,-1,-0.0121333999999998,-0.0370193999999999,4.99999999992173e-06,4,3,1,2,4,1,3,2,4,1,3,2,4,3,1,2
"435",0.5,1,0.2,-1.5,-1,-2.46000000001523e-05,0.0467311,0.000389900000000054,3,1,2,4,3,1,2,4,4,1,2,3,3,2,1,4
"436",0.5,1,0.2,-1,-1,-0.00287930000000014,0.0373812,0.00034959999999995,3,2,1,4,3,1,2,4,4,1,2,3,3,2,1,4
"437",0.5,1,0.2,-0.5,-1,-0.00569679999999995,0.0213285999999999,0.000374899999999956,3,2,1,4,3,1,2,4,4,1,2,3,3,2,1,4
"438",0.5,1,0.2,0,-1,-0.00803259999999995,0.000619899999999896,0.000229599999999941,3,2,1,4,3,1,2,4,4,1,2,3,3,2,1,4
"439",0.5,1,0.2,0.5,-1,-0.00987249999999995,-0.0175026,0.000127699999999953,4,2,1,3,4,1,2,3,4,1,3,2,4,2,1,3
"440",0.5,1,0.2,1,-1,-0.0111365,-0.0294768999999999,0.000128500000000087,4,2,1,3,4,1,2,3,4,1,3,2,4,2,1,3
"441",0.5,1,0.2,1.5,-1,-0.0120318,-0.0369641000000001,0.000106699999999904,4,2,1,3,4,1,3,2,4,1,3,2,4,3,1,2
"442",0.5,1,0.75,-1.5,-1,-0.000232100000000068,0.0465879,0.000345200000000045,3,1,2,4,3,1,2,4,4,1,2,3,3,2,1,4
"443",0.5,1,0.75,-1,-1,-0.0029771999999999,0.0372936,0.000337999999999949,3,1,2,4,3,1,2,4,4,1,2,3,3,2,1,4
"444",0.5,1,0.75,-0.5,-1,-0.00586330000000002,0.0213437,0.000245199999999945,3,1,2,4,3,1,2,4,4,1,2,3,3,2,1,4
"445",0.5,1,0.75,0,-1,-0.00799909999999993,0.00058109999999989,0.000188899999999936,3,1,2,4,3,1,2,4,4,1,2,3,3,2,1,4
"446",0.5,1,0.75,0.5,-1,-0.00968890000000011,-0.0175187999999999,0.00011810000000001,4,1,2,3,4,1,2,3,4,1,3,2,4,2,1,3
"447",0.5,1,0.75,1,-1,-0.0110267999999999,-0.0294950000000002,0.00011479999999997,4,1,2,3,4,1,2,3,4,1,3,2,4,2,1,3
"448",0.5,1,0.75,1.5,-1,-0.0119035,-0.0369581000000001,4.30999999998516e-05,4,1,2,3,4,1,3,2,4,1,3,2,4,3,1,2
"449",0.5,1,-0.75,-1.5,-0.5,-0.000941200000000086,0.0252691,0.000278800000000023,3,2,1,4,3,1,2,4,4,1,2,3,3,2,1,4
"450",0.5,1,-0.75,-1,-0.5,-0.0029229999999999,0.0193846000000001,0.00023620000000002,3,2,1,4,3,1,2,4,4,1,2,3,3,2,1,4
"451",0.5,1,-0.75,-0.5,-0.5,-0.00495860000000004,0.0100656,0.000279200000000035,3,2,1,4,3,1,2,4,4,1,2,3,3,2,1,4
"452",0.5,1,-0.75,0,-0.5,-0.00647410000000004,-0.00234920000000005,0.000290199999999907,3,2,1,4,3,1,2,4,4,1,2,3,3,2,1,4
"453",0.5,1,-0.75,0.5,-0.5,-0.00756549999999989,-0.0133318,0.000164800000000076,4,3,1,2,4,1,2,3,4,1,3,2,4,2,1,3
"454",0.5,1,-0.75,1,-0.5,-0.00841899999999995,-0.0207783,0.00012689999999993,4,3,1,2,4,1,2,3,4,1,3,2,4,2,1,3
"455",0.5,1,-0.75,1.5,-0.5,-0.00898030000000005,-0.025491,7.57999999999592e-05,3,4,1,2,4,1,3,2,4,1,3,2,4,3,1,2
"456",0.5,1,-0.2,-1.5,-0.5,-0.00100159999999994,0.0251288000000001,0.000237299999999996,3,2,1,4,3,1,2,4,4,1,2,3,3,2,1,4
"457",0.5,1,-0.2,-1,-0.5,-0.00280579999999997,0.0194019,0.000264799999999954,3,2,1,4,3,1,2,4,4,1,2,3,3,2,1,4
"458",0.5,1,-0.2,-0.5,-0.5,-0.00484349999999989,0.00993670000000002,0.000197700000000078,3,2,1,4,3,1,2,4,4,1,2,3,3,2,1,4
"459",0.5,1,-0.2,0,-0.5,-0.0064398,-0.0024014,0.000268500000000005,3,2,1,4,3,1,2,4,4,1,2,3,3,2,1,4
"460",0.5,1,-0.2,0.5,-0.5,-0.00758100000000006,-0.0133713,0.000169799999999998,4,2,1,3,4,1,2,3,4,1,3,2,4,2,1,3
"461",0.5,1,-0.2,1,-0.5,-0.00838459999999996,-0.0207944000000001,0.000145399999999962,4,3,1,2,4,1,2,3,4,1,3,2,4,2,1,3
"462",0.5,1,-0.2,1.5,-0.5,-0.00899849999999991,-0.0255532999999999,6.92000000001025e-05,4,3,1,2,4,1,3,2,4,1,3,2,4,3,1,2
"463",0.5,1,0.2,-1.5,-0.5,-0.000809300000000013,0.0251216,0.000230000000000063,3,2,1,4,3,1,2,4,4,1,2,3,3,2,1,4
"464",0.5,1,0.2,-1,-0.5,-0.00293240000000006,0.0193304,0.000243499999999952,3,2,1,4,3,1,2,4,4,1,2,3,3,2,1,4
"465",0.5,1,0.2,-0.5,-0.5,-0.00499859999999985,0.00985170000000002,0.000376400000000054,3,2,1,4,3,1,2,4,4,1,2,3,3,2,1,4
"466",0.5,1,0.2,0,-0.5,-0.00650940000000011,-0.00238799999999995,0.000253599999999965,3,2,1,4,3,1,2,4,4,1,2,3,3,2,1,4
"467",0.5,1,0.2,0.5,-0.5,-0.00775609999999982,-0.0132304,0.000237000000000043,4,2,1,3,4,1,2,3,4,1,3,2,4,2,1,3
"468",0.5,1,0.2,1,-0.5,-0.00853340000000002,-0.0207435,0.000161500000000037,4,2,1,3,4,1,2,3,4,1,3,2,4,2,1,3
"469",0.5,1,0.2,1.5,-0.5,-0.00909379999999993,-0.0255514,0.00013479999999999,4,3,1,2,4,1,3,2,4,1,3,2,4,3,1,2
"470",0.5,1,0.75,-1.5,-0.5,-0.000743799999999961,0.0251477,0.000322000000000044,3,1,2,4,3,1,2,4,4,1,2,3,3,2,1,4
"471",0.5,1,0.75,-1,-0.5,-0.00280990000000014,0.0193656,0.000336899999999973,3,1,2,4,3,1,2,4,4,1,2,3,3,2,1,4
"472",0.5,1,0.75,-0.5,-0.5,-0.0049536,0.00995040000000003,0.000335100000000033,3,1,2,4,3,1,2,4,4,1,2,3,3,2,1,4
"473",0.5,1,0.75,0,-0.5,-0.00644289999999992,-0.00241069999999999,0.000248499999999985,3,1,2,4,3,1,2,4,4,1,2,3,3,2,1,4
"474",0.5,1,0.75,0.5,-0.5,-0.0075769,-0.0132535,0.00026729999999997,4,1,2,3,4,1,2,3,4,1,3,2,4,2,1,3
"475",0.5,1,0.75,1,-0.5,-0.0083650999999999,-0.020717,0.000199500000000019,4,1,2,3,4,1,2,3,4,1,3,2,4,2,1,3
"476",0.5,1,0.75,1.5,-0.5,-0.00890200000000008,-0.0254983999999999,0.000148500000000107,4,1,2,3,4,1,3,2,4,1,3,2,4,3,1,2
"477",0.5,1,-0.75,-1.5,0,-0.00185250000000003,0.00632659999999996,0.000117600000000051,3,2,1,4,3,2,1,4,4,2,1,3,3,2,1,4
"478",0.5,1,-0.75,-1,0,-0.00341530000000012,0.00370110000000001,0.000114099999999895,3,2,1,4,3,2,1,4,4,2,1,3,3,2,1,4
"479",0.5,1,-0.75,-0.5,0,-0.00462229999999986,1.58000000000103e-05,0.000146900000000061,3,2,1,4,3,2,1,4,4,2,1,3,3,2,1,4
"480",0.5,1,-0.75,0,0,-0.00549569999999988,-0.00459900000000013,0.000209399999999915,3,2,1,4,3,2,1,4,4,2,1,3,3,2,1,4
"481",0.5,1,-0.75,0.5,0,-0.0060015000000001,-0.00925619999999994,7.86999999999871e-05,4,3,1,2,4,2,1,3,4,3,2,1,4,2,1,3
"482",0.5,1,-0.75,1,0,-0.00633289999999997,-0.0127441,0.000115100000000035,4,3,1,2,4,1,3,2,4,2,3,1,4,3,1,2
"483",0.5,1,-0.75,1.5,0,-0.0065259000000002,-0.0152132,2.56999999999064e-05,4,3,1,2,4,2,3,1,4,2,3,1,4,3,1,2
"484",0.5,1,-0.2,-1.5,0,-0.00187919999999997,0.00631329999999997,0.000124500000000083,3,2,1,4,3,2,1,4,4,2,1,3,3,2,1,4
"485",0.5,1,-0.2,-1,0,-0.00332319999999997,0.00371809999999995,0.00012549999999989,3,2,1,4,3,2,1,4,4,2,1,3,3,2,1,4
"486",0.5,1,-0.2,-0.5,0,-0.00456479999999992,4.20000000000975e-06,0.000132400000000032,3,2,1,4,3,2,1,4,4,2,1,3,3,2,1,4
"487",0.5,1,-0.2,0,0,-0.00546469999999999,-0.00461310000000004,0.000193699999999963,3,2,1,4,3,2,1,4,4,2,1,3,3,2,1,4
"488",0.5,1,-0.2,0.5,0,-0.00600380000000011,-0.00923779999999996,9.04999999999934e-05,4,3,1,2,4,1,2,3,4,2,3,1,4,2,1,3
"489",0.5,1,-0.2,1,0,-0.00628870000000004,-0.0127565000000001,0.000121700000000002,4,3,1,2,4,1,3,2,4,2,3,1,4,3,1,2
"490",0.5,1,-0.2,1.5,0,-0.00656010000000007,-0.0152462000000001,4.09999999998467e-05,4,3,1,2,4,2,3,1,4,2,3,1,4,3,1,2
"491",0.5,1,0.2,-1.5,0,-0.00175820000000004,0.00626409999999999,0.000130900000000045,3,2,1,4,3,2,1,4,4,2,1,3,3,2,1,4
"492",0.5,1,0.2,-1,0,-0.00332500000000002,0.0036406000000001,8.45999999999902e-05,3,2,1,4,3,2,1,4,4,2,1,3,3,2,1,4
"493",0.5,1,0.2,-0.5,0,-0.00464449999999994,-3.39999999998675e-06,0.000262900000000066,3,2,1,4,3,2,1,4,4,2,1,3,3,2,1,4
"494",0.5,1,0.2,0,0,-0.00546980000000008,-0.00472320000000004,0.000111599999999989,3,2,1,4,3,2,1,4,4,2,1,3,3,2,1,4
"495",0.5,1,0.2,0.5,0,-0.00605499999999992,-0.00921029999999989,0.000114900000000029,4,2,1,3,4,1,2,3,4,2,3,1,4,2,1,3
"496",0.5,1,0.2,1,0,-0.00641360000000013,-0.0127757999999999,0.00011300000000003,4,3,1,2,4,1,3,2,4,2,3,1,4,3,1,2
"497",0.5,1,0.2,1.5,0,-0.00663689999999995,-0.0152454,8.93999999999062e-05,4,3,1,2,4,2,3,1,4,2,3,1,4,3,1,2
"498",0.5,1,0.75,-1.5,0,-0.00182219999999989,0.00634040000000002,0.000202900000000117,3,2,1,4,3,2,1,4,4,2,1,3,3,2,1,4
"499",0.5,1,0.75,-1,0,-0.00344269999999991,0.0037455999999999,0.000202399999999825,3,2,1,4,3,2,1,4,4,2,1,3,3,2,1,4
"500",0.5,1,0.75,-0.5,0,-0.00469149999999996,0.000141500000000017,0.000285900000000061,3,2,1,4,3,2,1,4,4,2,1,3,3,2,1,4
"501",0.5,1,0.75,0,0,-0.00549029999999995,-0.00462170000000006,0.000187700000000013,3,2,1,4,3,2,1,4,4,2,1,3,3,2,1,4
"502",0.5,1,0.75,0.5,0,-0.00605689999999992,-0.00912449999999998,0.00018180000000001,4,2,1,3,4,1,2,3,4,2,3,1,4,2,1,3
"503",0.5,1,0.75,1,0,-0.00641170000000002,-0.0126594999999999,0.000221600000000044,4,2,1,3,4,1,3,2,4,2,3,1,4,3,1,2
"504",0.5,1,0.75,1.5,0,-0.00658769999999986,-0.0151087000000001,0.000156499999999893,4,3,1,2,4,2,3,1,4,2,3,1,4,3,1,2
"505",0.5,1,-0.75,-1.5,0.5,-0.00173009999999985,-0.00596629999999998,8.92999999999589e-05,4,2,1,3,4,2,1,3,4,2,1,3,4,2,1,3
"506",0.5,1,-0.75,-1,0.5,-0.00288129999999986,-0.00647170000000008,0.000179999999999847,3,2,1,4,3,2,1,4,4,2,1,3,3,2,1,4
"507",0.5,1,-0.75,-0.5,0.5,-0.00364429999999982,-0.00662059999999998,0.000158900000000073,4,2,1,3,4,3,1,2,4,3,1,2,4,2,1,3
"508",0.5,1,-0.75,0,0.5,-0.00402750000000007,-0.00687060000000006,0.000165099999999918,4,3,1,2,4,3,1,2,4,3,1,2,4,3,1,2
"509",0.5,1,-0.75,0.5,0.5,-0.00413620000000003,-0.00760609999999995,0.000127600000000005,4,3,1,2,4,3,1,2,4,3,2,1,4,3,1,2
"510",0.5,1,-0.75,1,0.5,-0.00414499999999984,-0.00858490000000001,9.17000000000279e-05,4,3,2,1,4,3,2,1,4,3,2,1,4,3,1,2
"511",0.5,1,-0.75,1.5,0.5,-0.00408389999999992,-0.00941029999999998,2.71000000000576e-05,4,3,2,1,4,3,2,1,4,3,2,1,4,3,2,1
"512",0.5,1,-0.2,-1.5,0.5,-0.00180729999999996,-0.00596510000000017,9.5999999999874e-05,4,2,1,3,4,2,1,3,4,2,1,3,4,2,1,3
"513",0.5,1,-0.2,-1,0.5,-0.00285430000000009,-0.00650960000000012,0.000124899999999872,3,2,1,4,3,2,1,4,4,2,1,3,3,2,1,4
"514",0.5,1,-0.2,-0.5,0.5,-0.00360969999999994,-0.00667139999999999,0.000111400000000095,4,2,1,3,4,3,1,2,4,3,1,2,4,2,1,3
"515",0.5,1,-0.2,0,0.5,-0.00397400000000003,-0.00688709999999992,0.000110300000000008,4,3,1,2,4,3,1,2,4,3,1,2,4,3,1,2
"516",0.5,1,-0.2,0.5,0.5,-0.00412860000000015,-0.00755910000000004,0.000130499999999922,4,3,1,2,4,3,1,2,4,3,2,1,4,3,1,2
"517",0.5,1,-0.2,1,0.5,-0.00408839999999999,-0.00855420000000007,7.87999999999345e-05,4,3,1,2,4,3,2,1,4,3,2,1,4,3,1,2
"518",0.5,1,-0.2,1.5,0.5,-0.00416019999999995,-0.00943680000000013,3.42999999999316e-05,4,3,2,1,4,3,2,1,4,3,2,1,4,3,2,1
"519",0.5,1,0.2,-1.5,0.5,-0.00180789999999997,-0.00609050000000011,3.50999999999546e-05,4,2,1,3,4,2,1,3,4,2,1,3,4,2,1,3
"520",0.5,1,0.2,-1,0.5,-0.00296550000000007,-0.00662189999999996,0.000105399999999922,3,2,1,4,3,2,1,4,4,2,1,3,3,2,1,4
"521",0.5,1,0.2,-0.5,0.5,-0.00378600000000007,-0.00672119999999998,0.000230900000000145,4,2,1,3,4,3,1,2,4,3,1,2,4,2,1,3
"522",0.5,1,0.2,0,0.5,-0.00413799999999998,-0.00694199999999989,0.000113800000000053,4,3,1,2,4,3,1,2,4,3,1,2,4,3,1,2
"523",0.5,1,0.2,0.5,0.5,-0.00426559999999987,-0.00767450000000003,4.93999999999772e-05,4,3,1,2,4,3,1,2,4,3,2,1,4,3,1,2
"524",0.5,1,0.2,1,0.5,-0.00428590000000006,-0.00869140000000002,2.00999999999674e-05,4,3,1,2,4,3,2,1,4,3,2,1,4,3,1,2
"525",0.5,1,0.2,1.5,0.5,-0.00424989999999992,-0.00946350000000007,4.74999999999781e-05,4,3,2,1,4,3,2,1,4,3,2,1,4,3,2,1
"526",0.5,1,0.75,-1.5,0.5,-0.00184880000000021,-0.00611759999999995,2.50000000001638e-06,4,2,1,3,4,2,1,3,4,2,1,3,4,2,1,3
"527",0.5,1,0.75,-1,0.5,-0.00300310000000004,-0.00669540000000002,7.08999999998738e-05,3,2,1,4,3,2,1,4,4,2,1,3,3,2,1,4
"528",0.5,1,0.75,-0.5,0.5,-0.00370649999999995,-0.0067623,0.000148000000000037,4,2,1,3,4,3,1,2,4,3,1,2,4,2,1,3
"529",0.5,1,0.75,0,0.5,-0.00402990000000003,-0.00692280000000001,0.000114199999999953,4,3,1,2,4,3,1,2,4,3,1,2,4,3,1,2
"530",0.5,1,0.75,0.5,0.5,-0.00418970000000007,-0.0076056000000001,8.37999999999672e-05,4,3,1,2,4,3,1,2,4,3,2,1,4,3,1,2
"531",0.5,1,0.75,1,0.5,-0.00423850000000014,-0.00858630000000005,6.35999999999415e-05,4,3,2,1,4,3,2,1,4,3,2,1,4,3,1,2
"532",0.5,1,0.75,1.5,0.5,-0.00418510000000005,-0.00939290000000004,5.48000000000215e-05,4,3,2,1,4,3,2,1,4,3,2,1,4,3,2,1
"533",0.5,1,-0.75,-1.5,1,-0.00129060000000003,-0.0140971000000001,-0.000120200000000126,3,4,1,2,3,4,1,2,3,4,1,2,3,4,1,2
"534",0.5,1,-0.75,-1,1,-0.00200489999999998,-0.0133455,-2.1600000000066e-05,3,4,1,2,3,4,1,2,3,4,1,2,3,4,1,2
"535",0.5,1,-0.75,-0.5,1,-0.00225599999999992,-0.0115051,-8.00000000011902e-06,3,4,1,2,3,4,1,2,3,4,1,2,3,4,1,2
"536",0.5,1,-0.75,0,1,-0.00226779999999993,-0.00933270000000008,4.40999999999914e-05,3,4,2,1,3,4,1,2,3,4,1,2,3,4,2,1
"537",0.5,1,-0.75,0.5,1,-0.00208439999999999,-0.00774449999999993,5.06000000000117e-05,3,4,2,1,3,4,2,1,3,4,2,1,3,4,2,1
"538",0.5,1,-0.75,1,1,-0.00188139999999992,-0.00705870000000008,2.51000000000001e-05,3,4,2,1,3,4,2,1,3,4,2,1,3,4,2,1
"539",0.5,1,-0.75,1.5,1,-0.00163249999999993,-0.00665090000000002,-2.50000000000528e-05,3,4,2,1,3,4,2,1,3,4,2,1,3,4,2,1
"540",0.5,1,-0.2,-1.5,1,-0.00129809999999997,-0.0140298,-3.29000000001134e-05,3,4,1,2,3,4,1,2,3,4,1,2,3,4,1,2
"541",0.5,1,-0.2,-1,1,-0.00190940000000006,-0.0133454999999999,1.87999999999855e-05,3,4,1,2,3,4,1,2,3,4,1,2,3,4,1,2
"542",0.5,1,-0.2,-0.5,1,-0.00211360000000005,-0.0114974000000001,1.52999999999404e-05,3,4,1,2,3,4,1,2,3,4,1,2,3,4,1,2
"543",0.5,1,-0.2,0,1,-0.00215230000000022,-0.00926070000000001,0.000121000000000038,3,4,2,1,3,4,1,2,3,4,1,2,3,4,2,1
"544",0.5,1,-0.2,0.5,1,-0.00203229999999999,-0.00777709999999998,6.6400000000022e-05,3,4,2,1,3,4,2,1,3,4,2,1,3,4,2,1
"545",0.5,1,-0.2,1,1,-0.00180559999999985,-0.00703759999999998,1.11000000000416e-05,3,4,2,1,3,4,2,1,3,4,2,1,3,4,2,1
"546",0.5,1,-0.2,1.5,1,-0.00168190000000001,-0.00666739999999999,-1.59000000000686e-05,3,4,2,1,3,4,2,1,3,4,2,1,3,4,2,1
"547",0.5,1,0.2,-1.5,1,-0.00143569999999993,-0.0140872,-2.76000000000165e-05,3,4,1,2,3,4,1,2,3,4,1,2,3,4,1,2
"548",0.5,1,0.2,-1,1,-0.00204890000000002,-0.0133880999999999,8.03999999999805e-05,3,4,1,2,3,4,1,2,3,4,1,2,3,4,1,2
"549",0.5,1,0.2,-0.5,1,-0.0023804999999999,-0.0115854000000001,6.99999999999035e-05,3,4,1,2,3,4,1,2,3,4,1,2,3,4,1,2
"550",0.5,1,0.2,0,1,-0.00229109999999988,-0.00931720000000003,0.000116800000000028,3,4,1,2,3,4,1,2,3,4,1,2,3,4,2,1
"551",0.5,1,0.2,0.5,1,-0.00210909999999997,-0.00778160000000006,8.58999999999721e-05,3,4,2,1,3,4,2,1,3,4,2,1,3,4,2,1
"552",0.5,1,0.2,1,1,-0.00194629999999996,-0.00703729999999991,0.000100100000000047,3,4,2,1,3,4,2,1,3,4,2,1,3,4,2,1
"553",0.5,1,0.2,1.5,1,-0.00169430000000004,-0.00663340000000001,0.000103999999999993,3,4,2,1,3,4,2,1,3,4,2,1,3,4,2,1
"554",0.5,1,0.75,-1.5,1,-0.00135319999999994,-0.013992,2.35999999999015e-05,3,4,1,2,3,4,1,2,3,4,1,2,3,4,1,2
"555",0.5,1,0.75,-1,1,-0.0019709,-0.0133591000000001,0.000122499999999914,3,4,1,2,3,4,1,2,3,4,1,2,3,4,1,2
"556",0.5,1,0.75,-0.5,1,-0.0022143,-0.0115013,0.000126699999999924,3,4,1,2,3,4,1,2,3,4,1,2,3,4,1,2
"557",0.5,1,0.75,0,1,-0.00221690000000008,-0.00923059999999998,0.00016970000000005,3,4,1,2,3,4,1,2,3,4,1,2,3,4,2,1
"558",0.5,1,0.75,0.5,1,-0.00207930000000012,-0.00769580000000003,0.000135699999999961,3,4,2,1,3,4,2,1,3,4,2,1,3,4,2,1
"559",0.5,1,0.75,1,1,-0.00189070000000002,-0.00691940000000002,0.000153599999999976,3,4,2,1,3,4,2,1,3,4,2,1,3,4,2,1
"560",0.5,1,0.75,1.5,1,-0.00165219999999999,-0.00653490000000001,0.000126399999999971,3,4,2,1,3,4,2,1,3,4,2,1,3,4,2,1
"561",0.5,1,-0.75,-1.5,1.5,-0.000714200000000109,-0.0191865000000001,-0.000180000000000069,3,4,1,2,3,4,1,2,3,4,1,2,3,4,1,2
"562",0.5,1,-0.75,-1,1.5,-0.00100509999999987,-0.0178904000000001,-0.000168700000000022,3,4,2,1,3,4,1,2,3,4,1,2,3,4,2,1
"563",0.5,1,-0.75,-0.5,1.5,-0.000887299999999813,-0.0149896,-6.68000000000335e-05,3,4,2,1,3,4,1,2,3,4,1,2,3,4,2,1
"564",0.5,1,-0.75,0,1.5,-0.000666300000000009,-0.0115305,1.52999999999404e-05,3,4,2,1,3,4,2,1,3,4,1,2,3,4,2,1
"565",0.5,1,-0.75,0.5,1.5,-0.000199800000000083,-0.00866540000000005,-9.43000000001026e-05,3,4,2,1,3,4,2,1,3,4,2,1,3,4,2,1
"566",0.5,1,-0.75,1,1.5,0.000165500000000041,-0.00685009999999997,-0.00011109999999992,3,4,2,1,3,4,2,1,3,4,2,1,3,4,2,1
"567",0.5,1,-0.75,1.5,1.5,0.000518200000000024,-0.0056678,-0.000156500000000004,3,4,2,1,3,4,2,1,3,4,2,1,3,4,2,1
"568",0.5,1,-0.2,-1.5,1.5,-0.000722200000000006,-0.0192647,-0.000286000000000008,3,4,1,2,3,4,1,2,3,4,1,2,3,4,1,2
"569",0.5,1,-0.2,-1,1.5,-0.000881400000000032,-0.0179115000000001,-0.000227899999999948,3,4,2,1,3,4,1,2,3,4,1,2,3,4,2,1
"570",0.5,1,-0.2,-0.5,1.5,-0.000783100000000148,-0.0150237999999998,-0.000111799999999884,3,4,2,1,3,4,1,2,3,4,1,2,3,4,2,1
"571",0.5,1,-0.2,0,1.5,-0.000530699999999995,-0.0116121,-6.49000000000344e-05,3,4,2,1,3,4,2,1,3,4,1,2,3,4,2,1
"572",0.5,1,-0.2,0.5,1.5,-0.000183399999999945,-0.00871929999999999,-0.000134000000000079,3,4,2,1,3,4,2,1,3,4,2,1,3,4,2,1
"573",0.5,1,-0.2,1,1.5,0.00016179999999999,-0.00684059999999986,-0.000128299999999859,3,4,2,1,3,4,2,1,3,4,2,1,3,4,2,1
"574",0.5,1,-0.2,1.5,1.5,0.00044820000000001,-0.00571929999999998,-0.000203700000000029,3,4,2,1,3,4,2,1,3,4,2,1,3,4,2,1
"575",0.5,1,0.2,-1.5,1.5,-0.000708399999999942,-0.0192647,-0.000179700000000116,3,4,1,2,3,4,1,2,3,4,1,2,3,4,1,2
"576",0.5,1,0.2,-1,1.5,-0.000748100000000029,-0.0178956999999998,-7.34999999998376e-05,3,4,1,2,3,4,1,2,3,4,1,2,3,4,2,1
"577",0.5,1,0.2,-0.5,1.5,-0.000699000000000005,-0.0149929999999999,-3.09999999992261e-06,3,4,2,1,3,4,1,2,3,4,1,2,3,4,2,1
"578",0.5,1,0.2,0,1.5,-0.000344300000000186,-0.0114786,7.4399999999919e-05,3,4,2,1,3,4,2,1,3,4,1,2,3,4,2,1
"579",0.5,1,0.2,0.5,1.5,1.66000000000333e-05,-0.00870150000000003,-9.87000000001181e-05,3,4,2,1,3,4,2,1,3,4,2,1,3,4,2,1
"580",0.5,1,0.2,1,1.5,0.000367600000000023,-0.0068703,-0.000124399999999913,3,4,2,1,3,4,2,1,3,4,2,1,3,4,2,1
"581",0.5,1,0.2,1.5,1.5,0.000761899999999982,-0.00568029999999997,-0.000116200000000011,3,4,2,1,3,4,2,1,3,4,2,1,3,4,2,1
"582",0.5,1,0.75,-1.5,1.5,-0.000665100000000085,-0.0192532000000001,-0.000192400000000092,3,4,1,2,3,4,1,2,3,4,1,2,3,4,1,2
"583",0.5,1,0.75,-1,1.5,-0.000736100000000017,-0.0179332,-8.81999999998717e-05,3,4,1,2,3,4,1,2,3,4,1,2,3,4,2,1
"584",0.5,1,0.75,-0.5,1.5,-0.000625700000000062,-0.015046,-1.56999999999519e-05,3,4,2,1,3,4,1,2,3,4,1,2,3,4,2,1
"585",0.5,1,0.75,0,1.5,-0.000339800000000001,-0.0115534,2.92999999998989e-05,3,4,2,1,3,4,2,1,3,4,1,2,3,4,2,1
"586",0.5,1,0.75,0.5,1.5,-5.30000000009689e-06,-0.00863459999999994,-6.60000000000105e-05,3,4,2,1,3,4,2,1,3,4,2,1,3,4,2,1
"587",0.5,1,0.75,1,1.5,0.000404299999999913,-0.00683490000000009,-0.000121599999999944,3,4,2,1,3,4,2,1,3,4,2,1,3,4,2,1
"588",0.5,1,0.75,1.5,1.5,0.00080530000000012,-0.00563610000000003,-0.000107400000000091,3,4,2,1,3,4,2,1,3,4,2,1,3,4,2,1
"589",1.5,1,-0.75,-1.5,-1.5,-0.00885729999999996,0.0633671,0.000110199999999949,4,1,2,3,4,1,2,3,4,1,2,3,4,1,2,3
"590",1.5,1,-0.75,-1,-1.5,-0.0193714000000001,0.0504013999999999,7.93000000000044e-05,3,1,2,4,3,1,2,4,4,1,2,3,3,1,2,4
"591",1.5,1,-0.75,-0.5,-1.5,-0.0283646000000001,0.0295392999999999,0.000168799999999969,4,1,2,3,4,1,2,3,4,1,2,3,4,1,2,3
"592",1.5,1,-0.75,0,-1.5,-0.0352675000000001,0.00321979999999999,0.000260400000000049,4,1,2,3,4,1,2,3,4,1,3,2,4,1,2,3
"593",1.5,1,-0.75,0.5,-1.5,-0.0403833,-0.0196863,0.000207699999999922,4,1,2,3,4,1,3,2,4,1,3,2,4,1,2,3
"594",1.5,1,-0.75,1,-1.5,-0.0442587999999999,-0.0353427999999999,0.000183000000000044,4,1,2,3,4,1,3,2,4,1,3,2,4,1,2,3
"595",1.5,1,-0.75,1.5,-1.5,-0.0471682,-0.0452724,0.00014740000000002,4,1,2,3,4,1,3,2,4,1,3,2,4,1,2,3
"596",1.5,1,-0.2,-1.5,-1.5,-0.00877629999999996,0.0634876,0.000177399999999994,4,1,2,3,4,1,2,3,4,1,2,3,4,1,2,3
"597",1.5,1,-0.2,-1,-1.5,-0.0194258,0.0504423000000001,0.000149200000000071,3,1,2,4,3,1,2,4,4,1,2,3,3,1,2,4
"598",1.5,1,-0.2,-0.5,-1.5,-0.0283837,0.029478,7.33000000000539e-05,4,1,2,3,4,1,2,3,4,1,2,3,4,1,2,3
"599",1.5,1,-0.2,0,-1.5,-0.0353171999999999,0.00324650000000004,0.000286600000000026,4,1,2,3,4,1,2,3,4,1,3,2,4,1,2,3
"600",1.5,1,-0.2,0.5,-1.5,-0.0404701000000001,-0.0196955,0.000189999999999912,4,1,2,3,4,1,3,2,4,1,3,2,4,1,2,3
"601",1.5,1,-0.2,1,-1.5,-0.0442954,-0.0353917999999999,0.000125600000000059,4,1,2,3,4,1,3,2,4,1,3,2,4,1,2,3
"602",1.5,1,-0.2,1.5,-1.5,-0.0472674000000002,-0.0453423000000001,9.07999999999465e-05,4,1,2,3,4,1,3,2,4,1,3,2,4,1,2,3
"603",1.5,1,0.2,-1.5,-1.5,-0.00913209999999998,0.0634423999999999,0.000173999999999896,4,1,2,3,4,1,2,3,4,1,2,3,4,1,2,3
"604",1.5,1,0.2,-1,-1.5,-0.0197292,0.0505215999999999,8.5600000000019e-05,3,1,2,4,3,1,2,4,4,1,2,3,3,1,2,4
"605",1.5,1,0.2,-0.5,-1.5,-0.0288301,0.0294074999999999,0.000135800000000019,4,1,2,3,4,1,2,3,4,1,2,3,4,1,2,3
"606",1.5,1,0.2,0,-1.5,-0.0356663999999999,0.00339540000000005,0.000453200000000042,4,1,2,3,4,1,2,3,4,1,3,2,4,1,2,3
"607",1.5,1,0.2,0.5,-1.5,-0.0407564,-0.019563,0.000346499999999916,4,1,2,3,4,1,3,2,4,1,3,2,4,1,2,3
"608",1.5,1,0.2,1,-1.5,-0.0445826,-0.0352489,0.000274899999999967,4,1,2,3,4,1,3,2,4,1,3,2,4,1,2,3
"609",1.5,1,0.2,1.5,-1.5,-0.0474283,-0.0452240999999999,0.000229000000000035,4,1,2,3,4,1,3,2,4,1,3,2,4,1,2,3
"610",1.5,1,0.75,-1.5,-1.5,-0.0090713,0.063319,0.000152900000000011,4,1,2,3,4,1,2,3,4,1,2,3,4,1,2,3
"611",1.5,1,0.75,-1,-1.5,-0.0197584,0.0504324999999999,0.00010969999999999,3,1,2,4,3,1,2,4,4,1,2,3,3,1,2,4
"612",1.5,1,0.75,-0.5,-1.5,-0.0288449000000001,0.0294179999999999,4.85000000000069e-05,4,1,2,3,4,1,2,3,4,1,2,3,4,1,2,3
"613",1.5,1,0.75,0,-1.5,-0.0356031,0.00340220000000013,0.000455000000000094,4,1,2,3,4,1,2,3,4,1,3,2,4,1,2,3
"614",1.5,1,0.75,0.5,-1.5,-0.0406544999999998,-0.0195612999999999,0.000378499999999948,4,1,2,3,4,1,3,2,4,1,3,2,4,1,2,3
"615",1.5,1,0.75,1,-1.5,-0.0445285,-0.0352401999999999,0.000232200000000016,4,1,2,3,4,1,3,2,4,1,3,2,4,1,2,3
"616",1.5,1,0.75,1.5,-1.5,-0.0473932,-0.0452812,0.000148499999999996,4,1,2,3,4,1,3,2,4,1,3,2,4,1,2,3
"617",1.5,1,-0.75,-1.5,-1,-0.00406819999999997,0.0472622999999999,0.000180499999999917,3,1,2,4,3,1,2,4,4,1,2,3,3,1,2,4
"618",1.5,1,-0.75,-1,-1,-0.0126981,0.0374371,0.000167399999999929,3,1,2,4,3,1,2,4,4,1,2,3,3,1,2,4
"619",1.5,1,-0.75,-0.5,-1,-0.0204482,0.0213616999999999,0.000162299999999949,3,2,1,4,3,1,2,4,4,1,2,3,3,1,2,4
"620",1.5,1,-0.75,0,-1,-0.0263107000000001,0.000436700000000068,0.000220400000000009,3,2,1,4,3,1,2,4,4,1,3,2,3,1,2,4
"621",1.5,1,-0.75,0.5,-1,-0.0305927000000001,-0.0177703000000001,0.00013339999999995,4,2,1,3,3,1,4,2,4,1,3,2,4,1,2,3
"622",1.5,1,-0.75,1,-1,-0.0337108999999999,-0.0298771,0.000129400000000057,4,2,1,3,3,1,4,2,4,1,3,2,4,1,2,3
"623",1.5,1,-0.75,1.5,-1,-0.0360459,-0.037423,4.9599999999983e-05,4,2,1,3,3,1,4,2,4,1,3,2,4,1,2,3
"624",1.5,1,-0.2,-1.5,-1,-0.00408719999999985,0.0471779999999999,0.00010179999999993,3,1,2,4,3,1,2,4,4,1,2,3,3,1,2,4
"625",1.5,1,-0.2,-1,-1,-0.012638,0.0373317,4.30000000000152e-05,3,1,2,4,3,1,2,4,4,1,2,3,3,1,2,4
"626",1.5,1,-0.2,-0.5,-1,-0.0203519,0.0211322,-4.4799999999956e-05,3,1,2,4,3,1,2,4,4,1,2,3,3,1,2,4
"627",1.5,1,-0.2,0,-1,-0.0262828999999999,0.000441800000000048,0.000224899999999972,3,1,2,4,3,1,2,4,4,1,3,2,3,1,2,4
"628",1.5,1,-0.2,0.5,-1,-0.0305601999999999,-0.0178147,7.97000000000159e-05,4,1,2,3,3,1,4,2,4,1,3,2,4,1,2,3
"629",1.5,1,-0.2,1,-1,-0.0336109999999999,-0.0299716999999999,9.18000000000863e-05,4,1,2,3,3,1,4,2,4,1,3,2,4,1,2,3
"630",1.5,1,-0.2,1.5,-1,-0.0360277,-0.0375295999999999,-5.00000000003276e-06,4,1,2,3,3,1,4,2,4,1,3,2,4,1,2,3
"631",1.5,1,0.2,-1.5,-1,-0.0037602000000001,0.0474922999999999,0.000370399999999993,3,1,2,4,3,1,2,4,4,1,2,3,3,1,2,4
"632",1.5,1,0.2,-1,-1,-0.0125106,0.0377515,0.000325799999999932,3,1,2,4,3,1,2,4,4,1,2,3,3,1,2,4
"633",1.5,1,0.2,-0.5,-1,-0.0203747000000001,0.0213492999999999,0.000309099999999951,3,1,2,4,3,1,2,4,4,1,2,3,3,1,2,4
"634",1.5,1,0.2,0,-1,-0.0262806999999999,0.000455199999999878,0.000227599999999883,3,1,2,4,3,1,2,4,4,1,3,2,3,1,2,4
"635",1.5,1,0.2,0.5,-1,-0.0305416999999999,-0.0178006000000001,0.000128300000000081,4,1,2,3,3,1,4,2,4,1,3,2,4,1,2,3
"636",1.5,1,0.2,1,-1,-0.0336005,-0.0298769999999999,0.000141800000000081,4,1,2,3,3,1,4,2,4,1,3,2,4,1,2,3
"637",1.5,1,0.2,1.5,-1,-0.0358694000000002,-0.0374223,0.000129900000000016,4,1,2,3,3,1,4,2,4,1,3,2,4,1,2,3
"638",1.5,1,0.75,-1.5,-1,-0.00386710000000012,0.0473358,0.000320399999999998,3,1,2,4,3,1,2,4,4,1,2,3,3,1,2,4
"639",1.5,1,0.75,-1,-1,-0.0126281999999999,0.0377011,0.000358300000000034,3,1,2,4,3,1,2,4,4,1,2,3,3,1,2,4
"640",1.5,1,0.75,-0.5,-1,-0.0205685999999999,0.0214000999999999,0.000219399999999981,3,1,2,4,3,1,2,4,4,1,2,3,3,1,2,4
"641",1.5,1,0.75,0,-1,-0.0262939999999999,0.00042769999999992,0.000203499999999912,3,1,2,4,3,1,2,4,4,1,3,2,3,1,2,4
"642",1.5,1,0.75,0.5,-1,-0.030433,-0.0178041,0.000135900000000078,4,1,2,3,3,1,4,2,4,1,3,2,4,1,2,3
"643",1.5,1,0.75,1,-1,-0.0335764000000001,-0.0299029000000002,0.000125399999999942,4,1,2,3,3,1,4,2,4,1,3,2,4,1,2,3
"644",1.5,1,0.75,1.5,-1,-0.0358614999999999,-0.0374279000000001,6.20999999999539e-05,4,1,2,3,3,1,4,2,4,1,3,2,4,1,2,3
"645",1.5,1,-0.75,-1.5,-0.5,-0.00251400000000002,0.0271693000000001,0.000262100000000043,3,2,1,4,3,1,2,4,4,1,2,3,3,1,2,4
"646",1.5,1,-0.75,-1,-0.5,-0.0082721,0.021213,0.000184799999999985,3,2,1,4,3,1,2,4,3,1,2,4,3,2,1,4
"647",1.5,1,-0.75,-0.5,-0.5,-0.0133530000000001,0.0118598999999999,0.000251800000000024,3,2,1,4,2,1,3,4,3,1,2,4,3,2,1,4
"648",1.5,1,-0.75,0,-0.5,-0.0171243999999999,-0.000541899999999984,0.000287499999999996,2,3,1,4,2,1,3,4,3,1,4,2,3,2,1,4
"649",1.5,1,-0.75,0.5,-0.5,-0.0197651000000001,-0.0114432,0.000195200000000062,2,3,1,4,2,1,4,3,3,1,4,2,3,2,1,4
"650",1.5,1,-0.75,1,-0.5,-0.0217276,-0.0188737999999999,0.000139499999999959,3,4,1,2,3,1,4,2,3,2,4,1,3,4,1,2
"651",1.5,1,-0.75,1.5,-0.5,-0.0231565,-0.0235338,8.39000000000256e-05,3,4,1,2,3,2,4,1,3,2,4,1,3,4,2,1
"652",1.5,1,-0.2,-1.5,-0.5,-0.00253769999999998,0.0270646,0.000232199999999905,3,1,2,4,3,1,2,4,4,1,2,3,3,1,2,4
"653",1.5,1,-0.2,-1,-0.5,-0.00821299999999991,0.0212328000000001,0.000189400000000006,3,2,1,4,3,1,2,4,3,1,2,4,3,2,1,4
"654",1.5,1,-0.2,-0.5,-0.5,-0.0132673,0.0117364,0.000144900000000114,3,2,1,4,2,1,3,4,3,1,2,4,3,2,1,4
"655",1.5,1,-0.2,0,-0.5,-0.0170213,-0.000550599999999957,0.00027569999999999,3,2,1,4,2,1,3,4,3,1,4,2,3,2,1,4
"656",1.5,1,-0.2,0.5,-0.5,-0.0197598000000001,-0.0114780999999999,0.000175200000000042,2,3,1,4,2,1,4,3,3,1,4,2,3,2,1,4
"657",1.5,1,-0.2,1,-0.5,-0.021703,-0.018881,0.000132799999999933,3,4,1,2,3,1,4,2,3,2,4,1,3,4,1,2
"658",1.5,1,-0.2,1.5,-0.5,-0.0231771,-0.0235688000000001,7.73000000000579e-05,3,4,1,2,3,2,4,1,3,2,4,1,3,4,2,1
"659",1.5,1,0.2,-1.5,-0.5,-0.00243650000000006,0.0270359,0.000224800000000025,3,1,2,4,3,1,2,4,4,1,2,3,3,1,2,4
"660",1.5,1,0.2,-1,-0.5,-0.00829010000000008,0.021178,0.000200699999999943,3,2,1,4,3,1,2,4,3,1,2,4,3,2,1,4
"661",1.5,1,0.2,-0.5,-0.5,-0.0133736999999999,0.0115964000000001,0.000306200000000145,3,2,1,4,2,1,3,4,3,1,2,4,3,2,1,4
"662",1.5,1,0.2,0,-0.5,-0.0171303,-0.000604099999999996,0.000234599999999974,3,2,1,4,2,1,3,4,3,1,4,2,3,2,1,4
"663",1.5,1,0.2,0.5,-0.5,-0.0198229999999999,-0.011388,0.000227300000000041,3,2,1,4,2,1,4,3,3,1,4,2,3,2,1,4
"664",1.5,1,0.2,1,-0.5,-0.0217780000000001,-0.0188444,0.000167000000000028,4,3,1,2,3,1,4,2,3,2,4,1,3,4,1,2
"665",1.5,1,0.2,1.5,-0.5,-0.0232091999999999,-0.023597,0.000142500000000045,3,4,2,1,3,2,4,1,3,2,4,1,3,4,2,1
"666",1.5,1,0.75,-1.5,-0.5,-0.00251749999999995,0.0270729999999999,0.000308899999999945,3,1,2,4,3,1,2,4,4,1,2,3,3,1,2,4
"667",1.5,1,0.75,-1,-0.5,-0.00831039999999994,0.0212569,0.000322999999999962,3,1,2,4,3,1,2,4,3,1,2,4,3,2,1,4
"668",1.5,1,0.75,-0.5,-0.5,-0.013486,0.011763,0.000309000000000004,3,1,2,4,2,1,3,4,3,1,2,4,3,2,1,4
"669",1.5,1,0.75,0,-0.5,-0.0172019999999998,-0.00058630000000004,0.000245799999999963,3,2,1,4,2,1,3,4,3,1,4,2,3,2,1,4
"670",1.5,1,0.75,0.5,-0.5,-0.0198246999999999,-0.0113777,0.000260599999999944,3,2,1,4,2,1,4,3,3,1,4,2,3,2,1,4
"671",1.5,1,0.75,1,-0.5,-0.0217571,-0.0188157,0.000179399999999941,4,2,1,3,3,1,4,2,3,2,4,1,3,4,1,2
"672",1.5,1,0.75,1.5,-0.5,-0.0231812000000001,-0.0235422,0.000133700000000125,4,3,2,1,3,2,4,1,3,2,4,1,3,4,2,1
"673",1.5,1,-0.75,-1.5,0,-0.00329590000000013,0.00972720000000005,0.000143000000000004,2,3,1,4,3,2,1,4,3,2,1,4,2,3,1,4
"674",1.5,1,-0.75,-1,0,-0.00621990000000006,0.00722610000000001,0.000115499999999935,2,3,1,4,1,3,2,4,2,3,1,4,2,3,1,4
"675",1.5,1,-0.75,-0.5,0,-0.00851449999999998,0.00365699999999991,0.00017109999999998,2,3,1,4,1,3,2,4,1,4,2,3,2,3,1,4
"676",1.5,1,-0.75,0,0,-0.0101831999999999,-0.000825900000000046,0.000247999999999915,1,4,2,3,1,4,2,3,1,4,3,2,1,4,2,3
"677",1.5,1,-0.75,0.5,0,-0.0112464999999999,-0.00531059999999994,0.000134300000000143,1,4,2,3,1,4,3,2,2,4,3,1,1,4,2,3
"678",1.5,1,-0.75,1,0,-0.0120217,-0.0086757999999999,0.000147000000000119,1,4,3,2,1,4,3,2,2,4,3,1,1,4,3,2
"679",1.5,1,-0.75,1.5,0,-0.0125883999999999,-0.0110068000000001,4.45999999999502e-05,2,4,3,1,2,4,3,1,2,4,3,1,2,4,3,1
"680",1.5,1,-0.2,-1.5,0,-0.00332690000000002,0.0096716,0.000110300000000008,2,3,1,4,3,2,1,4,3,2,1,4,2,3,1,4
"681",1.5,1,-0.2,-1,0,-0.00622219999999996,0.00719049999999999,7.60999999999123e-05,2,3,1,4,1,3,2,4,2,3,1,4,2,3,1,4
"682",1.5,1,-0.2,-0.5,0,-0.0085540999999999,0.00360099999999997,0.000109800000000049,2,3,1,4,1,3,2,4,1,4,2,3,2,3,1,4
"683",1.5,1,-0.2,0,0,-0.0101761,-0.000838400000000017,0.000232400000000021,1,4,2,3,1,4,2,3,1,4,3,2,1,4,2,3
"684",1.5,1,-0.2,0.5,0,-0.0113329,-0.00532490000000008,0.000116600000000022,1,4,2,3,1,4,3,2,2,4,3,1,1,4,2,3
"685",1.5,1,-0.2,1,0,-0.0120489,-0.00872819999999996,0.000117400000000045,1,4,3,2,1,4,3,2,2,4,3,1,1,4,3,2
"686",1.5,1,-0.2,1.5,0,-0.0126483999999999,-0.0110653000000001,3.89999999999002e-05,2,4,3,1,2,4,3,1,2,4,3,1,2,4,3,1
"687",1.5,1,0.2,-1.5,0,-0.00323030000000002,0.00970209999999994,0.00015759999999998,3,2,1,4,3,2,1,4,3,2,1,4,2,3,1,4
"688",1.5,1,0.2,-1,0,-0.00616640000000002,0.00722650000000014,0.00011249999999996,2,3,1,4,1,3,2,4,2,3,1,4,2,3,1,4
"689",1.5,1,0.2,-0.5,0,-0.00844750000000005,0.00365610000000005,0.000275800000000048,2,3,1,4,1,3,2,4,1,4,2,3,2,3,1,4
"690",1.5,1,0.2,0,0,-0.0100374,-0.000916300000000092,0.000163499999999872,1,4,2,3,1,4,2,3,1,4,3,2,1,4,2,3
"691",1.5,1,0.2,0.5,0,-0.0111461000000002,-0.00524609999999992,0.000161700000000153,1,4,2,3,1,4,3,2,2,4,3,1,1,4,2,3
"692",1.5,1,0.2,1,0,-0.0119330000000001,-0.00865959999999988,0.000159900000000102,1,4,3,2,1,4,3,2,2,4,3,1,1,4,3,2
"693",1.5,1,0.2,1.5,0,-0.0125304000000001,-0.0109973,0.000125399999999942,2,4,3,1,2,4,3,1,2,4,3,1,2,4,3,1
"694",1.5,1,0.75,-1.5,0,-0.00327120000000003,0.00976859999999991,0.000223399999999985,3,2,1,4,3,2,1,4,3,2,1,4,2,3,1,4
"695",1.5,1,0.75,-1,0,-0.00624860000000005,0.00732809999999995,0.000226499999999907,2,3,1,4,1,3,2,4,2,3,1,4,2,3,1,4
"696",1.5,1,0.75,-0.5,0,-0.00853009999999998,0.00380750000000007,0.000312400000000101,1,3,2,4,1,3,2,4,1,4,2,3,2,3,1,4
"697",1.5,1,0.75,0,0,-0.0101267,-0.000840400000000074,0.000229099999999982,1,3,2,4,1,4,2,3,1,4,3,2,1,4,2,3
"698",1.5,1,0.75,0.5,0,-0.0112240000000001,-0.00519510000000001,0.000202500000000105,1,4,2,3,1,4,3,2,2,4,3,1,1,4,2,3
"699",1.5,1,0.75,1,0,-0.0120304,-0.00860769999999988,0.000215600000000093,1,4,3,2,1,4,3,2,2,4,3,1,1,4,3,2
"700",1.5,1,0.75,1.5,0,-0.0125732999999999,-0.0109113,0.000146800000000002,2,4,3,1,2,4,3,1,2,4,3,1,2,4,3,1
"701",1.5,1,-0.75,-1.5,0.5,-0.00217699999999998,-0.00107159999999995,7.37999999999017e-05,2,4,1,3,2,4,1,3,2,4,1,3,2,4,1,3
"702",1.5,1,-0.75,-1,0.5,-0.00328649999999997,-0.00120799999999999,0.000105299999999975,1,4,2,3,1,4,2,3,1,4,2,3,1,4,2,3
"703",1.5,1,-0.75,-0.5,0.5,-0.00395160000000006,-0.00103319999999996,0.000120200000000126,1,4,2,3,1,4,2,3,1,4,2,3,1,4,2,3
"704",1.5,1,-0.75,0,0.5,-0.00432860000000013,-0.000981400000000021,0.000164900000000023,1,4,2,3,1,4,3,2,1,4,3,2,1,4,2,3
"705",1.5,1,-0.75,0.5,0.5,-0.00441709999999995,-0.00145269999999997,0.000127700000000064,1,4,3,2,1,4,3,2,1,4,3,2,1,4,3,2
"706",1.5,1,-0.75,1,0.5,-0.00439110000000009,-0.00220220000000004,7.19000000000136e-05,1,4,3,2,1,4,3,2,2,4,3,1,1,4,3,2
"707",1.5,1,-0.75,1.5,0.5,-0.0043181000000001,-0.00281699999999996,-1.24000000000235e-05,2,4,3,1,2,4,3,1,2,4,3,1,2,4,3,1
"708",1.5,1,-0.2,-1.5,0.5,-0.00220169999999997,-0.00113490000000005,6.4799999999865e-05,2,4,1,3,2,4,1,3,2,4,1,3,2,4,1,3
"709",1.5,1,-0.2,-1,0.5,-0.00331190000000003,-0.0012698000000001,4.96999999999304e-05,1,4,2,3,1,4,2,3,1,4,2,3,1,4,2,3
"710",1.5,1,-0.2,-0.5,0.5,-0.00403269999999989,-0.00113570000000007,5.56000000000445e-05,1,4,2,3,1,4,2,3,1,4,2,3,1,4,2,3
"711",1.5,1,-0.2,0,0.5,-0.00435680000000005,-0.0010483,0.000102600000000064,1,4,2,3,1,4,3,2,1,4,3,2,1,4,2,3
"712",1.5,1,-0.2,0.5,0.5,-0.00451180000000007,-0.00146599999999997,0.000113099999999977,1,4,3,2,1,4,3,2,1,4,3,2,1,4,3,2
"713",1.5,1,-0.2,1,0.5,-0.00443329999999997,-0.0022352000000001,4.16999999999224e-05,1,4,3,2,1,4,3,2,2,4,3,1,1,4,3,2
"714",1.5,1,-0.2,1.5,0.5,-0.00444219999999984,-0.00287870000000001,-3.50000000004513e-06,2,4,3,1,2,4,3,1,2,4,3,1,2,4,3,1
"715",1.5,1,0.2,-1.5,0.5,-0.00224259999999998,-0.00115130000000008,6.6399999999911e-05,2,4,1,3,2,4,1,3,2,4,1,3,2,4,1,3
"716",1.5,1,0.2,-1,0.5,-0.00335350000000012,-0.00128439999999996,8.62999999999836e-05,1,4,2,3,1,4,2,3,1,4,2,3,1,4,2,3
"717",1.5,1,0.2,-0.5,0.5,-0.00400610000000001,-0.00111379999999994,0.000198800000000166,1,4,2,3,1,4,2,3,1,4,2,3,1,4,2,3
"718",1.5,1,0.2,0,0.5,-0.00427589999999989,-0.00104169999999992,0.000114300000000123,1,4,2,3,1,4,3,2,1,4,3,2,1,4,2,3
"719",1.5,1,0.2,0.5,0.5,-0.00438729999999998,-0.0014983999999999,5.24000000000635e-05,1,4,3,2,1,4,3,2,1,4,3,2,1,4,3,2
"720",1.5,1,0.2,1,0.5,-0.00438830000000012,-0.00224849999999999,3.67000000000006e-05,1,4,3,2,1,4,3,2,2,4,3,1,1,4,3,2
"721",1.5,1,0.2,1.5,0.5,-0.00437689999999979,-0.00281160000000003,4.83000000000011e-05,2,4,3,1,2,4,3,1,2,4,3,1,2,4,3,1
"722",1.5,1,0.75,-1.5,0.5,-0.00232330000000014,-0.00120160000000002,1.18999999999536e-05,2,4,1,3,2,4,1,3,2,4,1,3,2,4,1,3
"723",1.5,1,0.75,-1,0.5,-0.00344179999999994,-0.0013491000000001,6.0799999999861e-05,1,4,2,3,1,4,2,3,1,4,2,3,1,4,2,3
"724",1.5,1,0.75,-0.5,0.5,-0.00399879999999997,-0.00115489999999996,0.000122600000000084,1,4,2,3,1,4,2,3,1,4,2,3,1,4,2,3
"725",1.5,1,0.75,0,0.5,-0.00427619999999984,-0.0010387999999999,0.000107800000000102,1,4,2,3,1,4,3,2,1,4,3,2,1,4,2,3
"726",1.5,1,0.75,0.5,0.5,-0.00441520000000006,-0.00145600000000001,6.97000000000614e-05,1,4,3,2,1,4,3,2,1,4,3,2,1,4,3,2
"727",1.5,1,0.75,1,0.5,-0.00443700000000014,-0.00220970000000009,2.59999999999705e-05,1,4,3,2,1,4,3,2,2,4,3,1,1,4,3,2
"728",1.5,1,0.75,1.5,0.5,-0.00439259999999997,-0.00278230000000002,1.87999999999855e-05,2,4,3,1,2,4,3,1,2,4,3,1,2,4,3,1
"729",1.5,1,-0.75,-1.5,1,-0.000540800000000008,-0.0078549,-0.000109400000000037,1,4,2,3,2,4,1,3,2,4,1,3,1,4,2,3
"730",1.5,1,-0.75,-1,1,-0.000348800000000038,-0.00640090000000004,-8.92000000000115e-05,1,4,2,3,1,4,2,3,1,4,2,3,1,4,2,3
"731",1.5,1,-0.75,-0.5,1,5.23000000000051e-05,-0.00397150000000002,-3.39000000000311e-05,1,4,3,2,1,4,3,2,1,4,2,3,1,4,3,2
"732",1.5,1,-0.75,0,1,0.000481100000000012,-0.00132800000000011,1.17999999998952e-05,1,4,3,2,1,4,3,2,1,4,3,2,1,4,3,2
"733",1.5,1,-0.75,0.5,1,0.00104359999999992,0.000664200000000115,5.79999999994474e-06,1,4,3,2,1,4,3,2,1,4,3,2,1,4,3,2
"734",1.5,1,-0.75,1,1,0.00155790000000011,0.00169989999999987,-2.99000000000271e-05,2,4,3,1,2,4,3,1,2,4,3,1,2,4,3,1
"735",1.5,1,-0.75,1.5,1,0.00206039999999996,0.00241469999999999,-8.35000000000141e-05,2,4,3,1,2,4,3,1,2,4,3,1,2,4,3,1
"736",1.5,1,-0.2,-1.5,1,-0.000554799999999966,-0.0078435,-8.23000000000906e-05,1,4,2,3,2,4,1,3,2,4,1,3,1,4,2,3
"737",1.5,1,-0.2,-1,1,-0.000319000000000069,-0.00641349999999996,-8.85999999998832e-05,1,4,2,3,1,4,2,3,1,4,2,3,1,4,2,3
"738",1.5,1,-0.2,-0.5,1,5.71999999999795e-05,-0.00400509999999998,-5.58999999999976e-05,1,4,3,2,1,4,3,2,1,4,2,3,1,4,3,2
"739",1.5,1,-0.2,0,1,0.00054069999999995,-0.00129180000000007,5.55999999999335e-05,1,4,3,2,1,4,3,2,1,4,3,2,1,4,3,2
"740",1.5,1,-0.2,0.5,1,0.0010213,0.000586799999999998,-3.53000000000714e-05,1,4,3,2,1,4,3,2,1,4,3,2,1,4,3,2
"741",1.5,1,-0.2,1,1,0.00159450000000005,0.00167150000000005,-9.14999999999111e-05,2,4,3,1,2,4,3,1,2,4,3,1,2,4,3,1
"742",1.5,1,-0.2,1.5,1,0.00199739999999993,0.00237080000000001,-9.9999999999989e-05,2,4,3,1,2,4,3,1,2,4,3,1,2,4,3,1
"743",1.5,1,0.2,-1.5,1,-0.000523899999999911,-0.00783559999999994,-6.13000000000419e-05,1,4,2,3,2,4,1,3,2,4,1,3,1,4,2,3
"744",1.5,1,0.2,-1,1,-0.000343700000000058,-0.00638339999999993,-3.89999999994561e-06,1,4,2,3,1,4,2,3,1,4,2,3,1,4,2,3
"745",1.5,1,0.2,-0.5,1,1.09999999999832e-05,-0.0040247000000001,1.29999999999297e-05,1,4,3,2,1,4,3,2,1,4,2,3,1,4,3,2
"746",1.5,1,0.2,0,1,0.000586900000000057,-0.00126840000000006,7.49999999999362e-05,1,4,3,2,1,4,3,2,1,4,3,2,1,4,3,2
"747",1.5,1,0.2,0.5,1,0.00115699999999996,0.000712200000000052,4.49999999999617e-05,1,4,3,2,1,4,3,2,1,4,3,2,1,4,3,2
"748",1.5,1,0.2,1,1,0.00165000000000004,0.00183559999999994,7.80999999999699e-05,2,4,3,1,2,4,3,1,2,4,3,1,2,4,3,1
"749",1.5,1,0.2,1.5,1,0.00209040000000005,0.00253560000000008,7.14000000000548e-05,2,4,3,1,2,4,3,1,2,4,3,1,2,4,3,1
"750",1.5,1,0.75,-1.5,1,-0.000505000000000089,-0.00775569999999992,2.48999999999944e-05,2,4,1,3,2,4,1,3,2,4,1,3,1,4,2,3
"751",1.5,1,0.75,-1,1,-0.000298200000000026,-0.00634370000000006,9.13999999999637e-05,1,4,2,3,1,4,2,3,1,4,2,3,1,4,2,3
"752",1.5,1,0.75,-0.5,1,0.000175799999999837,-0.00398320000000008,7.80999999999699e-05,1,4,3,2,1,4,3,2,1,4,2,3,1,4,3,2
"753",1.5,1,0.75,0,1,0.000681700000000007,-0.00122129999999998,0.000127500000000058,1,4,3,2,1,4,3,2,1,4,3,2,1,4,3,2
"754",1.5,1,0.75,0.5,1,0.00117429999999985,0.000727399999999823,7.64999999998128e-05,1,4,3,2,1,4,3,2,1,4,3,2,1,4,3,2
"755",1.5,1,0.75,1,1,0.00168840000000015,0.00184949999999995,7.80999999999699e-05,2,4,3,1,2,4,3,1,2,4,3,1,2,4,3,1
"756",1.5,1,0.75,1.5,1,0.00214740000000013,0.00254920000000003,5.48000000000215e-05,2,4,3,1,2,4,3,1,2,4,3,1,2,4,3,1
"757",1.5,1,-0.75,-1.5,1.5,0.0010559,-0.0119157,6.879999999998e-05,1,4,3,2,1,4,2,3,1,4,2,3,1,4,3,2
"758",1.5,1,-0.75,-1,1.5,0.00218360000000006,-0.00943889999999992,0.000121499999999997,1,4,3,2,1,4,3,2,1,4,2,3,1,4,3,2
"759",1.5,1,-0.75,-0.5,1.5,0.00325340000000007,-0.00579519999999989,0.000133999999999967,1,4,3,2,1,4,3,2,1,4,2,3,1,4,3,2
"760",1.5,1,-0.75,0,1.5,0.00437500000000013,-0.00166630000000001,0.000147499999999967,2,4,3,1,2,4,3,1,1,4,3,2,2,4,3,1
"761",1.5,1,-0.75,0.5,1.5,0.00534690000000004,0.0017583000000001,0.000217200000000028,2,4,3,1,2,4,3,1,1,4,3,2,2,4,3,1
"762",1.5,1,-0.75,1,1.5,0.00626140000000008,0.00408960000000003,0.000153599999999976,2,4,3,1,2,4,3,1,1,4,3,2,2,4,3,1
"763",1.5,1,-0.75,1.5,1.5,0.00701779999999996,0.00568360000000001,0.00013950000000007,2,4,3,1,2,4,3,1,2,4,3,1,2,4,3,1
"764",1.5,1,-0.2,-1.5,1.5,0.00101889999999993,-0.0119052000000001,-5.52999999999804e-05,1,4,3,2,1,4,2,3,1,4,2,3,1,4,3,2
"765",1.5,1,-0.2,-1,1.5,0.00216440000000007,-0.00947860000000011,-2.17000000000134e-05,1,4,3,2,1,4,3,2,1,4,2,3,1,4,3,2
"766",1.5,1,-0.2,-0.5,1.5,0.00332310000000002,-0.00587210000000005,-8.03000000001441e-05,1,4,3,2,1,4,3,2,1,4,2,3,1,4,3,2
"767",1.5,1,-0.2,0,1.5,0.00438830000000012,-0.00156149999999988,-0.00011479999999997,2,4,3,1,2,4,3,1,1,4,3,2,2,4,3,1
"768",1.5,1,-0.2,0.5,1.5,0.00533000000000006,0.0018222,-0.000124000000000013,2,4,3,1,2,4,3,1,1,4,3,2,2,4,3,1
"769",1.5,1,-0.2,1,1.5,0.00619049999999988,0.0041873,-3.38999999999201e-05,2,4,3,1,2,4,3,1,1,4,3,2,2,4,3,1
"770",1.5,1,-0.2,1.5,1.5,0.00696070000000015,0.00579740000000006,-3.33999999999612e-05,2,4,3,1,2,4,3,1,2,4,3,1,2,4,3,1
"771",1.5,1,0.2,-1.5,1.5,0.00108839999999988,-0.0118439,0.000109499999999985,1,4,2,3,1,4,2,3,1,4,2,3,1,4,3,2
"772",1.5,1,0.2,-1,1.5,0.00168630000000014,-0.00950059999999997,-0.000149500000000136,1,4,3,2,1,4,3,2,1,4,2,3,1,4,3,2
"773",1.5,1,0.2,-0.5,1.5,0.00280610000000003,-0.0058746999999999,-0.0001914999999999,1,4,3,2,1,4,3,2,1,4,2,3,1,4,3,2
"774",1.5,1,0.2,0,1.5,0.0039766,-0.00166319999999998,-6.72999999998813e-05,2,4,3,1,2,4,3,1,1,4,3,2,2,4,3,1
"775",1.5,1,0.2,0.5,1.5,0.00498480000000001,0.00187309999999996,-4.8000000000048e-05,2,4,3,1,2,4,3,1,1,4,3,2,2,4,3,1
"776",1.5,1,0.2,1,1.5,0.00589109999999993,0.0041215,-0.000158700000000067,2,4,3,1,2,4,3,1,1,4,3,2,2,4,3,1
"777",1.5,1,0.2,1.5,1.5,0.00668330000000006,0.00579569999999996,-0.000140600000000046,2,4,3,1,2,4,3,1,2,4,3,1,2,4,3,1
"778",1.5,1,0.75,-1.5,1.5,0.000943400000000039,-0.0119802,5.94999999999901e-05,1,4,2,3,1,4,2,3,1,4,2,3,1,4,3,2
"779",1.5,1,0.75,-1,1.5,0.00209310000000007,-0.00951869999999999,0.000122199999999961,1,4,3,2,1,4,3,2,1,4,2,3,1,4,3,2
"780",1.5,1,0.75,-0.5,1.5,0.0032046,-0.0059433000000001,4.73999999999197e-05,1,4,3,2,1,4,3,2,1,4,2,3,1,4,3,2
"781",1.5,1,0.75,0,1.5,0.00431199999999998,-0.0016678,0.000132399999999921,2,4,3,1,2,4,3,1,1,4,3,2,2,4,3,1
"782",1.5,1,0.75,0.5,1.5,0.00526099999999996,0.00188980000000005,0.000217299999999976,2,4,3,1,2,4,3,1,1,4,3,2,2,4,3,1
"783",1.5,1,0.75,1,1.5,0.00611820000000007,0.00411450000000013,0.00010790000000005,2,4,3,1,2,4,3,1,1,4,3,2,2,4,3,1
"784",1.5,1,0.75,1.5,1.5,0.0069151999999999,0.00574280000000005,0.000170300000000068,2,4,3,1,2,4,3,1,2,4,3,1,2,4,3,1
