"","mode.z","mode.y","mode.m","rho","alpha_1","beta_2","gamma_2","gamma_3","gamma_6","Ys0","Ys1","Ys2","Ys3","Ys4","Ys0.prime","Ys1.prime","Ys2.prime","Ys2.dprime","Ys3.dprime","Ys4.dprime","Ys0.star","Ys1.star","Ys2.star","Ys3.star","Ys4.star","P1","P2","P3","P4","P1_1.0","P2_1.0","P3_1.0","P4_1.0","Ze_1.0","diff_P2_1.0","diff_PZ_1.0","uppb_P2_z_1.0","uppb_P2_1_1.0","uppb_P2_bo_1.0","uppb_P2_bn_1.0","uppb_P3_z_1.0","uppb_P3_1_1.0","uppb_P3_bo_1.0","uppb_P3_bn_1.0","P1_2.0","P2_2.0","P3_2.0","P4_2.0","Ze_2.0","diff_P2_2.0","P1_3.0","P2_3.0","P3_3.0","P4_3.0","Ze_3.0","diff_P2_3.0"
"Ys0","con","con","con",-0.2,1.5,1.5,1,-1.5,1,41.956225172075,10.9768976277679,-6.74833660359903,2.74365607549579,2.24591591864837,34.9647215730636,7.49105020112696,-6.02590193769141,-5.97827912536083,-0.726201203552549,0.761111628043072,41.97067056791,10.9940246985502,-5.94980264152208,2.78772721184953,2.26708094892968,30.9793275443071,17.7252342313669,-9.49199267909481,0.497740156847417,30.9793275443071,13.5169521388184,-5.25207792180828,0.497740156847417,-0.0316326647379999,4.20828209254853,0.0159901475925792,12.5169521388184,3.5400545110505,-15.9330960923304,-32.9358956577897,12.4853194740804,3.5084218463125,-14.42641552977,-14.42641552977,27.4736713719366,13.5169521388184,-5.25207792180828,-1.48731283159562,5.50669930840611,4.20828209254853,30.9766458693598,16.9438273400723,-8.73752985337161,0.520646262919854,0.00671963444626256,0.781406891294635
"Ys01","bi","con","con",-0.2,1.5,1.5,1,-1.5,1,10.6482725119212,0.215712053198622,-1.58133575549078,0.151951744509225,1.21246174450922,9.91197751192118,-0.149197946801378,-1.47255575549078,-1.45524155053303,-0.655894050533029,0.869105949466971,10.6456938955291,0.217660245002586,-1.44918655053303,0.153865949466971,1.21614594946697,10.4325604587226,1.7970478086894,-1.7332875,-1.06051,10.4325604587226,1.3233578086894,-0.7993475,-1.06051,-0.46025,0.47369,0.442935795042254,2.2595975,2.10764575549078,-3.24350740458431,-3.24350740458431,1.7993475,1.64739575549078,-4.22227120213212,-4.22227120213212,10.0611754587226,1.3233578086894,-0.7993475,-1.525,0.392939204957746,0.47369,10.4280336505265,1.66684679553561,-1.6030525,-1.06228,0.0062628213498177,0.130201013153782
"Ys02","con","con","bi",-0.2,1.5,1.5,1,-1.5,1,10.5114410958277,4.03030246509452,1.00088491470983,1.50863121206872,1.5071874952621,10.4249494800359,3.98684415719865,1.00890496538599,1.02118030864182,1.24308234932101,1.29290496599726,10.5026524053138,4.02672061983759,1.02343324176597,1.52153990474503,1.51792778207215,6.48113863073316,3.02941755038469,-0.507746297358898,0.0014437168066237,6.48113863073316,2.97793919181266,-0.22190204067919,0.0014437168066237,-0.23436589810768,0.0514783585720284,0.222090554851849,1.97793919181266,1.05236327328185,-9.01289574487781,-12.0342932445863,1.74357329370498,1.28672917138953,-1.01597621935257,-1.50342712277947,6.43810532283729,2.97793919181266,-0.22190204067919,-0.0498226166762463,-0.127790913473115,0.0514783585720284,6.47593178547623,3.00328737807162,-0.498106662979066,0.0036121226728818,0.0195289773239129,0.0261301723130716
"Ys03","bi","con","bi",-0.2,1.5,1.5,1,-1.5,1,6.03137552881249,1.82254552881248,1.27807552881248,1.40314052881248,1.49917552881249,5.97826052881249,1.79450052881248,1.28524052881249,1.29319552881249,1.34973052881249,1.44482552881248,6.02897552881249,1.82029552881248,1.29277552881248,1.40965052881248,1.50649052881249,4.20883,0.54447,-0.125065,-0.0960350000000001,4.20883,0.50926,-0.056535,-0.0960350000000001,-0.0333199999999998,0.0352100000000002,0.0253649999999999,1.089855,1.31328552881249,-2.69678711524994,-3.23409211524994,1.056535,1.34660552881248,-1.39579711524994,-1.50574211524994,4.18376,0.50926,-0.056535,-0.0950949999999999,-0.0012350000000001,0.0352100000000002,4.20868,0.52752,-0.116875,-0.09684,0.0097149999999997,0.01695
"Ys04","con","bi","con",-0.2,1.5,1.5,1,-1.5,1,0.99666,0.88181,0.28959,0.67684,0.7798,0.97065,0.8055,0.29154,0.29319,0.53499,0.63861,0.99638,0.87967,0.29379,0.67656,0.77947,0.11485,0.59222,-0.38725,-0.10296,0.11485,0.51396,-0.2418,-0.10296,-0.06719,0.07826,0.06554,1.30899,0.63215,1.21565,0.62538,1.2418,0.56496,1.44453,1.40452,0.16515,0.51396,-0.2418,-0.10362,-0.11518,0.07826,0.11671,0.58588,-0.38277,-0.10291,-5.00000000001055e-05,0.00634000000000001
"Ys05","bi","bi","con",-0.2,1.5,1.5,1,-1.5,1,0.99012,0.55074,0.39243,0.53566,0.73789,0.96314,0.53424,0.39573,0.39985,0.49992,0.67492,0.98991,0.55406,0.40022,0.53827,0.73981,0.43938,0.15831,-0.14323,-0.20223,0.43938,0.13851,-0.10007,-0.20223,-0.02336,0.0198,0.0192400000000001,1.12343,0.58777,1.77496,1.76001,1.10007,0.56441,1.76396,1.76396,0.4289,0.13851,-0.10007,-0.175,-0.0359900000000001,0.0198,0.43585,0.15384,-0.13805,-0.20154,0.00212999999999997,0.00447000000000003
"Ys06","con","bi","bi",-0.2,1.5,1.5,1,-1.5,1,0.99469,0.93949,0.64812,0.74798,0.74528,0.99131,0.93291,0.65082,0.65139,0.69621,0.70591,0.99446,0.9382,0.65362,0.74957,0.74396,0.0551999999999999,0.29137,-0.0998599999999999,0.00269999999999992,0.0551999999999999,0.28209,-0.04482,0.00269999999999992,-0.04576,0.00927999999999995,0.04519,1.09058,0.6574,0.54387,0.2552,1.04482,0.70316,1.20821,1.11162,0.0584,0.28209,-0.04482,-0.00970000000000004,-0.0359900000000001,0.00927999999999995,0.05626,0.28458,-0.09595,0.00561,-0.00109000000000015,0.00678999999999996
"Ys07","bi","bi","bi",-0.2,1.5,1.5,1,-1.5,1,0.99006,0.84455,0.74078,0.76936,0.78604,0.98766,0.83742,0.74248,0.74512,0.75256,0.77,0.99067,0.84819,0.74404,0.76964,0.78784,0.14551,0.10377,-0.02858,-0.0166799999999999,0.14551,0.09494,-0.00744,-0.0166799999999999,-0.01231,0.00883,0.00967000000000007,1.01975,0.74961,0.73813,0.63606,1.00744,0.76192,0.9804,0.95616,0.15024,0.09494,-0.00744,-0.01744,-0.0136399999999999,0.00883,0.14248,0.10415,-0.0256,-0.0182,0.00119000000000002,-0.000379999999999936
"Ys08","con","con","con",-0.2,1.5,1.5,1,-0.5,1,49.9572623697901,18.9779348254829,1.25270059411602,5.47881006087292,3.48966633779702,42.9578352724868,15.4841639005502,1.96721176173181,2.02275807235422,2.00895278182459,2.00486204719172,49.9637842673333,18.9871383979734,2.04331105790114,5.5463066060387,3.52087082899777,30.9793275443071,17.7252342313669,-4.2261094667569,1.9891437230759,30.9793275443071,13.5169521388184,0.0138052905296342,1.9891437230759,-0.0316326647380007,4.20828209254853,0.0239136458844116,12.5169521388184,5.46098268666455,-47.9134743883151,-64.9241974520662,12.4853194740804,5.49261535140256,-7.51947369687632,-10.975525685395,27.4736713719366,13.5169521388184,0.0138052905296342,0.0040907346328658,5.51462280669795,4.20828209254853,30.9766458693599,16.9438273400723,-3.50299554813756,2.02543577704093,0.0246825936575368,0.781406891294637
"Ys09","bi","con","con",-0.2,1.5,1.5,1,-0.5,1,14.7342022689817,4.30164181025916,2.50459400156976,3.32791650156976,2.64638650156976,13.9953172689817,3.93414181025916,2.61078400156976,2.63068820652751,2.52007070652751,2.30303070652751,14.7290336525896,4.30100000206312,2.63415320652751,3.34222070652751,2.65538070652751,10.4325604587226,1.7970478086894,-0.8233225,0.68153,10.4325604587226,1.3233578086894,0.1106175,0.68153,-0.46025,0.47369,0.440345795042254,1.3496325,2.97828400156976,-10.7807094323472,-12.4715672410366,0.8893825,3.43853400156976,-6.99874612115229,-7.69597441619455,10.0611754587226,1.3233578086894,0.1106175,0.21704,0.395529204957746,0.47369,10.4280336505265,1.66684679553562,-0.7080675,0.68684,0.0141628213498195,0.130201013153782
"Ys010","con","con","bi",-0.2,1.5,1.5,1,-0.5,1,11.4904610958277,5.00932246509452,1.97990491470983,2.26679121206872,2.2151674952621,11.4041394800359,4.96603415719865,1.98809496538599,2.00020030864182,2.00124234932101,2.00088496599726,11.4810224053138,5.00509061983759,2.00180324176597,2.28073990474503,2.22594778207215,6.48113863073316,3.02941755038469,-0.286886297358898,0.051623716806624,6.48113863073316,2.97793919181266,-0.00104204067918934,0.051623716806624,-0.234365898107681,0.0514783585720284,0.222260554851849,1.97793919181266,2.03138327328185,-12.9294857448778,-15.9507132445863,1.74357329370498,2.26574917138953,-4.26947621935257,-4.53606712277947,6.43810532283729,2.97793919181266,-0.00104204067918934,0.000357383323753346,-0.127960913473114,0.0514783585720284,6.47593178547623,3.00328737807162,-0.278936662979067,0.054792122672882,0.0202189773239132,0.0261301723130716
"Ys011","bi","con","bi",-0.2,1.5,1.5,1,-0.5,1,6.98859552881248,2.77976552881249,2.23529552881249,2.29567052881248,2.28311552881248,6.93667052881248,2.75291052881248,2.24365052881249,2.25041552881249,2.24226052881248,2.22876552881249,6.98703552881249,2.77835552881248,2.25083552881248,2.30266052881248,2.28986052881248,4.20883,0.54447,-0.0603749999999996,0.0125549999999999,4.20883,0.50926,0.00815500000000036,0.0125549999999999,-0.0333199999999998,0.0352100000000002,0.0265549999999997,1.025165,2.27050552881249,-6.52923711524994,-7.06535211524994,0.991845,2.30382552881249,-5.03060711524994,-5.07586211524994,4.18376,0.50926,0.00815500000000036,0.0134949999999998,-0.00242500000000012,0.0352100000000002,4.20868,0.52752,-0.051825,0.0127999999999999,0.00830499999999956,0.01695
"Ys021","con","bi","con",-0.2,1.5,1.5,1,-0.5,1,0.99811,0.98174,0.59276,0.89875,0.88142,0.9941,0.95288,0.60003,0.60274,0.70152,0.76001,0.99833,0.98206,0.60384,0.90064,0.88281,0.0163700000000001,0.38898,-0.30599,0.0173300000000001,0.0163700000000001,0.35285,-0.09878,0.0173300000000001,-0.17108,0.03613,0.16837,1.26986,0.62889,0.51247,0.13076,1.09878,0.79997,1.09547,0.79946,0.04122,0.35285,-0.09878,-0.0584899999999999,-0.1174,0.03613,0.01627,0.37822,-0.2968,0.01783,0.00117,0.01076
"Ys031","bi","bi","con",-0.2,1.5,1.5,1,-0.5,1,0.99578,0.95794,0.73914,0.88765,0.89149,0.99826,0.91273,0.75394,0.75669,0.78867,0.84967,0.99603,0.95798,0.75553,0.88944,0.89268,0.03784,0.2188,-0.14851,-0.00383999999999995,0.03784,0.15879,-0.03198,-0.00383999999999995,-0.05652,0.06001,0.0537700000000001,1.0885,0.79915,0.46266,0.25866,1.03198,0.85567,0.77832,0.64736,0.08553,0.15879,-0.03198,-0.0610000000000001,-0.0443,0.06001,0.0380499999999999,0.20245,-0.13391,-0.00324000000000002,0.000940000000000052,0.01635
"Ys041","con","bi","bi",-0.2,1.5,1.5,1,-0.5,1,0.9968,0.97133,0.77661,0.83111,0.82477,0.99617,0.96808,0.77739,0.77582,0.79262,0.79653,0.9965,0.96977,0.77599,0.8334,0.82427,0.02547,0.19472,-0.0545,0.00634000000000001,0.02547,0.19069,-0.0168,0.00634000000000001,-0.03367,0.00402999999999998,0.03524,1.05047,0.78064,0.31512,0.12118,1.0168,0.81431,0.80783,0.75254,0.0280899999999999,0.19069,-0.0168,-0.00390999999999997,-0.02761,0.00402999999999998,0.02673,0.19378,-0.0574100000000001,0.00913000000000008,-0.000200000000000089,0.000939999999999941
"Ys051","bi","bi","bi",-0.2,1.5,1.5,1,-0.5,1,0.99511,0.92765,0.86947,0.87737,0.87944,0.99493,0.92497,0.86881,0.86982,0.87164,0.87369,0.99546,0.92871,0.87035,0.87752,0.8787,0.0674600000000001,0.05818,-0.00790000000000002,-0.00207000000000002,0.0674600000000001,0.05616,-0.00181999999999993,-0.00207000000000002,-0.00406000000000006,0.00202000000000002,0.00305,1.00588,0.87149,0.3536,0.29476,1.00182,0.87555,0.50953,0.50198,0.06996,0.05616,-0.00181999999999993,-0.00205,-0.00556999999999996,0.00202000000000002,0.06675,0.0583600000000001,-0.00717000000000001,-0.00118000000000007,-0.00108999999999992,-0.000180000000000069
"Ys061","con","con","con",-0.2,1.5,1.5,1,0,1,53.9577809686476,22.9784534243405,5.25321919297355,6.84638705356149,4.11154154737134,46.9543921221984,19.4807207502618,5.96376861144342,6.02327667121175,3.37652977451315,2.62673725676605,53.9603411170449,22.983695247685,6.03986790761275,6.92559630313329,4.14776576903182,30.9793275443071,17.7252342313669,-1.59316786058794,2.73484550619015,30.9793275443071,13.5169521388184,2.64674689669859,2.73484550619015,-0.031632664737999,4.20828209254853,0.0278753950303274,12.5169521388184,9.46150128552208,-63.9036635363075,-80.9183483492045,12.4853194740804,9.49313395026008,-15.6227232737995,-16.4458336561493,27.4736713719366,13.5169521388184,2.64674689669859,0.749792517747109,5.51858455584386,4.20828209254853,30.9766458693599,16.9438273400723,-0.885728395520531,2.77783053410147,0.0336640732631732,0.781406891294635
"Ys071","bi","con","con",-0.2,1.5,1.5,1,0,1,16.777167147512,6.34460668878943,4.54755888010003,4.91589888010003,3.36334888010003,16.036987147512,5.97581168878943,4.65245388010003,4.67365308505778,4.10805308505778,3.01999308505778,16.7707035311199,6.34266988059339,4.67582308505778,4.93639808505778,3.37499808505778,10.4325604587226,1.7970478086894,-0.36834,1.55255,10.4325604587226,1.3233578086894,0.5656,1.55255,-0.46025,0.47369,0.439050795042253,0.89465,5.02124888010003,-18.9486839464683,-20.6408367551577,0.4344,5.48149888010003,-13.8056581352734,-14.0479039303156,10.0611754587226,1.3233578086894,0.5656,1.08806,0.396824204957749,0.47369,10.4280336505265,1.66684679553561,-0.260575,1.5614,0.0181128213498183,0.130201013153783
"Ys081","con","con","bi",-0.2,1.5,1.5,1,0,1,11.9799710958277,5.49883246509452,2.46941491470983,2.64587121206872,2.5691574952621,11.8937344800359,5.45562915719865,2.47768996538599,2.48971030864182,2.38032234932101,2.35487496599726,11.9702074053138,5.49427561983759,2.49098824176597,2.66033990474503,2.57995778207215,6.48113863073316,3.02941755038469,-0.176456297358898,0.0767137168066241,6.48113863073316,2.97793919181266,0.10938795932081,0.0767137168066241,-0.234365898107681,0.051478358572028,0.22234555485185,1.97793919181266,2.52089327328185,-14.8877807448778,-17.9089232445863,1.74357329370498,2.75525917138953,-5.89622621935257,-6.05238712277947,6.43810532283729,2.97793919181266,0.10938795932081,0.0254473833237534,-0.128045913473116,0.051478358572028,6.47593178547623,3.00328737807162,-0.169351662979067,0.0803821226728818,0.0205639773239117,0.0261301723130707
"Ys091","bi","con","bi",-0.2,1.5,1.5,1,0,1,7.46720552881249,3.25837552881248,2.71390552881248,2.74193552881249,2.67508552881249,7.41587552881249,3.23211552881249,2.72285552881248,2.72902552881248,2.68852552881249,2.62073552881249,7.46606552881248,3.25738552881249,2.72986552881249,2.74916552881248,2.68154552881249,4.20883,0.54447,-0.0280300000000002,0.0668500000000001,4.20883,0.50926,0.0404999999999998,0.0668500000000001,-0.0333200000000002,0.0352099999999997,0.0271500000000002,0.99282,2.74911552881248,-8.44546211524994,-8.98098211524994,0.9595,2.78243552881248,-6.84801211524994,-6.86092211524994,4.18376,0.50926,0.0404999999999998,0.06779,-0.0030199999999998,0.0352099999999997,4.20868,0.52752,-0.0192999999999999,0.0676199999999998,0.0076000000000005,0.01695
"Ys012","con","bi","con",-0.2,1.5,1.5,1,0,1,0.99794,0.99081,0.74235,0.92764,0.9,0.99626,0.97902,0.74824,0.7486,0.76374,0.80319,0.99806,0.99024,0.74931,0.92996,0.89899,0.00713000000000008,0.24846,-0.18529,0.02764,0.00713000000000008,0.23078,-0.0151399999999999,0.02764,-0.15247,0.01768,0.15211,1.16761,0.76003,0.30291,0.0603399999999998,1.01514,0.9125,0.79628,0.61724,0.01724,0.23078,-0.0151399999999999,-0.03945,-0.09513,0.01768,0.00781999999999994,0.24093,-0.18065,0.0309700000000001,-0.00112999999999996,0.00753000000000004
"Ys013","bi","bi","con",-0.2,1.5,1.5,1,0,1,0.99652,0.97673,0.92602,0.92953,0.92036,0.99876,0.97171,0.92629,0.92743,0.92032,0.90951,0.99664,0.97676,0.92819,0.93074,0.92124,0.01979,0.05071,-0.00351000000000001,0.00917000000000001,0.01979,0.04542,0.00710999999999995,0.00917000000000001,-0.00532999999999995,0.00529000000000002,0.00418999999999992,0.99822,0.93131,0.15356,0.10312,0.99289,0.93664,0.3024,0.3003,0.02705,0.04542,0.00710999999999995,0.01081,-0.0130899999999999,0.00529000000000002,0.01988,0.04857,-0.00255000000000005,0.00950000000000006,0.000759999999999983,0.00214000000000003
"Ys022","con","bi","bi",-0.2,1.5,1.5,1,0,1,0.99735,0.97988,0.82752,0.86097,0.85472,0.99733,0.97899,0.82809,0.82661,0.83207,0.83204,0.99715,0.97878,0.82738,0.8629,0.85326,0.01747,0.15236,-0.03345,0.00624999999999998,0.01747,0.1509,-0.00546000000000002,0.00624999999999998,-0.0265300000000001,0.00145999999999991,0.0280100000000001,1.03199,0.82898,0.23405,0.0822599999999999,1.00546,0.85551,0.64828,0.61392,0.01834,0.1509,-0.00546000000000002,2.99999999999745e-05,-0.0226600000000001,0.00145999999999991,0.01837,0.1514,-0.03552,0.00963999999999998,-0.00126000000000004,0.000959999999999961
"Ys032","bi","bi","bi",-0.2,1.5,1.5,1,0,1,0.99627,0.95129,0.91162,0.91352,0.90928,0.9967,0.95044,0.91154,0.91232,0.91098,0.90744,0.99664,0.95183,0.91255,0.91296,0.90829,0.04498,0.03967,-0.00190000000000001,0.00424000000000002,0.04498,0.0388999999999999,0.00134000000000001,0.00424000000000002,-0.00246999999999997,0.000770000000000048,0.00168999999999997,1.00113,0.91239,0.23629,0.19654,0.99866,0.91486,0.3522,0.351,0.0462600000000001,0.0388999999999999,0.00134000000000001,0.00353999999999999,-0.00226999999999999,0.000770000000000048,0.04481,0.03928,-0.000410000000000021,0.00466999999999995,-0.00135999999999992,0.000390000000000001
"Ys042","con","con","con",-0.2,1.5,1.5,1,0.5,1,57.9582995675051,26.978972023198,9.25373779183108,8.21396404625006,4.73341675694567,50.95094897191,23.4772775999734,9.96032546115503,10.0237952700693,4.74410676720172,3.24861246634037,57.9568979667565,26.9802520973966,10.0364247573244,8.30488600022787,4.77466070906586,30.9793275443071,17.7252342313669,1.03977374558102,3.48054728930439,30.9793275443071,13.5169521388184,5.27968850286755,3.48054728930439,-0.0316326647380016,4.20828209254853,0.0318371441762455,12.5169521388184,13.4620198843796,-79.8938526842998,-96.9124992463428,12.4853194740804,13.4936525491176,-25.535804074542,-25.535804074542,27.4736713719366,13.5169521388184,5.27968850286755,1.49549430086135,5.52254630498977,4.20828209254853,30.9766458693599,16.9438273400723,1.7315387570965,3.53022529116201,0.0426455528688106,0.781406891294637
"Ys052","bi","con","con",-0.2,1.5,1.5,1,0.5,1,18.8201320260423,8.3875715673197,6.5905237586303,6.5038812586303,4.0803112586303,18.0786570260423,8.0174815673197,6.6941237586303,6.71661796358805,5.69603546358805,3.73695546358805,18.8123734096502,8.38433975912366,6.71749296358805,6.53057546358805,4.09461546358805,10.4325604587226,1.7970478086894,0.0866425,2.42357,10.4325604587226,1.3233578086894,1.0205825,2.42357,-0.460250000000001,0.47369,0.437755795042254,0.439667500000001,7.0642137586303,-27.1166584605894,-28.8101062692788,0.136892191310604,7.5244637586303,-20.8253068543522,-20.8253068543522,10.0611754587226,1.3233578086894,1.0205825,1.95908,0.398119204957744,0.47369,10.4280336505265,1.66684679553561,0.1869175,2.43596,0.0220628213498166,0.130201013153783
"Ys062","con","con","bi",-0.2,1.5,1.5,1,0.5,1,12.4694810958277,5.98834246509452,2.95892491470983,3.02495121206872,2.9231474952621,12.3833294800359,5.94522415719865,2.96728496538599,2.97922030864182,2.75940234932101,2.70886496599726,12.4593924053138,5.98346061983759,2.98017324176597,3.03993990474503,2.93396778207215,6.48113863073316,3.02941755038469,-0.0660262973588983,0.101803716806624,6.48113863073316,2.97793919181266,0.21981795932081,0.101803716806624,-0.234365898107681,0.051478358572028,0.222430554851849,1.97793919181266,3.01040327328185,-16.8460757448778,-19.8671332445863,1.74357329370498,3.24476917138953,-7.52297621935257,-7.56870712277947,6.43810532283729,2.97793919181266,0.21981795932081,0.0505373833237535,-0.128130913473115,0.051478358572028,6.47593178547623,3.00328737807162,-0.0597666629790665,0.105972122672882,0.0209089773239137,0.0261301723130711
"Ys072","bi","con","bi",-0.2,1.5,1.5,1,0.5,1,7.94581552881248,3.73698552881249,3.19251552881249,3.18820052881249,3.06705552881248,7.89508052881248,3.71132052881249,3.20206052881248,3.20763552881249,3.13479052881249,3.01270552881248,7.94509552881248,3.73641552881248,3.20889552881248,3.19567052881249,3.07323052881249,4.20883,0.54447,0.00431500000000007,0.121145,4.20883,0.50926,0.072845,0.121145,-0.0333200000000002,0.0352099999999997,0.0277449999999999,0.960475,3.22772552881248,-10.3616871152499,-10.8966121152499,0.927155,3.26104552881249,-8.68485211524994,-8.68485211524994,4.18376,0.50926,0.072845,0.122085,-0.00361499999999948,0.0352099999999997,4.20868,0.52752,0.0132249999999998,0.12244,0.00689500000000054,0.01695
"Ys082","con","bi","con",-0.2,1.5,1.5,1,0.5,1,0.99764,0.9931,0.85683,0.929,0.90155,0.99611,0.98879,0.86008,0.86077,0.79786,0.82622,0.99741,0.99234,0.85977,0.93089,0.90282,0.00453999999999999,0.13627,-0.0721700000000001,0.0274500000000001,0.00453999999999999,0.12871,0.06291,0.0274500000000001,-0.12752,0.00756000000000001,0.12683,1.06461,0.86439,0.16924,0.0362200000000001,0.99881,0.99191,0.61451,0.54628,0.0073200000000001,0.12871,0.06291,-0.0283599999999999,-0.0738000000000001,0.00756000000000001,0.00507000000000002,0.13257,-0.07112,0.02807,0.00149999999999995,0.00370000000000004
"Ys092","bi","bi","con",-0.2,1.5,1.5,1,0.5,1,0.99649,0.98464,0.98387,0.95006,0.93314,0.99864,0.9908,0.98184,0.983,0.9659,0.93482,0.99672,0.98387,0.98203,0.95166,0.93347,0.01185,0.000769999999999937,0.03381,0.01692,0.01185,0.00895999999999997,0.0171,0.01692,0.00851999999999997,-0.00819000000000003,0.00967999999999991,0.99104,0.97568,0.0519199999999999,0.0491199999999999,0.9829,0.96716,0.1022,0.1022,0.00783999999999996,0.00895999999999997,0.0171,0.03108,-0.00046999999999997,-0.00819000000000003,0.01285,0.00184000000000006,0.03037,0.0181899999999999,9.9999999999989e-05,-0.00107000000000013
"Ys014","con","bi","bi",-0.2,1.5,1.5,1,0.5,1,0.99768,0.9853,0.87014,0.88142,0.87587,0.99823,0.98597,0.86955,0.8688,0.86436,0.8627,0.9975,0.98469,0.86886,0.88337,0.87483,0.0123800000000001,0.11516,-0.01128,0.00554999999999994,0.0123800000000001,0.11642,0.00444,0.00554999999999994,-0.01698,-0.00126000000000004,0.01773,1.01254,0.86888,0.17321,0.05746,0.99556,0.88586,0.52106,0.50844,0.0122599999999999,0.11642,0.00444,0.00165999999999999,-0.01372,-0.00126000000000004,0.0128100000000001,0.11583,-0.01451,0.00853999999999999,-0.000860000000000083,-0.000670000000000059
"Ys015","bi","bi","bi",-0.2,1.5,1.5,1,0.5,1,0.99704,0.96647,0.94214,0.93743,0.93001,0.99793,0.96706,0.94081,0.94199,0.93798,0.93135,0.99738,0.96723,0.94152,0.93777,0.92991,0.03057,0.0243300000000001,0.00470999999999999,0.00741999999999998,0.03057,0.02625,0.00400999999999996,0.00741999999999998,-0.00121999999999989,-0.00191999999999992,3.9999999999929e-05,0.99721,0.94022,0.1586,0.13294,0.99599,0.94144,0.24006,0.24006,0.03087,0.02625,0.00400999999999996,0.00663000000000002,0.000450000000000061,-0.00191999999999992,0.03015,0.02571,0.00375000000000003,0.00785999999999998,-0.000439999999999996,-0.00137999999999994
"Ys023","con","con","con",-0.2,1.5,1.5,1,1.5,1,65.9593367652202,34.980009220913,17.2547749895461,10.9491180316272,5.97716717609432,58.9440626713332,31.4703912993966,17.9534391605783,18.0248324677843,7.47926075257886,4.49236288548902,65.9500116661797,34.9733657968199,18.0295384567476,11.063465394417,6.02845058913395,30.9793275443071,17.7252342313669,6.30565695791894,4.97195085553288,30.9793275443071,13.5169521388184,10.5455717152055,4.97195085553288,-0.0316326647379963,4.20828209254853,0.0397606424680772,12.5169521388184,21.4630570820947,-111.874230980285,-128.900801040619,12.4853194740804,21.4946897468327,-47.0081864407264,-47.0081864407264,27.4736713719366,13.5169521388184,10.5455717152055,2.98689786708984,5.53046980328161,4.20828209254853,30.9766458693598,16.9438273400723,6.96607306233055,5.03501480528308,0.0606085120800905,0.781406891294637
"Ys033","bi","con","con",-0.2,1.5,1.5,1,1.5,1,22.9060617831028,12.4735013243802,10.6764535156908,9.67984601569084,5.51423601569084,22.1619967831028,12.1008213243802,10.7774635156908,10.8025477206486,8.87200022064859,5.17088022064859,22.8957131667107,12.4676795161842,10.8008327206486,9.71893022064859,5.53385022064859,10.4325604587226,1.7970478086894,0.996607500000001,4.16561,10.4325604587226,1.3233578086894,1.9305475,4.16561,-0.46025,0.473689999999998,0.435165795042254,0.470297499999999,11.1501435156908,-43.4526074888316,-45.148645297521,0.930547499999999,11.6103935156908,-35.3490958825943,-35.3490958825943,10.0611754587226,1.3233578086894,1.9305475,3.70112,0.400709204957745,0.473689999999998,10.4280336505265,1.66684679553561,1.0819025,4.18508,0.0299628213498178,0.130201013153782
"Ys043","con","con","bi",-0.2,1.5,1.5,1,1.5,1,13.4485010958277,6.96736246509452,3.93794491470983,3.78311121206872,3.6311274952621,13.3625194800359,6.92441415719865,3.94647496538599,3.95824030864182,3.51756234932101,3.41684496599726,13.4377624053138,6.96183061983759,3.95854324176597,3.79913990474503,3.64198778207215,6.48113863073316,3.02941755038469,0.154833702641102,0.151983716806624,6.48113863073316,2.97793919181266,0.44067795932081,0.151983716806624,-0.23436589810768,0.051478358572028,0.222600554851849,1.97793919181266,3.98942327328185,-20.7626657448778,-23.7835532445863,1.74357329370498,4.22378917138953,-10.9516053159257,-10.9516053159257,6.43810532283729,2.97793919181266,0.44067795932081,0.100717383323754,-0.128300913473115,0.051478358572028,6.47593178547623,3.00328737807162,0.159403337020934,0.157152122672882,0.021598977323912,0.0261301723130711
"Ys053","bi","con","bi",-0.2,1.5,1.5,1,1.5,1,8.90303552881248,4.69420552881248,4.14973552881249,4.08073052881249,3.85099552881249,8.85349052881248,4.66973052881248,4.16047052881248,4.16485552881248,4.02732052881248,3.79664552881249,8.90315552881249,4.69447552881249,4.16695552881249,4.08868052881249,3.85660052881249,4.20883,0.54447,0.0690049999999998,0.229735,4.20883,0.50926,0.137535,0.229735,-0.0333200000000007,0.0352099999999993,0.0289350000000006,0.895785000000001,4.18494552881248,-14.1941371152499,-14.7278721152499,0.862465,4.21826552881249,-12.3843521152499,-12.3843521152499,4.18376,0.50926,0.137535,0.230675,-0.00480499999999973,0.0352099999999993,4.20868,0.52752,0.0782749999999997,0.23208,0.0054849999999993,0.0169499999999996
"Ys063","con","bi","con",-0.2,1.5,1.5,1,1.5,1,0.99453,0.99166,0.96566,0.8706,0.86857,0.99525,0.9925,0.96526,0.96487,0.81762,0.83721,0.99483,0.99171,0.96475,0.87166,0.86917,0.00287000000000004,0.026,0.0950599999999999,0.00203000000000009,0.00287000000000004,0.02724,0.14725,0.00203000000000009,-0.0534300000000001,-0.00124000000000002,0.0538200000000001,0.97276,0.96442,0.0580799999999998,0.0316799999999998,1.02619,1.01785,0.43502,0.43502,0.00274999999999992,0.02724,0.14725,-0.01959,-0.0320799999999999,-0.00124000000000002,0.00312000000000001,0.02696,0.09309,0.00248999999999999,0.000300000000000078,-0.000959999999999961
"Ys073","bi","bi","con",-0.2,1.5,1.5,1,1.5,1,0.9954,0.98848,0.99289,0.96378,0.93297,0.99778,0.99286,0.99187,0.99183,0.97336,0.94043,0.99533,0.98864,0.99142,0.96324,0.93344,0.00691999999999993,-0.00441000000000003,0.0291100000000001,0.03081,0.00691999999999993,0.000989999999999935,0.01847,0.03081,0.00524000000000013,-0.00539999999999996,0.00520000000000009,0.99901,0.98749,0.0305400000000001,0.0305400000000001,0.99377,0.98225,0.06962,0.06962,0.00492000000000004,0.000989999999999935,0.01847,0.03293,0.00507999999999997,-0.00539999999999996,0.00669000000000008,-0.00278,0.02818,0.0297999999999999,0.000539999999999985,-0.00163000000000002
"Ys083","con","bi","bi",-0.2,1.5,1.5,1,1.5,1,0.99807,0.99154,0.92964,0.90645,0.90311,0.99916,0.99414,0.92909,0.93015,0.91133,0.90724,0.99784,0.9912,0.92993,0.90819,0.90281,0.00653000000000004,0.0619,0.02319,0.00334000000000001,0.00653000000000004,0.0650500000000001,0.0188200000000001,0.00334000000000001,0.00121999999999989,-0.0031500000000001,0.00227999999999995,0.97996,0.92649,0.0910900000000001,0.0286400000000001,0.98118,0.92527,0.31704,0.31704,0.00502000000000002,0.0650500000000001,0.0188200000000001,0.00408999999999993,0.00304000000000004,-0.0031500000000001,0.00663999999999998,0.0612699999999999,0.02174,0.00538000000000005,-6.99999999999035e-05,0.000630000000000019
"Ys093","bi","bi","bi",-0.2,1.5,1.5,1,1.5,1,0.99783,0.98284,0.97431,0.96435,0.95312,0.99914,0.98491,0.97467,0.97471,0.96784,0.95841,0.99803,0.98352,0.97396,0.96465,0.95318,0.0149899999999999,0.00853000000000004,0.00995999999999997,0.0112300000000001,0.0149899999999999,0.0102399999999999,0.00686999999999993,0.0112300000000001,0.00138000000000016,-0.00170999999999988,0.00142000000000009,0.99175,0.9726,0.0726699999999999,0.0644999999999999,0.99313,0.97122,0.1149,0.1149,0.0142300000000001,0.0102399999999999,0.00686999999999993,0.00943000000000005,0.00397999999999998,-0.00170999999999988,0.01451,0.0095599999999999,0.00931000000000004,0.01147,-0.000139999999999918,-0.00102999999999986
