"","a1","g6","rho","beta2","P1","P2","P3","P4","P1_1.0","P2_1.0","P3_1.0","P4_1.0","Ze_1.0","P1_2.0","P2_2.0","P3_2.0","P4_2.0","Ze_2.0","P1_3.0","P2_3.0","P3_3.0","P4_3.0","Ze_3.0"
"Ys0...1",-1.5,-1.5,-0.75,-1.5,0.0555418,-0.0285322,0.0112542,0.0247796,0.0555418,-0.0133334000000001,-0.00578439999999991,0.0247796,0.00183979999999995,0.0513807000000001,-0.0133334000000001,-0.00578439999999991,0.1141202,-0.0833741000000001,0.0556551,-0.0217342,0.00430450000000004,0.0248391,-2.10999999999961e-05
"Ys0...2",-1.5,-1.5,-0.75,-1,0.0557791999999999,-0.0351867,0.0179087,0.0247796,0.0557791999999999,-0.0109842,-0.00911960000000001,0.0247796,0.00282579999999999,0.0484007,-0.0109842,-0.00911960000000001,0.0895944,-0.0546346000000001,0.0558902,-0.0242829,0.0068532,0.0248391,-1.88000000000965e-05
"Ys0...3",-1.5,-1.5,-0.75,1,0.055925,-0.0423119,0.0250338999999999,0.0247796,0.055925,-0.00838559999999999,-0.0127251,0.0247796,0.00383270000000002,0.044171,-0.00838559999999999,-0.0127251,0.0215477000000001,0.018761,0.0560321,-0.0270184,0.00958870000000001,0.0248391,-1.49000000000399e-05
"Ys0...4",-1.5,-1.5,-0.75,1.5,0.0559269999999999,-0.0425470999999999,0.0252690999999999,0.0247796,0.0559269999999999,-0.00829820000000003,-0.0128358000000001,0.0247796,0.00385600000000008,0.0440083999999999,-0.00829820000000003,-0.0128358000000001,0.0157772,0.0247208,0.0560336,-0.0271053,0.00967560000000001,0.0248391,-1.4400000000081e-05
"Ys0...5",-1.5,-1.5,-0.2,-1.5,0.0555396,-0.0234841,0.00622339999999999,0.0247796,0.0555396,-0.0132817000000001,-0.00579799999999997,0.0247796,0.00181900000000002,0.051355,-0.0132817000000001,-0.00579799999999997,0.1141202,-0.083385,0.0556551,-0.0217342,0.00430450000000004,0.0248391,-5.99999999995049e-06
"Ys0...6",-1.5,-1.5,-0.2,-1,0.0557797,-0.0271224999999999,0.00986179999999992,0.0247796,0.0557797,-0.0108998,-0.00912570000000001,0.0247796,0.00276480000000001,0.0483161,-0.0108998,-0.00912570000000001,0.0895944,-0.0546166,0.0558902,-0.0242829,0.0068532,0.0248391,-1.00000000002876e-06
"Ys0...7",-1.5,-1.5,-0.2,1,0.0559174,-0.0310186,0.0137579,0.0247796,0.0559174,-0.00832690000000003,-0.0127184,0.0247796,0.00378460000000003,0.044104,-0.00832690000000003,-0.0127184,0.0215477000000001,0.018779,0.0560321,-0.0270184,0.00958870000000001,0.0248391,-5.20000000003851e-06
"Ys0...8",-1.5,-1.5,-0.2,1.5,0.0559189999999999,-0.0311485,0.0138878,0.0247796,0.0559189999999999,-0.00823839999999998,-0.0128287,0.0247796,0.00380639999999999,0.0439402999999999,-0.00823839999999998,-0.0128287,0.0157772,0.0247383999999999,0.0560336,-0.0271053,0.00967560000000001,0.0248391,-5.10000000009114e-06
"Ys0...9",-1.5,-1.5,0.2,-1.5,0.0555604000000001,-0.0198802,0.00258119999999995,0.0247796,0.0555604000000001,-0.013332,-0.00581299999999996,0.0247796,0.0018459999999999,0.0513817999999999,-0.013332,-0.00581299999999996,0.1141202,-0.083379,0.0556551,-0.0217342,0.00430450000000004,0.0248391,-2.34999999999541e-05
"Ys0...10",-1.5,-1.5,0.2,-1,0.0558040000000001,-0.0213458,0.00404679999999991,0.0247796,0.0558040000000001,-0.0109680000000001,-0.00914459999999995,0.0247796,0.00281359999999997,0.0483726,-0.0109680000000001,-0.00914459999999995,0.0895944,-0.0546188999999999,0.0558902,-0.0242829,0.0068532,0.0248391,-1.49999999999872e-05
"Ys0...11",-1.5,-1.5,0.2,1,0.0559434,-0.0229045,0.00560549999999993,0.0247796,0.0559434,-0.00839239999999997,-0.0127473,0.0247796,0.00384069999999992,0.0441604,-0.00839239999999997,-0.0127473,0.0215477000000001,0.0187757999999999,0.0560321,-0.0270184,0.00958870000000001,0.0248391,-1.75000000001146e-05
"Ys0...12",-1.5,-1.5,0.2,1.5,0.0559453,-0.0229562,0.00565719999999992,0.0247796,0.0559453,-0.0083046,-0.0128569000000001,0.0247796,0.00386249999999999,0.043998,-0.0083046,-0.0128569000000001,0.0157772,0.0247348999999999,0.0560336,-0.0271053,0.00967560000000001,0.0248391,-1.71000000001031e-05
"Ys0...13",-1.5,-1.5,0.75,-1.5,NA,NA,NA,0.0247263,NA,NA,NA,0.0247263,NA,NA,NA,NA,0.1141348,NA,0.0554836999999999,-0.0216259999999999,0.00443179999999999,0.0248763,NA
"Ys0...14",-1.5,-1.5,0.75,-1,NA,NA,NA,0.0247263,NA,NA,NA,0.0247263,NA,NA,NA,NA,0.0895627,NA,0.0557179999999999,-0.0241832999999999,0.00698909999999997,0.0248763,NA
"Ys0...15",-1.5,-1.5,0.75,1,NA,NA,NA,0.0247263,NA,NA,NA,0.0247263,NA,NA,NA,NA,0.0216902999999999,NA,0.0558575,-0.0269081,0.00971390000000005,0.0248763,NA
"Ys0...16",-1.5,-1.5,0.75,1.5,NA,NA,NA,0.0247263,NA,NA,NA,0.0247263,NA,NA,NA,NA,0.0158979,NA,0.0558582,-0.0269933999999999,0.00979920000000001,0.0248763,NA
"Ys0...17",-1.5,-1,-0.75,-1.5,0.0496238,-0.0318955,0.0069437,0.0606196999999999,0.0496238,-0.0192311000000001,-0.00733169999999994,0.0606196999999999,0.00161100000000003,0.0469161,-0.0192311000000001,-0.00733169999999994,0.1385739,-0.0736975000000001,0.0497360999999999,-0.0262125999999999,0.00112249999999992,0.0606642000000001,-1.85000000000324e-05
"Ys0...18",-1.5,-1,-0.75,-1,0.0484678000000001,-0.0370932,0.010182,0.0535421,0.0484678000000001,-0.0174097000000001,-0.0118721000000001,0.0535421,0.00237060000000011,0.0435408,-0.0174097000000001,-0.0118721000000001,0.1095808,-0.048781,0.0485678,-0.0281932,0.00112990000000002,0.0535901999999999,4.00000000011502e-06
"Ys0...19",-1.5,-1,-0.75,1,0.0452083,-0.040874,0.00950079999999998,0.0361126000000001,0.0452083,-0.0160072,-0.0182309,0.0361126000000001,0.00286490000000006,0.0383717,-0.0160072,-0.0182309,0.0306399000000001,0.0151067,0.0453094000000001,-0.0296535999999999,-0.00188210000000011,0.0362019,-2.78999999999696e-05
"Ys0...20",-1.5,-1,-0.75,1.5,0.044758,-0.0406683,0.00871440000000001,0.0336914,0.044758,-0.016077,-0.0186988,0.0336914,0.00282190000000004,0.0380785,-0.016077,-0.0186988,0.0233726,0.0197587,0.0448557000000001,-0.0295620000000001,-0.0025657,0.0337467,2.0800000000043e-05
"Ys0...21",-1.5,-1,-0.2,-1.5,0.0495833999999999,-0.0276512,0.00275040000000004,0.0606196999999999,0.0495833999999999,-0.0191616,-0.00737299999999996,0.0606196999999999,0.00163380000000002,0.0468835999999999,-0.0191616,-0.00737299999999996,0.1385739,-0.0737239000000001,0.0497360999999999,-0.0262125999999999,0.00112249999999992,0.0606642000000001,-7.90000000006064e-06
"Ys0...22",-1.5,-1,-0.2,-1,0.0484513000000001,-0.0304982,0.00362099999999999,0.0535421,0.0484513000000001,-0.0173004,-0.0118998,0.0535421,0.00232299999999996,0.0434412,-0.0173004,-0.0118998,0.1095808,-0.0487732,0.0485678,-0.0281932,0.00112990000000002,0.0535901999999999,2.15000000001186e-05
"Ys0...23",-1.5,-1,-0.2,1,0.0452317,-0.0325814999999999,0.00119399999999992,0.0361126000000001,0.0452317,-0.0159465999999999,-0.0182292000000001,0.0361126000000001,0.00278829999999997,0.0383131,-0.0159465999999999,-0.0182292000000001,0.0306399000000001,0.0151138,0.0453094000000001,-0.0296535999999999,-0.00188210000000011,0.0362019,-1.87999999999855e-05
"Ys0...24",-1.5,-1,-0.2,1.5,0.0447882000000001,-0.032469,0.000493899999999936,0.0336914,0.0447882000000001,-0.0160256000000001,-0.0187055,0.0336914,0.00275600000000009,0.0380294000000001,-0.0160256000000001,-0.0187055,0.0233726,0.0197654,0.0448557000000001,-0.0295620000000001,-0.0025657,0.0337467,2.98000000000798e-05
"Ys0...25",-1.5,-1,0.2,-1.5,0.0496253999999999,-0.0246632999999999,-0.00029060000000003,0.0606196999999999,0.0496253999999999,-0.0191569,-0.00738329999999998,0.0606196999999999,0.00158630000000004,0.0468564,-0.0191569,-0.00738329999999998,0.1385739,-0.0737125000000002,0.0497360999999999,-0.0262125999999999,0.00112249999999992,0.0606642000000001,-1.90000000001023e-05
"Ys0...26",-1.5,-1,0.2,-1,0.0484926,-0.0258182,-0.00111620000000001,0.0535421,0.0484926,-0.0173141,-0.0119206000000001,0.0535421,0.00230030000000003,0.0434422999999999,-0.0173141,-0.0119206000000001,0.1095808,-0.0487765,0.0485678,-0.0281932,0.00112990000000002,0.0535901999999999,5.60000000005001e-06
"Ys0...27",-1.5,-1,0.2,1,0.0452748999999999,-0.0266491999999999,-0.00479340000000006,0.0361126000000001,0.0452748999999999,-0.0159564999999999,-0.0182604000000001,0.0361126000000001,0.00277430000000001,0.0383135,-0.0159564999999999,-0.0182604000000001,0.0306399000000001,0.0151113999999999,0.0453094000000001,-0.0296535999999999,-0.00188210000000011,0.0362019,-3.07000000000501e-05
"Ys0...28",-1.5,-1,0.2,1.5,0.0448307,-0.0266054999999999,-0.00542410000000004,0.0336914,0.0448307,-0.016038,-0.0187461,0.0336914,0.00275449999999999,0.0380324,-0.016038,-0.0187461,0.0233726,0.0197628000000001,0.0448557000000001,-0.0295620000000001,-0.0025657,0.0337467,1.78000000000678e-05
"Ys0...29",-1.5,-1,0.75,-1.5,NA,NA,NA,0.0605694,NA,NA,NA,0.0605694,NA,NA,NA,NA,0.1384632,NA,0.0495707,-0.0260967,0.00124489999999999,0.0606902,NA
"Ys0...30",-1.5,-1,0.75,-1,NA,NA,NA,0.0534218000000001,NA,NA,NA,0.0534218000000001,NA,NA,NA,NA,0.1095018,NA,0.0483962,-0.0280637,0.00126170000000003,0.0536059,NA
"Ys0...31",-1.5,-1,0.75,1,NA,NA,NA,0.0360463000000001,NA,NA,NA,0.0360463000000001,NA,NA,NA,NA,0.0308191,NA,0.0451628000000001,-0.0295074000000001,-0.00180400000000003,0.0361189000000001,NA
"Ys0...32",-1.5,-1,0.75,1.5,NA,NA,NA,0.0336494000000001,NA,NA,NA,0.0336494000000001,NA,NA,NA,NA,0.0235235,NA,0.0447195,-0.0294270000000001,-0.00246859999999993,0.0336827,NA
"Ys0...33",-1.5,0,-0.75,-1.5,0.0461922,-0.0315036,0.00256029999999996,0.1740821,0.0461922,-0.021289,-0.00885590000000003,0.1740821,0.00120160000000002,0.0447040999999999,-0.021289,-0.00885590000000003,0.212904,-0.0360963,0.0462798999999999,-0.0269459999999999,-0.00208810000000004,0.1740105,7.47000000000941e-05
"Ys0...34",-1.5,0,-0.75,-1,0.0448825,-0.0362115000000001,0.00468310000000005,0.1213436,0.0448825,-0.0196328,-0.0137967,0.1213436,0.00190109999999999,0.0412255,-0.0196328,-0.0137967,0.1555874,-0.0286409,0.0449752,-0.0287519000000001,-0.00288569999999999,0.1213786,-1.84999999999214e-05
"Ys0...35",-1.5,0,-0.75,1,0.0432988,-0.0415497,0.00761239999999996,0.0336558,0.0432988,-0.0176934,-0.0188893,0.0336558,0.00264539999999991,0.0365008999999999,-0.0176934,-0.0188893,0.0330171,0.0101051999999999,0.0433847000000001,-0.0308091,-0.00329160000000006,0.0337482,-1.49000000000399e-05
"Ys0...36",-1.5,0,-0.75,1.5,0.043284,-0.0416995999999999,0.00771189999999999,0.0291414,0.043284,-0.0176289000000001,-0.0191327999999999,0.0291414,0.00277400000000005,0.0363082,-0.0176289000000001,-0.0191327999999999,0.0245599,0.0142725,0.0433532999999999,-0.0309627,-0.00331719999999991,0.0292956999999999,6.86000000000853e-05
"Ys0...37",-1.5,0,-0.2,-1.5,0.0461716,-0.0280781,-0.000833700000000048,0.1740821,0.0461716,-0.0212487,-0.00889709999999999,0.1740821,0.00123399999999996,0.0447014,-0.0212487,-0.00889709999999999,0.212904,-0.0361230000000001,0.0462798999999999,-0.0269459999999999,-0.00208810000000004,0.1740105,8.5600000000019e-05
"Ys0...38",-1.5,0,-0.2,-1,0.0448742999999999,-0.0306569,-0.000851199999999941,0.1213436,0.0448742999999999,-0.0195673,-0.0138216,0.1213436,0.00188080000000002,0.0411741999999999,-0.0195673,-0.0138216,0.1555874,-0.028643,0.0449752,-0.0287519000000001,-0.00288569999999999,0.1213786,-6.39999999996199e-06
"Ys0...39",-1.5,0,-0.2,1,0.0432925,-0.0335835,-0.000338900000000031,0.0336558,0.0432925,-0.0176353,-0.0189045999999999,0.0336558,0.00261749999999994,0.0364462,-0.0176353,-0.0189045999999999,0.0330171,0.0101104,0.0433847000000001,-0.0308091,-0.00329160000000006,0.0337482,-6.30000000001463e-06
"Ys0...40",-1.5,0,-0.2,1.5,0.0433254,-0.0338712,-0.000312500000000049,0.0291732,0.0433254,-0.017652,-0.0190072999999999,0.0291732,0.00247559999999991,0.0363144999999999,-0.017652,-0.0190072999999999,0.0245776999999999,0.0141344,0.0434382,-0.0310085,-0.00332120000000002,0.029168,3.8399999999994e-05
"Ys0...41",-1.5,0,0.2,-1.5,0.0462145,-0.0257067,-0.00326290000000007,0.1740821,0.0462145,-0.0212384,-0.00890830000000009,0.1740821,0.00117710000000004,0.0446721,-0.0212384,-0.00890830000000009,0.212904,-0.0361189000000001,0.0462798999999999,-0.0269459999999999,-0.00208810000000004,0.1740105,7.07000000000901e-05
"Ys0...42",-1.5,0,0.2,-1,0.0449281,-0.0267538,-0.00482169999999993,0.1213436,0.0449281,-0.0195774,-0.0138450999999999,0.1213436,0.00184699999999993,0.0411745,-0.0195774,-0.0138450999999999,0.1555874,-0.0286468,0.0449752,-0.0287519000000001,-0.00288569999999999,0.1213786,-1.9999999999909e-05
"Ys0...43",-1.5,0,0.2,1,0.0433089000000001,-0.0278830000000001,-0.00597599999999998,0.0336352,0.0433089000000001,-0.0176218,-0.0189116,0.0336352,0.00267439999999997,0.0364714,-0.0176218,-0.0189116,0.0332211,0.00999720000000004,0.0434988000000001,-0.0309706000000001,-0.00324419999999992,0.0337483,5.2799999999964e-05
"Ys0...44",-1.5,0,0.2,1.5,0.0433187,-0.0279285,-0.00613739999999996,0.0291002,0.0433187,-0.0176503,-0.0191214,0.0291002,0.00270579999999998,0.0362405,-0.0176503,-0.0191214,0.0246555000000001,0.0141219,0.0434002,-0.0308444,-0.00345379999999995,0.0293806999999999,-0.000129699999999899
"Ys0...45",-1.5,0,0.75,-1.5,NA,NA,NA,0.1739539,NA,NA,NA,0.1739539,NA,NA,NA,NA,0.2129786,NA,0.046134,-0.0268044,-0.00199240000000001,0.1739725,NA
"Ys0...46",-1.5,0,0.75,-1,NA,NA,NA,0.1213158,NA,NA,NA,0.1213158,NA,NA,NA,NA,0.1555799,NA,0.0448407,-0.0286317,-0.00279949999999995,0.1213286,NA
"Ys0...47",-1.5,0,0.75,1,NA,NA,NA,0.033705,NA,NA,NA,0.033705,NA,NA,NA,NA,0.0330298,NA,0.0434466999999999,-0.0308532,-0.00324429999999998,0.0336329,NA
"Ys0...48",-1.5,0,0.75,1.5,NA,NA,NA,0.0292351,NA,NA,NA,0.0292351,NA,NA,NA,NA,0.0245908,NA,0.0433001999999999,-0.0308189,-0.00330719999999995,0.029219,NA
"Ys0...49",-1.5,1,-0.75,-1.5,0.0456701,-0.0262512,-0.0025387,0.2860459,0.0456701,-0.0190030999999999,-0.0106129,0.2860459,0.000826099999999941,0.0451752,-0.0190030999999999,-0.0106129,0.2875116,-0.000124599999999919,0.04576,-0.0230475000000001,-0.00587219999999999,0.2861751,-8.92999999998478e-05
"Ys0...50",-1.5,1,-0.75,-1,0.0442509000000001,-0.0303530000000001,-0.00179739999999995,0.1974697,0.0442509000000001,-0.017549,-0.0160334,0.1974697,0.00143199999999999,0.0416458,-0.017549,-0.0160334,0.2078209,-0.00623509999999994,0.0443545,-0.0245833999999999,-0.00769360000000008,0.1975799,-8.7199999999954e-05
"Ys0...51",-1.5,1,-0.75,1,0.0431716000000001,-0.0358997000000001,0.00187500000000007,0.0341663,0.0431716000000001,-0.0155293000000001,-0.020854,0.0341663,0.0023586000000001,0.0371011,-0.0155293000000001,-0.020854,0.0382068,0.0045284000000001,0.0432642,-0.0268383999999999,-0.00744430000000007,0.0342817,5.00000000001055e-05
"Ys0...52",-1.5,1,-0.75,1.5,0.0432933,-0.0364033,0.00221519999999997,0.0282211,0.0432933,-0.0154192000000001,-0.0210534,0.0282211,0.00228450000000002,0.0368868,-0.0154192000000001,-0.0210534,0.0288395,0.00799519999999998,0.0433014,-0.0269635,-0.00725240000000005,0.0282796000000001,-3.88000000001165e-05
"Ys0...53",-1.5,1,-0.2,-1.5,0.0456445,-0.0237877999999999,-0.00495660000000009,0.2860459,0.0456445,-0.0189984,-0.0106081,0.2860459,0.000862099999999977,0.0451954999999999,-0.0189984,-0.0106081,0.2875116,-0.000129699999999899,0.04576,-0.0230475000000001,-0.00587219999999999,0.2861751,-6.93999999998862e-05
"Ys0...54",-1.5,1,-0.2,-1,0.0442424,-0.0260299000000001,-0.00609799999999994,0.1974697,0.0442424,-0.0175108,-0.0160469999999999,0.1974697,0.00142989999999998,0.0416085,-0.0175108,-0.0160469999999999,0.2078209,-0.00622200000000006,0.0443545,-0.0245833999999999,-0.00769360000000008,0.1975799,-7.31999999999955e-05
"Ys0...55",-1.5,1,-0.2,1,0.0433644,-0.0292173999999999,-0.00491620000000004,0.0340322000000001,0.0433644,-0.0154834,-0.0209167,0.0340322000000001,0.00226650000000006,0.0371582,-0.0154834,-0.0209167,0.0381586,0.00432840000000001,0.043265,-0.0266601,-0.00750150000000005,0.0341406,1.90000000001023e-05
"Ys0...56",-1.5,1,-0.2,1.5,0.043148,-0.0292774,-0.00476639999999995,0.0281312,0.043148,-0.0153248,-0.0210606999999999,0.0281312,0.0023417,0.0367742,-0.0153248,-0.0210606999999999,0.0288067999999999,0.00804600000000011,0.0432561,-0.0268429,-0.00732750000000004,0.0282748,-0.000125099999999989
"Ys0...57",-1.5,1,0.2,-1.5,0.0457037,-0.0221273,-0.0066866000000001,0.2860459,0.0457037,-0.0189718,-0.0106517,0.2860459,0.000809599999999966,0.0451368,-0.0189718,-0.0106517,0.2875116,-0.000107899999999939,0.04576,-0.0230475000000001,-0.00587219999999999,0.2861751,-7.96999999999048e-05
"Ys0...58",-1.5,1,0.2,-1,0.044304,-0.0230266,-0.00917469999999998,0.1974697,0.044304,-0.0174986,-0.0160903,0.1974697,0.00138760000000004,0.0415689,-0.0174986,-0.0160903,0.2078209,-0.00620640000000006,0.0443545,-0.0245833999999999,-0.00769360000000008,0.1975799,-8.50000000000017e-05
"Ys0...59",-1.5,1,0.2,1,0.0431818,-0.0242194,-0.00981299999999996,0.0340071,0.0431818,-0.0154113,-0.0209153,0.0340071,0.00229420000000002,0.0370226,-0.0154113,-0.0209153,0.0382804999999999,0.0042736000000001,0.0432139,-0.0267688,-0.00743989999999994,0.0342946,-0.000143299999999957
"Ys0...60",-1.5,1,0.2,1.5,0.0432292999999999,-0.0241960999999999,-0.00986120000000001,0.0281669,0.0432292999999999,-0.0153917,-0.0210975,0.0281669,0.00243190000000004,0.0369796,-0.0153917,-0.0210975,0.0287026,0.00810799999999989,0.0432935999999999,-0.0269638,-0.00733779999999995,0.0281621,0.000184799999999985
"Ys0...61",-1.5,1,0.75,-1.5,NA,NA,NA,0.2859141,NA,NA,NA,0.2859141,NA,NA,NA,NA,0.2874799,NA,0.0455987000000001,-0.0229236,-0.00575429999999999,0.2862131,NA
"Ys0...62",-1.5,1,0.75,-1,NA,NA,NA,0.1972826,NA,NA,NA,0.1972826,NA,NA,NA,NA,0.2078375,NA,0.0444398,-0.0245906,-0.00761689999999993,0.1975682,NA
"Ys0...63",-1.5,1,0.75,1,NA,NA,NA,0.0341435999999999,NA,NA,NA,0.0341435999999999,NA,NA,NA,NA,0.0381246,NA,0.0432793,-0.0267315,-0.00738799999999995,0.0341804999999999,NA
"Ys0...64",-1.5,1,0.75,1.5,NA,NA,NA,0.0281756,NA,NA,NA,0.0281756,NA,NA,NA,NA,0.0287789000000001,NA,0.0433159,-0.0268695999999999,-0.00729690000000005,0.0281633,NA
"Ys0...65",-1.5,1.5,-0.75,-1.5,0.0457015,-0.0229916999999999,-0.00519559999999997,0.3257832,0.0457015,-0.0172,-0.0115826,0.3257832,0.000595300000000076,0.0455799,-0.0172,-0.0115826,0.3146647,0.0119939999999999,0.045647,-0.020253,-0.00791380000000008,0.3258177,-4.99999999958867e-07
"Ys0...66",-1.5,1.5,-0.75,-1,0.0440967,-0.0266037,-0.00541820000000004,0.2285915,0.0440967,-0.0159695,-0.0174913,0.2285915,0.00143889999999991,0.0419311,-0.0159695,-0.0174913,0.2295933,0.00253609999999993,0.0443298,-0.021929,-0.0103363,0.2286242,-2.2399999999978e-05
"Ys0...67",-1.5,1.5,-0.75,1,0.0432159000000001,-0.0322951,-0.0018378,0.0352386,0.0432159000000001,-0.0140036,-0.0223638,0.0352386,0.00223450000000003,0.0374291999999999,-0.0140036,-0.0223638,0.04111,0.00203290000000012,0.0433429999999999,-0.0241165,-0.0101175,0.0351984000000001,1.42000000000753e-05
"Ys0...68",-1.5,1.5,-0.75,1.5,0.0432082,-0.0326349,-0.00151690000000004,0.0283395000000001,0.0432082,-0.0138564,-0.0223664,0.0283395000000001,0.00207099999999993,0.0372846,-0.0138564,-0.0223664,0.0310155999999999,0.00533370000000011,0.0432237,-0.0242511,-0.0100131,0.028342,9.440000000005e-05
"Ys0...69",-1.5,1.5,-0.2,-1.5,0.0457177,-0.0211414,-0.00712570000000001,0.3257923,0.0457177,-0.0172254000000001,-0.0116582000000001,0.3257923,0.000616500000000131,0.0455845,-0.0172254000000001,-0.0116582000000001,0.3144635,0.012105,0.0458636,-0.0205752,-0.00776769999999993,0.3257259,-3.70000000005088e-06
"Ys0...70",-1.5,1.5,-0.2,-1,0.0441999000000001,-0.0232375,-0.00893389999999994,0.2284969,0.0441999000000001,-0.0158385,-0.0173446,0.2284969,0.00101170000000006,0.0419118000000001,-0.0158385,-0.0173446,0.2294857,0.00244389999999994,0.0443648,-0.021988,-0.0102505000000001,0.2285914,-0.000192299999999923
"Ys0...71",-1.5,1.5,-0.2,1,0.0431864000000001,-0.0262479000000001,-0.00777059999999996,0.0351056,0.0431864000000001,-0.0139861999999999,-0.0222796,0.0351056,0.00224729999999984,0.0374378,-0.0139861999999999,-0.0222796,0.0410495,0.00196529999999995,0.0434087000000001,-0.0241979,-0.0102521,0.0353118,2.99999999986422e-06
"Ys0...72",-1.5,1.5,-0.2,1.5,0.0433417,-0.0264031,-0.00773450000000009,0.0282716000000001,0.0433417,-0.0136887999999999,-0.0223941000000001,0.0282716000000001,0.00194529999999993,0.0371404,-0.0136887999999999,-0.0223941000000001,0.0309294000000001,0.00551349999999995,0.0433766999999999,-0.0242865999999999,-0.0100296,0.028428,-1.2800000000035e-05
"Ys0...73",-1.5,1.5,0.2,-1.5,0.0457844000000001,-0.0198547,-0.00846500000000006,0.3257923,0.0457844000000001,-0.0172804000000001,-0.0116575000000001,0.3257923,0.000618200000000124,0.0456637000000001,-0.0172804000000001,-0.0116575000000001,0.3144635,0.0120949,0.0458636,-0.0205752,-0.00776769999999993,0.3257259,1.0399999999966e-05
"Ys0...74",-1.5,1.5,0.2,-1,0.0442433999999999,-0.0205732999999999,-0.0116041,0.229012,0.0442433999999999,-0.0159874,-0.0174677,0.229012,0.00127770000000005,0.0420144,-0.0159874,-0.0174677,0.2295089,0.00299769999999999,0.0443908,-0.0220471,-0.0103886,0.2286362,0.000486700000000062
"Ys0...75",-1.5,1.5,0.2,1,0.0432155,-0.0218183,-0.0122053000000001,0.0350968,0.0432155,-0.0139717,-0.0221996999999999,0.0350968,0.00214779999999992,0.0374847,-0.0139717,-0.0221996999999999,0.0411127,0.00185849999999987,0.043314,-0.0240591,-0.0101629,0.0350039999999999,0.000192700000000046
"Ys0...76",-1.5,1.5,0.2,1.5,0.0431711,-0.0218582,-0.0122782,0.0282737000000001,0.0431711,-0.0137864000000001,-0.0223385,0.0282737000000001,0.00198850000000006,0.0371256000000001,-0.0137864000000001,-0.0223385,0.0310688,0.00530310000000001,0.0433226999999999,-0.0241570999999999,-0.0100370000000001,0.0281275000000001,5.23000000000051e-05
"Ys0...77",-1.5,1.5,0.75,-1.5,NA,NA,NA,0.3255054,NA,NA,NA,0.3255054,NA,NA,NA,NA,0.3145421,NA,0.0457474999999999,-0.0204979,-0.0078916,0.3258086,NA
"Ys0...78",-1.5,1.5,0.75,-1,NA,NA,NA,0.2287848,NA,NA,NA,0.2287848,NA,NA,NA,NA,0.2296216,NA,0.0442102,-0.0218497,-0.0102934,0.2287895,NA
"Ys0...79",-1.5,1.5,0.75,1,NA,NA,NA,0.0350056,NA,NA,NA,0.0350056,NA,NA,NA,NA,0.0410178999999999,NA,0.0432408,-0.0240807,-0.0100825,0.0350866,NA
"Ys0...80",-1.5,1.5,0.75,1.5,NA,NA,NA,0.0281718,NA,NA,NA,0.0281718,NA,NA,NA,NA,0.0310228,NA,0.0432708000000001,-0.0241875,-0.0100309,0.0283186999999999,NA
"Ys0...81",-0.5,-1.5,-0.75,-1.5,0.0525005000000001,-0.0217210000000001,0.0158281,0.0247796,0.0525005000000001,-0.00336049999999999,-0.00205199999999994,0.0247796,-0.000480400000000158,0.0471908,-0.00336049999999999,-0.00205199999999994,0.1141202,-0.0844965000000001,0.0525907000000001,-0.0141583000000001,0.00809360000000003,0.0248391,2.20999999999139e-05
"Ys0...82",-0.5,-1.5,-0.75,-1,0.0529446,-0.0310963000000001,0.0252034,0.0247796,0.0529446,-0.00186419999999998,-0.00316660000000002,0.0247796,-0.000862100000000088,0.0434139,-0.00186419999999998,-0.00316660000000002,0.0895944,-0.0561424,0.0530343000000001,-0.018903,0.0128383,0.0248391,2.25999999998727e-05
"Ys0...83",-0.5,-1.5,-0.75,1,0.0532102000000001,-0.0411177,0.0352247999999999,0.0247796,0.0532102000000001,-0.000221600000000044,-0.00443000000000005,0.0247796,-0.0012413,0.0382053999999999,-0.000221600000000044,-0.00443000000000005,0.0215477000000001,0.016951,0.0532929000000001,-0.023984,0.0179193,0.0248391,2.9599999999963e-05
"Ys0...84",-0.5,-1.5,-0.75,1.5,0.0532138000000001,-0.0414472,0.0355542999999999,0.0247796,0.0532138000000001,-0.000167899999999999,-0.00446560000000007,0.0247796,-0.00125940000000002,0.0380149999999999,-0.000167899999999999,-0.00446560000000007,0.0157772,0.0229002,0.0532962,-0.0241476,0.0180829,0.0248391,2.99000000000271e-05
"Ys0...85",-0.5,-1.5,-0.2,-1.5,0.0525609,-0.0161711,0.0101878999999999,0.0247796,0.0525609,-0.0034343,-0.00206619999999991,0.0247796,-0.000482700000000169,0.0472490999999999,-0.0034343,-0.00206619999999991,0.1141202,-0.0845109000000001,0.0525907000000001,-0.0141583000000001,0.00809360000000003,0.0248391,-7.80000000011327e-06
"Ys0...86",-0.5,-1.5,-0.2,-1,0.0530097,-0.0221923000000001,0.0162091,0.0247796,0.0530097,-0.00194939999999999,-0.00320719999999997,0.0247796,-0.000826600000000122,0.0434975000000001,-0.00194939999999999,-0.00320719999999997,0.0895944,-0.056166,0.0530343000000001,-0.018903,0.0128383,0.0248391,-2.60000000007476e-06
"Ys0...87",-0.5,-1.5,-0.2,1,0.0532784000000001,-0.0286185,0.0226352999999999,0.0247796,0.0532784000000001,-0.00028130000000004,-0.00448730000000008,0.0247796,-0.00121459999999995,0.0382709999999999,-0.00028130000000004,-0.00448730000000008,0.0215477000000001,0.016923,0.0532929000000001,-0.023984,0.0179193,0.0248391,7.49999999993811e-06
"Ys0...88",-0.5,-1.5,-0.2,1.5,0.0532822000000001,-0.0288295000000001,0.0228463,0.0247796,0.0532822000000001,-0.000226100000000007,-0.00452240000000004,0.0247796,-0.00123470000000003,0.0380786999999999,-0.000226100000000007,-0.00452240000000004,0.0157772,0.0228728,0.0532962,-0.0241476,0.0180829,0.0248391,8.000000000008e-06
"Ys0...89",-0.5,-1.5,0.2,-1.5,0.0525178000000001,-0.0119249,0.00603699999999996,0.0247796,0.0525178000000001,-0.0033147,-0.00211019999999995,0.0247796,-0.000463000000000102,0.0471317999999999,-0.0033147,-0.00211019999999995,0.1141202,-0.084461,0.0525907000000001,-0.0141583000000001,0.00809360000000003,0.0248391,4.43999999999445e-05
"Ys0...90",-0.5,-1.5,0.2,-1,0.0529628,-0.0154538,0.00956589999999991,0.0247796,0.0529628,-0.00180219999999998,-0.00322840000000002,0.0247796,-0.000857300000000061,0.0433600000000001,-0.00180219999999998,-0.00322840000000002,0.0895944,-0.0561273000000001,0.0530343000000001,-0.018903,0.0128383,0.0248391,4.57999999998737e-05
"Ys0...91",-0.5,-1.5,0.2,1,0.0532207,-0.0192361,0.0133481999999999,0.0247796,0.0532207,-0.000183300000000108,-0.00444770000000005,0.0247796,-0.00125689999999989,0.0381673,-0.000183300000000108,-0.00444770000000005,0.0215477000000001,0.0169663,0.0532929000000001,-0.023984,0.0179193,0.0248391,4.50999999999091e-05
"Ys0...92",-0.5,-1.5,0.2,1.5,0.0532244000000001,-0.0193612,0.0134732999999999,0.0247796,0.0532244000000001,-0.000121700000000002,-0.0044805,0.0247796,-0.00128570000000006,0.0379678999999999,-0.000121700000000002,-0.0044805,0.0157772,0.0229167,0.0532962,-0.0241476,0.0180829,0.0248391,4.55000000000316e-05
"Ys0...93",-0.5,-1.5,0.75,-1.5,0.0525782,-0.00637500000000002,0.000396799999999975,0.0247796,0.0525782,-0.00338850000000002,-0.00212439999999992,0.0247796,-0.000465300000000113,0.0471901,-0.00338850000000002,-0.00212439999999992,0.1141202,-0.0844754000000001,0.0525907000000001,-0.0141583000000001,0.00809360000000003,0.0248391,1.44999999999174e-05
"Ys0...94",-0.5,-1.5,0.75,-1,0.0530279,-0.00654980000000005,0.000571600000000005,0.0247796,0.0530279,-0.00188739999999998,-0.00326899999999997,0.0247796,-0.000821800000000095,0.0434436,-0.00188739999999998,-0.00326899999999997,0.0895944,-0.0561509,0.0530343000000001,-0.018903,0.0128383,0.0248391,2.05999999999262e-05
"Ys0...95",-0.5,-1.5,0.75,1,0.0532889,-0.00673690000000005,0.000758700000000001,0.0247796,0.0532889,-0.000243000000000104,-0.00450500000000009,0.0247796,-0.00123019999999985,0.0382329,-0.000243000000000104,-0.00450500000000009,0.0215477000000001,0.0169383,0.0532929000000001,-0.023984,0.0179193,0.0248391,2.29999999998842e-05
"Ys0...96",-0.5,-1.5,0.75,1.5,0.0532928,-0.00674350000000001,0.000765299999999969,0.0247796,0.0532928,-0.000179900000000011,-0.00453730000000008,0.0247796,-0.00126099999999996,0.0380315999999999,-0.000179900000000011,-0.00453730000000008,0.0157772,0.0228893,0.0532962,-0.0241476,0.0180829,0.0248391,2.36000000000125e-05
"Ys0...97",-0.5,-1,-0.75,-1.5,0.0414524000000001,-0.0209218,0.0123888,0.0606196999999999,0.0414524000000001,-0.00563560000000007,-0.00259009999999993,0.0606196999999999,-0.00030730000000001,0.038119,-0.00563560000000007,-0.00259009999999993,0.1385739,-0.0749395,0.0415595999999999,-0.0146214,0.0059129,0.0606642000000001,2.38000000000183e-05
"Ys0...98",-0.5,-1,-0.75,-1,0.0393247000000001,-0.0282505000000001,0.0190249,0.0535421,0.0393247000000001,-0.00447169999999997,-0.0040945,0.0535421,-0.000659400000000088,0.0329704999999999,-0.00447169999999997,-0.0040945,0.1095808,-0.0503326999999999,0.0393956000000001,-0.0183167000000001,0.00892820000000005,0.0535901999999999,4.39000000000966e-05
"Ys0...99",-0.5,-1,-0.75,1,0.0332973000000001,-0.0335778000000001,0.0227872,0.0361126000000001,0.0332973000000001,-0.00360160000000009,-0.00627450000000007,0.0361126000000001,-0.000914499999999929,0.0245647000000001,-0.00360160000000009,-0.00627450000000007,0.0306399000000001,0.0132914,0.0332954,-0.0209649000000001,0.0100707,0.0362019,1.62000000001328e-05
"Ys0...100",-0.5,-1,-0.75,1.5,0.0324673,-0.0332878,0.0222969,0.0336914,0.0324673,-0.00363990000000003,-0.00643079999999996,0.0336914,-0.000920200000000038,0.0239357,-0.00363990000000003,-0.00643079999999996,0.0233726,0.0179384,0.0324429000000001,-0.0207879,0.00970109999999991,0.0337467,6.49999999999817e-05
"Ys0...101",-0.5,-1,-0.2,-1.5,0.0415721,-0.016343,0.00767329999999999,0.0606196999999999,0.0415721,-0.0056731000000001,-0.0025946,0.0606196999999999,-0.000401999999999902,0.0381487,-0.0056731000000001,-0.0025946,0.1385739,-0.0749487000000001,0.0415595999999999,-0.0146214,0.0059129,0.0606642000000001,6.79999999997349e-06
"Ys0...102",-0.5,-1,-0.2,-1,0.0394404,-0.0210696,0.0117005,0.0535421,0.0394404,-0.00452410000000003,-0.00413359999999996,0.0535421,-0.000711400000000029,0.0330280000000001,-0.00452410000000003,-0.00413359999999996,0.1095808,-0.0503656,0.0393956000000001,-0.0183167000000001,0.00892820000000005,0.0535901999999999,1.61000000000744e-05
"Ys0...103",-0.5,-1,-0.2,1,0.0333654,-0.0244298000000001,0.0135495,0.0361126000000001,0.0333654,-0.00362660000000004,-0.00632430000000006,0.0361126000000001,-0.000929399999999969,0.0245997,-0.00362660000000004,-0.00632430000000006,0.0306399000000001,0.0132597999999999,0.0332954,-0.0209649000000001,0.0100707,0.0362019,-5.39999999993324e-06
"Ys0...104",-0.5,-1,-0.2,1.5,0.0325415,-0.0242528,0.0131661,0.0336914,0.0325415,-0.00366980000000006,-0.00648970000000004,0.0336914,-0.000927199999999906,0.0239754,-0.00366980000000006,-0.00648970000000004,0.0233726,0.0179070000000001,0.0324429000000001,-0.0207879,0.00970109999999991,0.0337467,4.34000000000268e-05
"Ys0...105",-0.5,-1,0.2,-1.5,0.0414749,-0.0127156,0.00418870000000005,0.0606196999999999,0.0414749,-0.0056235,-0.0026716,0.0606196999999999,-0.000231800000000004,0.03809,-0.0056235,-0.0026716,0.1385739,-0.0748940000000001,0.0415595999999999,-0.0146214,0.0059129,0.0606642000000001,5.23999999999525e-05
"Ys0...106",-0.5,-1,0.2,-1,0.0393123,-0.015445,0.00625600000000004,0.0535421,0.0393123,-0.00444860000000002,-0.00419950000000002,0.0535421,-0.000540899999999955,0.0329627,-0.00444860000000002,-0.00419950000000002,0.1095808,-0.0503238,0.0393956000000001,-0.0183167000000001,0.00892820000000005,0.0535901999999999,6.81000000000154e-05
"Ys0...107",-0.5,-1,0.2,1,0.033315,-0.0175186000000001,0.0067258,0.0361126000000001,0.033315,-0.00361240000000007,-0.00632630000000001,0.0361126000000001,-0.000854099999999969,0.0245787000000001,-0.00361240000000007,-0.00632630000000001,0.0306399000000001,0.0133036999999999,0.0332954,-0.0209649000000001,0.0100707,0.0362019,3.17000000000789e-05
"Ys0...108",-0.5,-1,0.2,1.5,0.0324756,-0.0174073,0.00642339999999997,0.0336914,0.0324756,-0.00365650000000006,-0.00648040000000005,0.0336914,-0.000846999999999931,0.0239549,-0.00365650000000006,-0.00648040000000005,0.0233726,0.0179511000000001,0.0324429000000001,-0.0207879,0.00970109999999991,0.0337467,8.03000000000331e-05
"Ys0...109",-0.5,-1,0.75,-1.5,0.0415946,-0.00813679999999994,-0.000526800000000049,0.0606196999999999,0.0415946,-0.00566100000000003,-0.00267609999999996,0.0606196999999999,-0.000326500000000007,0.0381197,-0.00566100000000003,-0.00267609999999996,0.1385739,-0.0749032000000001,0.0415595999999999,-0.0146214,0.0059129,0.0606642000000001,3.54000000000187e-05
"Ys0...110",-0.5,-1,0.75,-1,0.039428,-0.0082641,-0.00106839999999997,0.0535421,0.039428,-0.00450099999999998,-0.00423859999999998,0.0535421,-0.000592900000000007,0.0330201999999999,-0.00450099999999998,-0.00423859999999998,0.1095808,-0.0503566999999999,0.0393956000000001,-0.0183167000000001,0.00892820000000005,0.0535901999999999,4.03000000001041e-05
"Ys0...111",-0.5,-1,0.75,1,0.0333831,-0.00837060000000001,-0.00251190000000001,0.0361126000000001,0.0333831,-0.00363740000000001,-0.0063761,0.0361126000000001,-0.000869000000000009,0.0246137,-0.00363740000000001,-0.0063761,0.0306399000000001,0.0132721,0.0332954,-0.0209649000000001,0.0100707,0.0362019,1.01000000001239e-05
"Ys0...112",-0.5,-1,0.75,1.5,0.0325498,-0.0083723,-0.00270740000000003,0.0336914,0.0325498,-0.00368639999999998,-0.00653930000000003,0.0336914,-0.000854000000000021,0.0239946,-0.00368639999999998,-0.00653930000000003,0.0233726,0.0179197,0.0324429000000001,-0.0207879,0.00970109999999991,0.0337467,5.86999999999671e-05
"Ys0...113",-0.5,0,-0.75,-1.5,0.0350838,-0.0187971,0.00883840000000002,0.1740821,0.0350838,-0.00649729999999993,-0.00308750000000002,0.1740821,-0.000373900000000038,0.0334625,-0.00649729999999993,-0.00308750000000002,0.212904,-0.0374734,0.0351019,-0.0137252999999999,0.00370899999999996,0.1740105,0.000111100000000031
"Ys0...114",-0.5,0,-0.75,-1,0.0326614999999999,-0.0254394,0.0145932000000001,0.1213436,0.0326614999999999,-0.00543749999999998,-0.00473329999999994,0.1213436,-0.000675399999999993,0.0279898,-0.00543749999999998,-0.00473329999999994,0.1555874,-0.0301406,0.0326795,-0.0170887,0.00617499999999993,0.1213786,1.45000000000284e-05
"Ys0...115",-0.5,0,-0.75,1,0.0297185999999999,-0.032952,0.0212669,0.0336558,0.0297185999999999,-0.00422449999999996,-0.00650280000000003,0.0336558,-0.000957800000000009,0.0210331,-0.00422449999999996,-0.00650280000000003,0.0330171,0.00843009999999988,0.029685,-0.0208741,0.00910109999999997,0.0337482,2.91000000000041e-05
"Ys0...116",-0.5,0,-0.75,1.5,0.0295979000000001,-0.0331577000000001,0.0214380000000001,0.0291068999999999,0.0295979000000001,-0.0043126,-0.00653300000000001,0.0291068999999999,-0.000874099999999989,0.0208755,-0.0043126,-0.00653300000000001,0.0246033999999999,0.0124267,0.0297477,-0.0210349000000001,0.00910100000000003,0.0291618,9.49999999999562e-06
"Ys0...117",-0.5,0,-0.2,-1.5,0.0351795,-0.0151405,0.00506319999999993,0.1740821,0.0351795,-0.00654299999999997,-0.00310480000000002,0.1740821,-0.000429500000000083,0.0334924,-0.00654299999999997,-0.00310480000000002,0.212904,-0.0374805,0.0351019,-0.0137252999999999,0.00370899999999996,0.1740105,8.81999999999827e-05
"Ys0...118",-0.5,0,-0.2,-1,0.0327539,-0.0194061999999999,0.00844610000000001,0.1213436,0.0327539,-0.00550209999999995,-0.00477869999999991,0.1213436,-0.000679300000000049,0.0280469,-0.00550209999999995,-0.00477869999999991,0.1555874,-0.0301545999999999,0.0326795,-0.0170887,0.00617499999999993,0.1213786,-6.99999999986822e-06
"Ys0...119",-0.5,0,-0.2,1,0.0297678,-0.0241534,0.0124555,0.0336352,0.0297678,-0.00423679999999993,-0.00657800000000008,0.0336352,-0.000883100000000026,0.0211178,-0.00423679999999993,-0.00657800000000008,0.0332211,0.008185,0.029911,-0.0210952,0.0091116,0.0337483,2.93999999999572e-05
"Ys0...120",-0.5,0,-0.2,1.5,0.0296119,-0.0242587000000001,0.0125219000000001,0.0291655,0.0296119,-0.00417780000000001,-0.00665399999999994,0.0291655,-0.000905000000000045,0.0208417000000001,-0.00417780000000001,-0.00665399999999994,0.0247075,0.0123736999999999,0.0297022,-0.0209998,0.00912020000000002,0.0292217,-3.70000000005088e-06
"Ys0...121",-0.5,0,0.2,-1.5,0.0350771,-0.0122217,0.00230960000000002,0.1740821,0.0350771,-0.00653849999999989,-0.00319659999999999,0.1740821,-0.000177000000000094,0.0335215999999999,-0.00653849999999989,-0.00319659999999999,0.212904,-0.0374514,0.0351019,-0.0137252999999999,0.00370899999999996,0.1740105,0.000151000000000012
"Ys0...122",-0.5,0,0.2,-1,0.0326741,-0.0147495000000001,0.00392120000000007,0.1213436,0.0326741,-0.00544900000000004,-0.00484839999999997,0.1213436,-0.000530900000000001,0.0280399,-0.00544900000000004,-0.00484839999999997,0.1555874,-0.0301486999999999,0.0326795,-0.0170887,0.00617499999999993,0.1213786,4.50000000000728e-05
"Ys0...123",-0.5,0,0.2,1,0.0296933,-0.0175861,0.00594139999999999,0.0336558,0.0296933,-0.00424449999999998,-0.00657339999999995,0.0336558,-0.000826800000000127,0.0210816,-0.00424449999999998,-0.00657339999999995,0.0330171,0.00841669999999994,0.029685,-0.0208741,0.00910109999999997,0.0337482,4.42000000000498e-05
"Ys0...124",-0.5,0,0.2,1.5,0.0295915,-0.0177029,0.00592949999999992,0.0290856,0.0295915,-0.00427219999999995,-0.0066195,0.0290856,-0.000881700000000096,0.0209081,-0.00427219999999995,-0.0066195,0.0246628000000001,0.0122462999999999,0.0297599,-0.0211389,0.00916810000000001,0.0291924,-7.78000000000167e-05
"Ys0...125",-0.5,0,0.75,-1.5,0.0351728,-0.00856509999999999,-0.00146560000000007,0.1740821,0.0351728,-0.00658419999999993,-0.00321389999999999,0.1740821,-0.000232600000000138,0.0335515,-0.00658419999999993,-0.00321389999999999,0.212904,-0.0374585000000001,0.0351019,-0.0137252999999999,0.00370899999999996,0.1740105,0.000128099999999964
"Ys0...126",-0.5,0,0.75,-1,0.0327665,-0.00871630000000001,-0.0022259,0.1213436,0.0327665,-0.00551360000000001,-0.00489379999999995,0.1213436,-0.000534800000000057,0.028097,-0.00551360000000001,-0.00489379999999995,0.1555874,-0.0301627,0.0326795,-0.0170887,0.00617499999999993,0.1213786,2.35000000000651e-05
"Ys0...127",-0.5,0,0.75,1,0.0297997,-0.0087197,-0.00299450000000001,0.0336352,0.0297997,-0.00429000000000002,-0.00646170000000001,0.0336352,-0.000962499999999977,0.0211537000000001,-0.00429000000000002,-0.00646170000000001,0.0332211,0.0082179,0.029911,-0.0210952,0.0091116,0.0337483,4.49999999999617e-05
"Ys0...128",-0.5,0,0.75,1.5,0.0296025999999999,-0.00876369999999993,-0.00295780000000001,0.0291002,0.0296025999999999,-0.0042719,-0.00665740000000004,0.0291002,-0.00079219999999991,0.020807,-0.0042719,-0.00665740000000004,0.0246555000000001,0.0123631999999999,0.0297050999999999,-0.0210384,0.00910359999999999,0.0291790000000001,3.2000000000032e-05
"Ys0...129",-0.5,1,-0.75,-1.5,0.0341159999999999,-0.0146904999999999,0.00476389999999993,0.2860459,0.0341159999999999,-0.00599810000000001,-0.00364160000000002,0.2860459,-0.000286899999999979,0.0339106,-0.00599810000000001,-0.00364160000000002,0.2875116,-0.00144279999999997,0.0341027,-0.0111268,0.0011258999999999,0.2861751,-4.1599999999975e-05
"Ys0...130",-0.5,1,-0.75,-1,0.0314875999999999,-0.0204666999999999,0.00940479999999999,0.1974697,0.0314875999999999,-0.00503779999999998,-0.00545909999999994,0.1974697,-0.000565000000000038,0.0282194,-0.00503779999999998,-0.00545909999999994,0.2078209,-0.0074839000000001,0.0315037,-0.014023,0.00289010000000001,0.1975799,-5.53000000000914e-05
"Ys0...131",-0.5,1,-0.75,1,0.0294987,-0.0284998,0.0167749,0.0342431,0.0294987,-0.00370629999999994,-0.0071817999999999,0.0342431,-0.000836800000000082,0.0217419,-0.00370629999999994,-0.0071817999999999,0.0383283999999999,0.00296280000000004,0.0295934,-0.0180562000000001,0.00613920000000001,0.0341813000000001,0.000159200000000026
"Ys0...132",-0.5,1,-0.75,1.5,0.0296457,-0.0288765,0.0170579,0.0282082,0.0296457,-0.00375179999999997,-0.00721399999999994,0.0282082,-0.000852800000000098,0.0215318999999999,-0.00375179999999997,-0.00721399999999994,0.0287850999999999,0.00669890000000006,0.0296270999999999,-0.0183692999999999,0.00643569999999993,0.0281043000000001,0.000237500000000002
"Ys0...133",-0.5,1,-0.2,-1.5,0.0342093999999999,-0.0121133999999999,0.00207819999999992,0.2860459,0.0342093999999999,-0.00600279999999997,-0.00369410000000003,0.2860459,-0.000338300000000014,0.0339056,-0.00600279999999997,-0.00369410000000003,0.2875116,-0.00144829999999996,0.0341027,-0.0111268,0.0011258999999999,0.2861751,-5.6799999999968e-05
"Ys0...134",-0.5,1,-0.2,-1,0.0315823000000001,-0.015806,0.0046313,0.1974697,0.0315823000000001,-0.00507679999999999,-0.00553629999999994,0.1974697,-0.000561600000000051,0.0282551999999999,-0.00507679999999999,-0.00553629999999994,0.2078209,-0.00749879999999992,0.0315037,-0.014023,0.00289010000000001,0.1975799,-7.34000000000012e-05
"Ys0...135",-0.5,1,-0.2,1,0.0296011,-0.0209247,0.00907119999999995,0.034174,0.0296011,-0.00372570000000005,-0.0072875,0.034174,-0.000840300000000016,0.0217162000000001,-0.00372570000000005,-0.0072875,0.0382096,0.00299450000000001,0.0295742,-0.0180911,0.00617640000000008,0.0343036999999999,-4.1599999999975e-05
"Ys0...136",-0.5,1,-0.2,1.5,0.0295065,-0.0211005999999999,0.00931729999999997,0.0281981,0.0295065,-0.00366699999999998,-0.00732220000000006,0.0281981,-0.000794099999999909,0.0215605,-0.00366699999999998,-0.00732220000000006,0.0288815,0.00653170000000003,0.0296734000000001,-0.0182994000000001,0.00639640000000008,0.0281034,4.74999999999781e-05
"Ys0...137",-0.5,1,0.2,-1.5,0.0340553,-0.0100228,0.000179499999999999,0.2860459,0.0340553,-0.00597169999999991,-0.00372280000000003,0.2860459,-0.00014880000000006,0.0339105999999999,-0.00597169999999991,-0.00372280000000003,0.2875116,-0.00144659999999985,0.0341027,-0.0111268,0.0011258999999999,0.2861751,-1.89999999998802e-05
"Ys0...138",-0.5,1,0.2,-1,0.0315432,-0.0122427000000001,0.00122670000000002,0.1974486,0.0315432,-0.00506519999999999,-0.00551069999999998,0.1974486,-0.000440100000000054,0.0282386999999999,-0.00506519999999999,-0.00551069999999998,0.2079551,-0.00754980000000005,0.0317017000000001,-0.0141898,0.00286370000000002,0.1976399,-3.97000000000869e-05
"Ys0...139",-0.5,1,0.2,1,0.0296497,-0.0152886,0.00351139999999994,0.0341351000000001,0.0296497,-0.0037277,-0.00730639999999994,0.0341351000000001,-0.000743100000000108,0.021663,-0.0037277,-0.00730639999999994,0.0383237,0.00301380000000007,0.0296083,-0.018115,0.006185,0.0342392,9.00999999999819e-05
"Ys0...140",-0.5,1,0.2,1.5,0.0294486,-0.0153754,0.00367649999999997,0.0281301,0.0294486,-0.00362829999999992,-0.00721880000000008,0.0281301,-0.000851800000000069,0.0214379,-0.00362829999999992,-0.00721880000000008,0.0287352000000001,0.00664999999999993,0.0295803,-0.0182557,0.00638309999999997,0.0282107,-3.85999999999997e-05
"Ys0...141",-0.5,1,0.75,-1.5,0.0341486999999999,-0.0074457,-0.00250620000000001,0.2860459,0.0341486999999999,-0.00597639999999999,-0.00377530000000004,0.2860459,-0.000200199999999984,0.0339056,-0.00597639999999999,-0.00377530000000004,0.2875116,-0.00145209999999996,0.0341027,-0.0111268,0.0011258999999999,0.2861751,-3.41999999999842e-05
"Ys0...142",-0.5,1,0.75,-1,0.0315647,-0.00748249999999995,-0.00358950000000002,0.1974486,0.0315647,-0.00510759999999999,-0.00550329999999999,0.1974486,-0.000461099999999992,0.0282983,-0.00510759999999999,-0.00550329999999999,0.2079551,-0.00760150000000004,0.0317017000000001,-0.0141898,0.00286370000000002,0.1976399,-7.42000000000242e-05
"Ys0...143",-0.5,1,0.75,1,0.0295118,-0.00763559999999996,-0.00409510000000002,0.0341823,0.0295118,-0.00359380000000009,-0.00727449999999996,0.0341823,-0.00086239999999993,0.0216691000000001,-0.00359380000000009,-0.00727449999999996,0.0381979,0.00296009999999991,0.0296428999999999,-0.0181039999999999,0.00620729999999992,0.0341501000000001,6.70999999999866e-05
"Ys0...144",-0.5,1,0.75,1.5,0.029675,-0.00761080000000003,-0.004301,0.0282605,0.029675,-0.0036505,-0.00735569999999997,0.0282605,-0.000905600000000062,0.0214816,-0.0036505,-0.00735569999999997,0.0288068,0.00675919999999997,0.0296553000000001,-0.018223,0.00633149999999993,0.0281704,8.94999999999646e-05
"Ys0...145",-0.5,1.5,-0.75,-1.5,0.0340779,-0.0121135999999999,0.00251329999999994,0.3256865,0.0340779,-0.00547160000000002,-0.00395599999999996,0.3256865,-0.000172700000000026,0.0345461,-0.00547160000000002,-0.00395599999999996,0.3143885,0.0108326,0.0342587999999999,-0.00955529999999993,-0.000285300000000044,0.3257527,-6.79999999997349e-06
"Ys0...146",-0.5,1.5,-0.75,-1,0.0314645,-0.0177446,0.00659569999999998,0.2287089,0.0314645,-0.00460859999999996,-0.00595750000000006,0.2287089,-0.000582799999999994,0.0286592,-0.00460859999999996,-0.00595750000000006,0.2296653,0.00142620000000004,0.0314778999999999,-0.0121985,0.000987900000000042,0.2287728,-1.56000000000045e-05
"Ys0...147",-0.5,1.5,-0.75,1,0.0295639,-0.0256012999999999,0.0138192,0.0351123999999999,0.0295639,-0.0033413000000001,-0.00771790000000006,0.0351123999999999,-0.000722899999999749,0.0221227000000001,-0.0033413000000001,-0.00771790000000006,0.0410900000000001,0.000705399999999967,0.0296106,-0.0162574000000001,0.00436510000000001,0.0351400000000001,3.58999999999776e-05
"Ys0...148",-0.5,1.5,-0.75,1.5,0.0295072,-0.0259155999999999,0.0141325,0.0283321,0.0295072,-0.00329400000000002,-0.00764730000000002,0.0283321,-0.000841799999999893,0.021983,-0.00329400000000002,-0.00764730000000002,0.0311146,0.00400990000000001,0.0295397000000001,-0.0164952,0.00460990000000006,0.0282739999999999,0.000127800000000011
"Ys0...149",-0.5,1.5,-0.2,-1.5,0.0342653000000001,-0.0103324,0.000526799999999938,0.3257923,0.0342653000000001,-0.00545309999999999,-0.00405359999999999,0.3257923,-0.000298900000000102,0.0345483,-0.00545309999999999,-0.00405359999999999,0.3144635,0.0108326000000001,0.0341688999999999,-0.00949529999999998,-0.000272099999999997,0.325504,0.000346500000000027
"Ys0...150",-0.5,1.5,-0.2,-1,0.0313635000000001,-0.0137,0.00258230000000004,0.2287173,0.0313635000000001,-0.00469850000000005,-0.00619600000000009,0.2287173,-0.000223199999999868,0.0286569,-0.00469850000000005,-0.00619600000000009,0.2295029,0.00158760000000002,0.0314511000000001,-0.0122304,0.0010308,0.2285386,0.000172999999999979
"Ys0...151",-0.5,1.5,-0.2,1,0.0295301,-0.0187098,0.00690160000000006,0.0350298,0.0295301,-0.00344520000000004,-0.00771230000000001,0.0350298,-0.000650699999999893,0.0222561,-0.00344520000000004,-0.00771230000000001,0.0411053,0.000523300000000115,0.0295974,-0.0163823000000001,0.00449480000000002,0.035205,-0.000163199999999919
"Ys0...152",-0.5,1.5,-0.2,1.5,0.0296114,-0.0189184,0.00714230000000005,0.0282393,0.0296114,-0.00318009999999991,-0.00767459999999998,0.0282393,-0.000921400000000072,0.0219282,-0.00318009999999991,-0.00767459999999998,0.0311013,0.00406399999999996,0.0295788,-0.0165221,0.00466690000000003,0.0281929,0.000158099999999939
"Ys0...153",-0.5,1.5,0.2,-1.5,0.0339911000000001,-0.00853409999999999,-0.00106380000000006,0.3256865,0.0339911000000001,-0.00553689999999996,-0.00406849999999992,0.3256865,7.49999999982709e-06,0.0345624,-0.00553689999999996,-0.00406849999999992,0.3143885,0.0107972,0.0342587999999999,-0.00955529999999993,-0.000285300000000044,0.3257527,-9.1199999999958e-05
"Ys0...154",-0.5,1.5,0.2,-1,0.0313879,-0.0107596,-0.00030360000000007,0.2287007,0.0313879,-0.00467390000000001,-0.00607439999999992,0.2287007,-0.000314900000000118,0.028645,-0.00467390000000001,-0.00607439999999992,0.2295583,0.00158239999999987,0.0313598,-0.0121643,0.00102089999999999,0.228547,0.000261999999999873
"Ys0...155",-0.5,1.5,0.2,1,0.0295184000000001,-0.0137158000000001,0.00197959999999997,0.0350931,0.0295184000000001,-0.00335759999999996,-0.00767109999999993,0.0350931,-0.000707500000000194,0.0222021,-0.00335759999999996,-0.00767109999999993,0.0410129,0.000715199999999916,0.029662,-0.0163168,0.00435819999999998,0.0352588,-8.69000000000009e-05
"Ys0...156",-0.5,1.5,0.2,1.5,0.029519,-0.0139058,0.00215709999999991,0.0282537,0.029519,-0.00341559999999996,-0.00764090000000006,0.0282537,-0.000692200000000032,0.0220172,-0.00341559999999996,-0.00764090000000006,0.0310901,0.00402389999999997,0.0295829999999999,-0.0164215,0.00457629999999998,0.0282369,4.93000000000299e-05
"Ys0...157",-0.5,1.5,0.75,-1.5,0.0341621,-0.0067024,-0.00308090000000005,0.3257923,0.0341621,-0.00548199999999999,-0.00408600000000003,0.3257923,-0.000215300000000029,0.0345329,-0.00548199999999999,-0.00408600000000003,0.3144635,0.010796,0.0341688999999999,-0.00949529999999998,-0.000272099999999997,0.325504,0.000265599999999977
"Ys0...158",-0.5,1.5,0.75,-1,0.0315693,-0.00681580000000004,-0.00444389999999995,0.2288172,0.0315693,-0.00466269999999991,-0.00602639999999999,0.2288172,-0.000570600000000088,0.0287588999999999,-0.00466269999999991,-0.00602639999999999,0.2295508,0.00156140000000005,0.0314937,-0.0122085,0.000867300000000015,0.2288765,9.78000000000367e-05
"Ys0...159",-0.5,1.5,0.75,1,0.0295481,-0.00685539999999996,-0.00489340000000005,0.034942,0.0295481,-0.00335970000000008,-0.00766460000000002,0.034942,-0.000724499999999906,0.0222322,-0.00335970000000008,-0.00766460000000002,0.0410697,0.00054770000000004,0.0295808999999999,-0.0162739,0.00441550000000002,0.0351077,-8.88999999999474e-05
"Ys0...160",-0.5,1.5,0.75,1.5,0.0295801,-0.00690089999999999,-0.00481350000000003,0.0280378999999999,0.0295801,-0.00326780000000004,-0.00769839999999999,0.0280378999999999,-0.000748199999999977,0.0218984,-0.00326780000000004,-0.00769839999999999,0.0309943,0.00400809999999996,0.0297368,-0.0165615,0.00465530000000003,0.0282281,-0.000155100000000075
"Ys0...161",0.5,-1.5,-0.75,-1.5,NA,NA,NA,0.0247263,NA,NA,NA,0.0247263,NA,NA,NA,NA,0.1141348,NA,0.0494795,-0.00635869999999994,0.0118414,0.0248763,NA
"Ys0...162",0.5,-1.5,-0.75,-1,NA,NA,NA,0.0247263,NA,NA,NA,0.0247263,NA,NA,NA,NA,0.0895627,NA,0.0501187999999999,-0.0133453,0.0188280000000001,0.0248763,NA
"Ys0...163",0.5,-1.5,-0.75,1,NA,NA,NA,0.0247263,NA,NA,NA,0.0247263,NA,NA,NA,NA,0.0216902999999999,NA,0.0504989,-0.0208031,0.0262858,0.0248763,NA
"Ys0...164",0.5,-1.5,-0.75,1.5,NA,NA,NA,0.0247263,NA,NA,NA,0.0247263,NA,NA,NA,NA,0.0158979,NA,0.0505027,-0.0210490999999999,0.0265318,0.0248763,NA
"Ys0...165",0.5,-1.5,-0.2,-1.5,0.0495183,-0.0082158,0.0136436999999999,0.0247796,0.0495183,0.00212349999999994,0.0016366000000001,0.0247796,0.00166779999999989,0.045199,0.00212349999999994,0.0016366000000001,0.1141202,-0.0833333000000001,0.0496795999999999,-0.00653899999999996,0.0117975,0.0248391,-5.14000000000348e-05
"Ys0...166",0.5,-1.5,-0.2,-1,0.0501685000000001,-0.0163003,0.0217282,0.0247796,0.0501685000000001,7.17000000000079e-05,0.00270900000000007,0.0247796,0.00264719999999985,0.0424370000000001,7.17000000000079e-05,0.00270900000000007,0.0895944,-0.0544472,0.0503348,-0.0135297999999999,0.0187883,0.0248391,-5.64000000000675e-05
"Ys0...167",0.5,-1.5,-0.2,1,0.0505557,-0.0249501,0.0303779999999999,0.0247796,0.0505557,-0.00206200000000001,0.00381229999999999,0.0247796,0.00367759999999995,0.0386375999999999,-0.00206200000000001,0.00381229999999999,0.0215477000000001,0.0187993,0.0507185999999999,-0.0209532,0.0262117000000001,0.0248391,-5.30000000000808e-05
"Ys0...168",0.5,-1.5,-0.2,1.5,0.0505613,-0.0252345,0.0306624,0.0247796,0.0505613,-0.00213640000000004,0.00385399999999991,0.0247796,0.00371030000000006,0.0385030000000001,-0.00213640000000004,0.00385399999999991,0.0157772,0.0247398999999999,0.0507232,-0.021203,0.0264615,0.0248391,-5.2000000000052e-05
"Ys0...169",0.5,-1.5,0.2,-1.5,0.0495390999999999,-0.0046119,0.0100015,0.0247796,0.0495390999999999,0.00209169999999992,0.0016216,0.0247796,0.00167630000000007,0.0452393000000001,0.00209169999999992,0.0016216,0.1141202,-0.0833593000000001,0.0496795999999999,-0.00653899999999996,0.0117975,0.0248391,-6.89000000000384e-05
"Ys0...170",0.5,-1.5,0.2,-1,0.0501927999999999,-0.0105236,0.0159132,0.0247796,0.0501927999999999,4.44000000000555e-05,0.00269010000000003,0.0247796,0.00265509999999991,0.042462,4.44000000000555e-05,0.00269010000000003,0.0895944,-0.0544589000000001,0.0503348,-0.0135297999999999,0.0187883,0.0248391,-7.0400000000137e-05
"Ys0...171",0.5,-1.5,0.2,1,0.0505817,-0.016836,0.0222256,0.0247796,0.0505817,-0.00211439999999996,0.00378339999999999,0.0247796,0.00372059999999996,0.0386837,-0.00211439999999996,0.00378339999999999,0.0215477000000001,0.0187932999999999,0.0507185999999999,-0.0209532,0.0262117000000001,0.0248391,-6.53000000000459e-05
"Ys0...172",0.5,-1.5,0.2,1.5,0.0505876,-0.0170422,0.0224318,0.0247796,0.0505876,-0.00218410000000002,0.00382579999999999,0.0247796,0.00374790000000003,0.0385435000000001,-0.00218410000000002,0.00382579999999999,0.0157772,0.0247350999999999,0.0507232,-0.021203,0.0264615,0.0248391,-6.4000000000064e-05
"Ys0...173",0.5,-1.5,0.75,-1.5,0.0495369,0.000436199999999998,0.00497069999999999,0.0247796,0.0495369,0.0020732,0.00160800000000005,0.0247796,0.00172569999999994,0.0452739999999999,0.0020732,0.00160800000000005,0.1141202,-0.0833604,0.0496795999999999,-0.00653899999999996,0.0117975,0.0248391,-5.37999999999927e-05
"Ys0...174",0.5,-1.5,0.75,-1,0.0501933,-0.0024594,0.00786629999999999,0.0247796,0.0501933,7.61999999999707e-05,0.00268400000000002,0.0247796,0.0026467,0.0424380000000001,7.61999999999707e-05,0.00268400000000002,0.0895944,-0.0544489,0.0503348,-0.0135297999999999,0.0187883,0.0248391,-5.26000000000693e-05
"Ys0...175",0.5,-1.5,0.75,1,0.0505741,-0.00554270000000001,0.0109496,0.0247796,0.0505741,-0.00202970000000002,0.00379009999999991,0.0247796,0.00364650000000011,0.0386256,-0.00202970000000002,0.00379009999999991,0.0215477000000001,0.0187763999999999,0.0507185999999999,-0.0209532,0.0262117000000001,0.0248391,-5.56000000000445e-05
"Ys0...176",0.5,-1.5,0.75,1.5,0.0505795999999999,-0.00564359999999997,0.0110505,0.0247796,0.0505795999999999,-0.00209110000000001,0.00383289999999992,0.0247796,0.00366510000000009,0.0384786,-0.00209110000000001,0.00383289999999992,0.0157772,0.0247162999999999,0.0507232,-0.021203,0.0264615,0.0248391,-5.47000000000741e-05
"Ys0...177",0.5,-1,-0.75,-1.5,NA,NA,NA,0.0605694,NA,NA,NA,0.0605694,NA,NA,NA,NA,0.1384632,NA,0.0333832000000001,-0.00286280000000005,0.0106918,0.0606902,NA
"Ys0...178",0.5,-1,-0.75,-1,NA,NA,NA,0.0534218000000001,NA,NA,NA,0.0534218000000001,NA,NA,NA,NA,0.1095018,NA,0.0302433999999999,-0.00836799999999993,0.0167807,0.0536059,NA
"Ys0...179",0.5,-1,-0.75,1,NA,NA,NA,0.0360463000000001,NA,NA,NA,0.0360463000000001,NA,NA,NA,NA,0.0308191,NA,0.0213999,-0.0123413,0.022114,0.0361189000000001,NA
"Ys0...180",0.5,-1,-0.75,1.5,NA,NA,NA,0.0336494000000001,NA,NA,NA,0.0336494000000001,NA,NA,NA,NA,0.0235235,NA,0.0201911,-0.0121283,0.0220836,0.0336827,NA
"Ys0...181",0.5,-1,-0.2,-1.5,0.0334216000000001,-0.00439529999999999,0.0121526,0.0606196999999999,0.0334216000000001,0.00420390000000004,0.00211709999999998,0.0606196999999999,0.00143629999999995,0.0308419,0.00420390000000004,0.00211709999999998,0.1385739,-0.0739093000000001,0.0335464000000001,-0.00302800000000003,0.0106518999999999,0.0606642000000001,-3.59000000000886e-05
"Ys0...182",0.5,-1,-0.2,-1,0.0302601,-0.0106964000000001,0.0190727000000001,0.0535421,0.0302601,0.00258439999999993,0.00358749999999997,0.0535421,0.00220440000000011,0.0251876,0.00258439999999993,0.00358749999999997,0.1095808,-0.0487428999999999,0.0303947,-0.00848349999999998,0.0167159,0.0535901999999999,-3.87999999998945e-05
"Ys0...183",0.5,-1,-0.2,1,0.0214055,-0.0152992,0.0250686999999999,0.0361126000000001,0.0214055,0.00145039999999996,0.0056098,0.0361126000000001,0.00270930000000003,0.0145286999999999,0.00145039999999996,0.0056098,0.0306399000000001,0.0151023,0.0215034,-0.0123728999999999,0.0220210999999999,0.0362019,-6.58999999999521e-05
"Ys0...184",0.5,-1,-0.2,1.5,0.0201864,-0.0150546,0.0250136,0.0336914,0.0201864,0.00151950000000001,0.005776,0.0336914,0.00266349999999993,0.0134935,0.00151950000000001,0.005776,0.0233726,0.019745,0.0202836,-0.0121635999999999,0.0219874999999999,0.0337467,-1.73999999999452e-05
"Ys0...185",0.5,-1,0.2,-1.5,0.0334635999999999,-0.00140739999999995,0.0091116,0.0606196999999999,0.0334635999999999,0.00422200000000006,0.00210680000000008,0.0606196999999999,0.00137539999999992,0.0308374,0.00422200000000006,0.00210680000000008,0.1385739,-0.0739340000000002,0.0335464000000001,-0.00302800000000003,0.0106518999999999,0.0606642000000001,-4.70000000001303e-05
"Ys0...186",0.5,-1,0.2,-1,0.0303013999999999,-0.00601639999999992,0.0143354999999999,0.0535421,0.0303013999999999,0.00262599999999991,0.00356670000000003,0.0535421,0.00212640000000008,0.0251436,0.00262599999999991,0.00356670000000003,0.1095808,-0.0487564,0.0303947,-0.00848349999999998,0.0167159,0.0535901999999999,-5.46999999999631e-05
"Ys0...187",0.5,-1,0.2,1,0.0214487,-0.00936689999999996,0.0190813,0.0361126000000001,0.0214487,0.00147469999999994,0.00557859999999999,0.0361126000000001,0.00266110000000008,0.0144989,0.00147469999999994,0.00557859999999999,0.0306399000000001,0.0150959000000001,0.0215034,-0.0123728999999999,0.0220210999999999,0.0362019,-7.77999999999057e-05
"Ys0...188",0.5,-1,0.2,1.5,0.0202289,-0.00919110000000001,0.0190956,0.0336914,0.0202289,0.00154920000000003,0.00573539999999995,0.0336914,0.00261990000000001,0.0134571,0.00154920000000003,0.00573539999999995,0.0233726,0.0197397,0.0202836,-0.0121635999999999,0.0219874999999999,0.0337467,-2.93999999999572e-05
"Ys0...189",0.5,-1,0.75,-1.5,0.0334232,0.00283689999999992,0.00491830000000004,0.0606196999999999,0.0334232,0.00419449999999999,0.00206550000000005,0.0606196999999999,0.00149519999999992,0.0308769000000001,0.00419449999999999,0.00206550000000005,0.1385739,-0.0739354000000002,0.0335464000000001,-0.00302800000000003,0.0106518999999999,0.0606642000000001,-3.64000000001585e-05
"Ys0...190",0.5,-1,0.75,-1,0.0302848999999999,0.000578599999999985,0.00777450000000002,0.0535421,0.0302848999999999,0.00262299999999993,0.00353899999999996,0.0535421,0.00219110000000011,0.0251589,0.00262299999999993,0.00353899999999996,0.1095808,-0.0487512,0.0303947,-0.00848349999999998,0.0167159,0.0535901999999999,-3.71999999999595e-05
"Ys0...191",0.5,-1,0.75,1,0.0214721,-0.00107439999999992,0.0107744999999999,0.0361126000000001,0.0214721,0.00149739999999998,0.00558029999999998,0.0361126000000001,0.00262240000000002,0.0145033999999999,0.00149739999999998,0.00558029999999998,0.0306399000000001,0.0150778,0.0215034,-0.0123728999999999,0.0220210999999999,0.0362019,-6.86999999999216e-05
"Ys0...192",0.5,-1,0.75,1.5,0.0202591,-0.000991799999999987,0.0108751,0.0336914,0.0202591,0.00157799999999997,0.00572870000000003,0.0336914,0.00257660000000004,0.0134569,0.00157799999999997,0.00572870000000003,0.0233726,0.0197201000000001,0.0202836,-0.0121635999999999,0.0219874999999999,0.0337467,-2.03999999999205e-05
"Ys0...193",0.5,0,-0.75,-1.5,NA,NA,NA,0.1739539,NA,NA,NA,0.1739539,NA,NA,NA,NA,0.2129786,NA,0.0240449,-0.000468800000000047,0.00951600000000008,0.1739725,NA
"Ys0...194",0.5,0,-0.75,-1,NA,NA,NA,0.1213158,NA,NA,NA,0.1213158,NA,NA,NA,NA,0.1555799,NA,0.0205135,-0.0054362,0.0152434,0.1213286,NA
"Ys0...195",0.5,0,-0.75,1,NA,NA,NA,0.0334561999999999,NA,NA,NA,0.0334561999999999,NA,NA,NA,NA,0.0332096000000001,NA,0.0161849000000001,-0.0110161,0.0214226,0.0337889,NA
"Ys0...196",0.5,0,-0.75,1.5,NA,NA,NA,0.0292351,NA,NA,NA,0.0292351,NA,NA,NA,NA,0.0245908,NA,0.015968,-0.0111173999999999,0.0216493,0.0292843,NA
"Ys0...197",0.5,0,-0.2,-1.5,0.0240421,-0.00165550000000003,0.0106357,0.1740821,0.0240421,0.00515930000000009,0.00260689999999997,0.1740821,0.00121399999999994,0.0233344999999999,0.00515930000000009,0.00260689999999997,0.212904,-0.0368325,0.0241567,-0.000581200000000059,0.00945090000000004,0.1740105,6.74999999999981e-05
"Ys0...198",0.5,0,-0.2,-1,0.0204999,-0.00740189999999996,0.017189,0.1213436,0.0204999,0.00369819999999998,0.00421800000000006,0.1213436,0.00187090000000001,0.016975,0.00369819999999998,0.00421800000000006,0.1555874,-0.0287888999999999,0.0206313,-0.00555079999999997,0.0152334,0.1213786,-6.18999999999481e-05
"Ys0...199",0.5,0,-0.2,1,0.0161507999999999,-0.0138811999999999,0.0244329999999999,0.0336558,0.0161507999999999,0.00209119999999996,0.00580049999999999,0.0336558,0.00266010000000005,0.00940569999999996,0.00209119999999996,0.00580049999999999,0.0330171,0.0100743999999999,0.0162623000000001,-0.0111386,0.0214611,0.0337483,2.52999999998949e-05
"Ys0...200",0.5,0,-0.2,1.5,0.0160555,-0.0140705,0.0245298,0.0291068999999999,0.0160555,0.00211170000000005,0.00582879999999997,0.0291068999999999,0.00251880000000004,0.00903540000000003,0.00211170000000005,0.00582879999999997,0.0246033999999999,0.0140787,0.0159836999999999,-0.0112478,0.0216622000000001,0.029273,-4.93999999999772e-05
"Ys0...201",0.5,0,0.2,-1.5,0.024085,0.000715899999999992,0.00820650000000001,0.1740821,0.024085,0.0052181,0.00259569999999998,0.1740821,0.00110860000000002,0.0232911,0.0052181,0.00259569999999998,0.212904,-0.0368628,0.0241567,-0.000581200000000059,0.00945090000000004,0.1740105,5.26000000000693e-05
"Ys0...202",0.5,0,0.2,-1,0.0205537,-0.00349880000000002,0.0132185,0.1213436,0.0205537,0.00376579999999993,0.0041945000000001,0.1213436,0.00175939999999997,0.0169118,0.00376579999999993,0.0041945000000001,0.1555874,-0.0288069,0.0206313,-0.00555079999999997,0.0152334,0.1213786,-7.55000000000061e-05
"Ys0...203",0.5,0,0.2,1,0.0162424,-0.00815520000000003,0.0186349,0.0336352,0.0162424,0.00209150000000002,0.00585439999999993,0.0336352,0.00253380000000003,0.00937069999999995,0.00209150000000002,0.00585439999999993,0.0332211,0.0099051,0.0161976,-0.0110526000000001,0.021479,0.0336881999999999,4.51000000000201e-05
"Ys0...204",0.5,0,0.2,1.5,0.0160938,-0.00831040000000005,0.0187451000000001,0.0291610999999999,0.0160938,0.00205300000000008,0.00584459999999998,0.0291610999999999,0.00253709999999996,0.00909719999999992,0.00205300000000008,0.00584459999999998,0.0245428,0.0141438,0.0159776,-0.0111698,0.0217153999999999,0.0291606,5.80000000005576e-06
"Ys0...205",0.5,0,0.75,-1.5,0.0240644,0.00414139999999996,0.0048125,0.1740821,0.0240644,0.00514210000000004,0.0025544999999999,0.1740821,0.00125730000000002,0.0233737000000001,0.00514210000000004,0.0025544999999999,0.212904,-0.0368585000000001,0.0241567,-0.000581200000000059,0.00945090000000004,0.1740105,6.34999999999941e-05
"Ys0...206",0.5,0,0.75,-1,0.0205455,0.00205580000000005,0.00768420000000003,0.1213436,0.0205455,0.0037315,0.00416960000000011,0.1213436,0.00183889999999998,0.0169515,0.0037315,0.00416960000000011,0.1555874,-0.0288001999999999,0.0206313,-0.00555079999999997,0.0152334,0.1213786,-6.33999999999357e-05
"Ys0...207",0.5,0,0.75,1,0.0161574,-0.000174499999999966,0.0107689,0.0336352,0.0161574,0.00208299999999995,0.00579999999999992,0.0336352,0.00271140000000014,0.00937779999999999,0.00208299999999995,0.00579999999999992,0.0332211,0.00993620000000006,0.0161976,-0.0110526000000001,0.021479,0.0336881999999999,7.48000000000415e-05
"Ys0...208",0.5,0,0.75,1.5,0.0160162,-0.000351400000000002,0.0108866,0.0291444000000001,0.0160162,0.00191350000000001,0.00580979999999998,0.0291444000000001,0.00281189999999998,0.00912479999999993,0.00191350000000001,0.00580979999999998,0.0247285,0.0140380000000001,0.0159667,-0.0112122,0.0217242999999999,0.0292853000000001,-6.82999999999101e-05
"Ys0...209",0.5,1,-0.75,-1.5,NA,NA,NA,0.2859141,NA,NA,NA,0.2859141,NA,NA,NA,NA,0.2874799,NA,0.0225922,0.000850499999999976,0.00810770000000005,0.2862131,NA
"Ys0...210",0.5,1,-0.75,-1,NA,NA,NA,0.1974583,NA,NA,NA,0.1974583,NA,NA,NA,NA,0.2077917,NA,0.0188425,-0.00361120000000004,0.0135529000000001,0.1975682,NA
"Ys0...211",0.5,1,-0.75,1,NA,NA,NA,0.0342709,NA,NA,NA,0.0342709,NA,NA,NA,NA,0.0381456,NA,0.0159248,-0.00945129999999994,0.0199264,0.0342072999999999,NA
"Ys0...212",0.5,1,-0.75,1.5,NA,NA,NA,0.0281117000000001,NA,NA,NA,0.0281117000000001,NA,NA,NA,NA,0.0286829000000001,NA,0.0159111000000001,-0.00962890000000005,0.0203092,0.0280467,NA
"Ys0...213",0.5,1,-0.2,-1.5,0.0225610000000001,-8.89999999997837e-06,0.00894429999999991,0.2860459,0.0225610000000001,0.00488599999999995,0.00323479999999998,0.2860459,0.000814599999999999,0.0232252000000001,0.00488599999999995,0.00323479999999998,0.2875116,-0.00126649999999995,0.0226636,0.000797699999999901,0.0080112,0.2861751,-0.000105299999999864
"Ys0...214",0.5,1,-0.2,-1,0.0188436000000001,-0.00505680000000008,0.0150314,0.1974486,0.0188436000000001,0.00363210000000003,0.00501360000000006,0.1974486,0.00132889999999986,0.0163647,0.00363210000000003,0.00501360000000006,0.2079551,-0.00660760000000005,0.0188292,-0.00354160000000003,0.0134363000000001,0.197322,0.000220899999999968
"Ys0...215",0.5,1,-0.2,1,0.0159693999999999,-0.0119014999999999,0.0223829,0.0341815999999999,0.0159693999999999,0.00190000000000001,0.00633460000000008,0.0341815999999999,0.00224679999999999,0.00966599999999995,0.00190000000000001,0.00633460000000008,0.0382152,0.00446799999999992,0.0159428,-0.00948730000000009,0.0199252000000001,0.0342606,-8.90000000008939e-06
"Ys0...216",0.5,1,-0.2,1.5,0.0158459,-0.0121081,0.0227111999999999,0.0282044,0.0158459,0.00169569999999997,0.00647339999999996,0.0282044,0.00243400000000005,0.0095596,0.00169569999999997,0.00647339999999996,0.0287229,0.00810109999999997,0.0159783,-0.00976460000000001,0.0202833,0.0282359,-7.95000000000101e-05
"Ys0...217",0.5,1,0.2,-1.5,0.0226202,0.00165159999999998,0.00721430000000001,0.2860459,0.0226202,0.00493029999999994,0.00319120000000006,0.2860459,0.000744399999999978,0.0231946000000001,0.00493029999999994,0.00319120000000006,0.2875116,-0.00129049999999997,0.0226636,0.000797699999999901,0.0080112,0.2861751,-0.000115599999999882
"Ys0...218",0.5,1,0.2,-1,0.0188630000000001,-0.00201879999999999,0.0119665999999999,0.1974486,0.0188630000000001,0.00360209999999994,0.00501390000000002,0.1974486,0.00133179999999999,0.0163804000000001,0.00360209999999994,0.00501390000000002,0.2079551,-0.00660070000000001,0.0188292,-0.00354160000000003,0.0134363000000001,0.197322,0.000213499999999978
"Ys0...219",0.5,1,0.2,1,0.0159159,-0.00693480000000002,0.0174747000000001,0.0340965999999999,0.0159159,0.00191160000000001,0.00633729999999999,0.0340965999999999,0.00229100000000004,0.00972509999999993,0.00191160000000001,0.00633729999999999,0.0382829,0.00425849999999994,0.0159397,-0.00943499999999997,0.0198567000000001,0.0343728999999999,-0.000181900000000068
"Ys0...220",0.5,1,0.2,1.5,0.0159378,-0.00715660000000007,0.0176254,0.0282649,0.0159378,0.00174279999999993,0.00642640000000005,0.0282649,0.00229959999999996,0.00957189999999997,0.00174279999999993,0.00642640000000005,0.0288872999999999,0.00799000000000005,0.0159516,-0.00973049999999998,0.0202384,0.0281572,5.48000000000215e-05
"Ys0...221",0.5,1,0.75,-1.5,0.0225946,0.00411499999999998,0.00479639999999992,0.2860459,0.0225946,0.00487919999999997,0.00319599999999998,0.2860459,0.000836199999999954,0.0232551,0.00487919999999997,0.00319599999999998,0.2875116,-0.00127999999999995,0.0226636,0.000797699999999901,0.0080112,0.2861751,-9.56999999999208e-05
"Ys0...222",0.5,1,0.75,-1,0.0187845,0.00237360000000009,0.00767549999999995,0.1974486,0.0187845,0.00358440000000004,0.0049823,0.1974486,0.00148239999999999,0.0164118,0.00358440000000004,0.0049823,0.2079551,-0.00659160000000003,0.0188292,-0.00354160000000003,0.0134363000000001,0.197322,0.000236299999999967
"Ys0...223",0.5,1,0.75,1,0.015934,-0.00014230000000004,0.0107249,0.0341262,0.015934,0.00187300000000001,0.00631769999999998,0.0341262,0.0023919,0.00970070000000001,0.00187300000000001,0.00631769999999998,0.0382940000000001,0.00438969999999994,0.015937,-0.00945940000000001,0.0199108,0.0342072,4.7200000000025e-05
"Ys0...224",0.5,1,0.75,1.5,0.0159440000000001,-0.000229600000000052,0.0107765000000001,0.0281674999999999,0.0159440000000001,0.00178099999999992,0.00646809999999998,0.0281674999999999,0.00229780000000013,0.009548,0.00178099999999992,0.00646809999999998,0.0287573,0.00810110000000008,0.0159768,-0.00972130000000004,0.0201942000000001,0.0282242,-1.55000000000571e-05
"Ys0...225",0.5,1.5,-0.75,-1.5,NA,NA,NA,0.3258206,NA,NA,NA,0.3258206,NA,NA,NA,NA,0.3144964,NA,0.0225713999999999,0.00150830000000002,0.00730760000000008,0.32581,NA
"Ys0...226",0.5,1.5,-0.75,-1,NA,NA,NA,0.2286286,NA,NA,NA,0.2286286,NA,NA,NA,NA,0.2297017,NA,0.0184788,-0.00247189999999997,0.0125625,0.2285776,NA
"Ys0...227",0.5,1.5,-0.75,1,NA,NA,NA,0.0351609000000001,NA,NA,NA,0.0351609000000001,NA,NA,NA,NA,0.0410196,NA,0.0158661,-0.00850030000000002,0.0189874999999999,0.0351354,NA
"Ys0...228",0.5,1.5,-0.75,1.5,NA,NA,NA,0.028159,NA,NA,NA,0.028159,NA,NA,NA,NA,0.0310962,NA,0.015842,-0.00865480000000007,0.0191600000000001,0.0282863999999999,NA
"Ys0...229",0.5,1.5,-0.2,-1.5,0.0226156,0.000823800000000041,0.00794479999999997,0.3256865,0.0226156,0.00462870000000004,0.00349500000000003,0.3256865,0.000644899999999948,0.0238626,0.00462870000000004,0.00349500000000003,0.3143885,0.0106894,0.022794,0.00119440000000004,0.00742109999999996,0.3257527,-9.15000000000221e-05
"Ys0...230",0.5,1.5,-0.2,-1,0.0185403,-0.00374999999999992,0.0137524,0.2285121,0.0185403,0.00357039999999997,0.00525319999999996,0.2285121,0.00117880000000015,0.0165782,0.00357039999999997,0.00525319999999996,0.2295757,0.00208200000000003,0.0186375999999999,-0.00259799999999999,0.0125397,0.2286737,-0.000198199999999926
"Ys0...231",0.5,1.5,-0.2,1,0.0158844,-0.0106479,0.0211278,0.0351249,0.0158844,0.00172729999999999,0.0068838,0.0351249,0.0018688,0.0100601,0.00172729999999999,0.0068838,0.0410678999999999,0.00174010000000002,0.0159206,-0.00843919999999998,0.0189095,0.0352507,-0.000152399999999941
"Ys0...232",0.5,1.5,-0.2,1.5,0.0159285,-0.0109366,0.0214436,0.0281627999999999,0.0159285,0.00169750000000002,0.00681310000000002,0.0281627999999999,0.00199640000000001,0.00988479999999992,0.00169750000000002,0.00681310000000002,0.0312278,0.00500460000000003,0.0159046,-0.00867580000000001,0.0193213999999999,0.0281370000000001,-8.89000000000584e-05
"Ys0...233",0.5,1.5,0.2,-1.5,0.0226766,0.00208059999999999,0.00660649999999996,0.3256865,0.0226766,0.00460360000000004,0.00345450000000003,0.3256865,0.00062899999999988,0.0238801999999999,0.00460360000000004,0.00345450000000003,0.3143885,0.0106764,0.022794,0.00119440000000004,0.00742109999999996,0.3257527,-0.000112000000000001
"Ys0...234",0.5,1.5,0.2,-1,0.0186744,-0.0012413,0.0111553000000001,0.2286382,0.0186744,0.00353039999999993,0.00522619999999996,0.2286382,0.0011574000000002,0.0165871000000001,0.00353039999999993,0.00522619999999996,0.2296956,0.00219589999999992,0.0186318,-0.00256009999999995,0.0124367,0.2287812,-6.30000000000353e-05
"Ys0...235",0.5,1.5,0.2,1,0.0159923,-0.00625799999999999,0.0166842,0.0351562,0.0159923,0.00174720000000006,0.00687329999999997,0.0351562,0.00180570000000002,0.0100779,0.00174720000000006,0.00687329999999997,0.0410225,0.00186010000000003,0.0159131,-0.00843660000000002,0.0188813,0.0352155000000001,1.39999999992924e-06
"Ys0...236",0.5,1.5,0.2,1.5,0.0159333,-0.00647719999999996,0.0169775999999999,0.0281940000000001,0.0159333,0.00162700000000005,0.0068163,0.0281940000000001,0.00205709999999992,0.00988309999999992,0.00162700000000005,0.0068163,0.0310789,0.00516580000000011,0.0159727000000001,-0.00869130000000007,0.0192509000000001,0.0282566,-0.000161199999999972
"Ys0...237",0.5,1.5,0.75,-1.5,0.0224848000000001,0.00413959999999991,0.00467280000000003,0.3257942,0.0224848000000001,0.00467569999999995,0.00356509999999999,0.3257942,0.000571600000000005,0.0237329000000001,0.00467569999999995,0.00356509999999999,0.3145448,0.0105686,0.02269,0.00126420000000005,0.00750339999999994,0.3256981,-6.43000000000171e-05
"Ys0...238",0.5,1.5,0.75,-1,0.0186018999999999,0.00227660000000007,0.00764829999999994,0.228313,0.0186018999999999,0.00345449999999992,0.00535340000000006,0.228313,0.00111700000000003,0.0166798,0.00345449999999992,0.00535340000000006,0.2295204,0.00188169999999999,0.0186546000000001,-0.00262870000000004,0.0125540000000001,0.2285903,-0.000330400000000064
"Ys0...239",0.5,1.5,0.75,1,0.0159116,-0.000144699999999998,0.0106797,0.0350887000000001,0.0159116,0.0016524,0.00688739999999999,0.0350887000000001,0.00199519999999997,0.0101108999999999,0.0016524,0.00688739999999999,0.0410786000000001,0.00186570000000008,0.0159255,-0.0085229,0.0190095,0.0351897,-6.64999999999694e-05
"Ys0...240",0.5,1.5,0.75,1.5,0.0159019,-0.000241999999999964,0.0107824,0.0282913,0.0159019,0.00156970000000001,0.00677230000000006,0.0282913,0.00219839999999993,0.00998560000000004,0.00156970000000001,0.00677230000000006,0.0310937,0.00525909999999996,0.015895,-0.00864010000000004,0.0191195,0.0283604000000001,-1.19999999992348e-06
"Ys0...241",1.5,-1.5,-0.75,-1.5,NA,NA,NA,0.0247263,NA,NA,NA,0.0247263,NA,NA,NA,NA,0.1141348,NA,0.0474912000000001,-0.00140200000000001,0.0142373,0.0248763,NA
"Ys0...242",1.5,-1.5,-0.75,-1,NA,NA,NA,0.0247263,NA,NA,NA,0.0247263,NA,NA,NA,NA,0.0895627,NA,0.0482577000000001,-0.00980610000000004,0.0226414,0.0248763,NA
"Ys0...243",1.5,-1.5,-0.75,1,NA,NA,NA,0.0247263,NA,NA,NA,0.0247263,NA,NA,NA,NA,0.0216902999999999,NA,0.0487147,-0.0187826,0.0316179,0.0248763,NA
"Ys0...244",1.5,-1.5,-0.75,1.5,NA,NA,NA,0.0247263,NA,NA,NA,0.0247263,NA,NA,NA,NA,0.0158979,NA,0.0487190000000001,-0.0190748000000001,0.0319101000000001,0.0248763,NA
"Ys0...245",1.5,-1.5,-0.2,-1.5,0.0475276,-0.00275420000000004,0.0155508,0.0247796,0.0475276,0.00312319999999999,0.00404420000000005,0.0247796,0.00562919999999989,0.0451762999999999,0.00312319999999999,0.00404420000000005,0.1141202,-0.0813746000000001,0.0476941000000001,-0.00158429999999998,0.0142108,0.0248391,-5.59000000001086e-05
"Ys0...246",1.5,-1.5,-0.2,-1,0.0483107,-0.0119629,0.0247594999999999,0.0247796,0.0483107,-0.00269969999999997,0.00655099999999997,0.0247796,0.00894529999999993,0.0440043999999999,-0.00269969999999997,0.00655099999999997,0.0895944,-0.0516076,0.0484800000000001,-0.0100107,0.0226372,0.0248391,-5.87000000000781e-05
"Ys0...247",1.5,-1.5,-0.2,1,0.0487748,-0.0218013,0.0345979,0.0247796,0.0487748,-0.00882930000000004,0.00917579999999996,0.0247796,0.0124501,0.0423643,-0.00882930000000004,0.00917579999999996,0.0215477000000001,0.0220273999999999,0.0489424000000001,-0.0189581,0.0315846,0.0248391,-5.70000000000848e-05
"Ys0...248",1.5,-1.5,-0.2,1.5,0.0487817,-0.0221248000000001,0.0349214,0.0247796,0.0487817,-0.00902429999999999,0.00926839999999995,0.0247796,0.0125525,0.0423112999999999,-0.00902429999999999,0.00926839999999995,0.0157772,0.0279602,0.048948,-0.0192536,0.0318801,0.0248391,-5.56999999999919e-05
"Ys0...249",1.5,-1.5,0.2,-1.5,0.047555,-9.76999999999784e-05,0.0128763,0.0247796,0.047555,0.00312020000000002,0.00405620000000007,0.0247796,0.00560219999999989,0.0451739999999999,0.00312020000000002,0.00405620000000007,0.1141202,-0.0813599,0.0476941000000001,-0.00158429999999998,0.0142108,0.0248391,-4.65000000000604e-05
"Ys0...250",1.5,-1.5,0.2,-1,0.0483389,-0.00772870000000003,0.0205073,0.0247796,0.0483389,-0.00267859999999998,0.00656840000000003,0.0247796,0.00888879999999992,0.0439935,-0.00267859999999998,0.00656840000000003,0.0895944,-0.0516076000000001,0.0484800000000001,-0.0100107,0.0226372,0.0248391,-4.85000000001179e-05
"Ys0...251",1.5,-1.5,0.2,1,0.0488071,-0.0158885,0.0286670999999999,0.0247796,0.0488071,-0.00879220000000003,0.0091715,0.0247796,0.0123993,0.0423319,-0.00879220000000003,0.0091715,0.0215477000000001,0.022037,0.0489424000000001,-0.0189581,0.0315846,0.0248391,-4.27000000000621e-05
"Ys0...252",1.5,-1.5,0.2,1.5,0.0488136,-0.016157,0.0289356,0.0247796,0.0488136,-0.00898779999999999,0.00926309999999997,0.0247796,0.0125033,0.0422798,-0.00898779999999999,0.00926309999999997,0.0157772,0.0279691,0.048948,-0.0192536,0.0318801,0.0248391,-4.17999999999807e-05
"Ys0...253",1.5,-1.5,0.75,-1.5,NA,NA,NA,0.0246897,NA,NA,NA,0.0246897,NA,NA,NA,NA,0.1141184,NA,0.0475166,-0.00144180000000005,0.0141471,0.0249033000000001,NA
"Ys0...254",1.5,-1.5,0.75,-1,NA,NA,NA,0.0246897,NA,NA,NA,0.0246897,NA,NA,NA,NA,0.0896925000000001,NA,0.0482980000000001,-0.0099013,0.0226065999999999,0.0249033000000001,NA
"Ys0...255",1.5,-1.5,0.75,1,NA,NA,NA,0.0246897,NA,NA,NA,0.0246897,NA,NA,NA,NA,0.0216360999999999,NA,0.0487573,-0.0188831,0.0315884,0.0249033000000001,NA
"Ys0...256",1.5,-1.5,0.75,1.5,NA,NA,NA,0.0246897,NA,NA,NA,0.0246897,NA,NA,NA,NA,0.0159227000000001,NA,0.0487625,-0.0191665000000001,0.0318718,0.0249033000000001,NA
"Ys0...257",1.5,-1,-0.75,-1.5,NA,NA,NA,0.0605694,NA,NA,NA,0.0605694,NA,NA,NA,NA,0.1384632,NA,0.0280828,0.00469330000000001,0.0137374,0.0606902,NA
"Ys0...258",1.5,-1,-0.75,-1,NA,NA,NA,0.0534218000000001,NA,NA,NA,0.0534218000000001,NA,NA,NA,NA,0.1095018,NA,0.0242829999999999,-0.0018918,0.0217524,0.0536059,NA
"Ys0...259",1.5,-1,-0.75,1,NA,NA,NA,0.0360463000000001,NA,NA,NA,0.0360463000000001,NA,NA,NA,NA,0.0308191,NA,0.01364,-0.00667379999999995,0.0297750999999999,0.0361189000000001,NA
"Ys0...260",1.5,-1,-0.75,1.5,NA,NA,NA,0.0336494000000001,NA,NA,NA,0.0336494000000001,NA,NA,NA,NA,0.0235235,NA,0.0121886999999999,-0.0064169999999999,0.029944,0.0336827,NA
"Ys0...261",1.5,-1,-0.2,-1.5,0.0281504,0.00355190000000005,0.0147950999999999,0.0606196999999999,0.0281504,0.0084554,0.00518950000000007,0.0606196999999999,0.00470209999999993,0.0269927,0.0084554,0.00518950000000007,0.1385739,-0.0720888000000001,0.0282771000000001,0.00449129999999998,0.0137271999999999,0.0606642000000001,-4.27000000000621e-05
"Ys0...262",1.5,-1,-0.2,-1,0.0243559999999999,-0.00363389999999997,0.0234175,0.0535421,0.0243559999999999,0.00388810000000006,0.00862419999999997,0.0535421,0.00727129999999998,0.0216065,0.00388810000000006,0.00862419999999997,0.1095808,-0.0460112,0.0244614,-0.0020656,0.0217386000000001,0.0535901999999999,-4.28999999999569e-05
"Ys0...263",1.5,-1,-0.2,1,0.0137117,-0.00886799999999999,0.0319202,0.0361126000000001,0.0137117,0.000620100000000012,0.0133496,0.0361126000000001,0.00908249999999999,0.0100148,0.000620100000000012,0.0133496,0.0306399000000001,0.0182782,0.0137544999999999,-0.00676549999999998,0.0297552,0.0362019,-6.9599999999892e-05
"Ys0...264",1.5,-1,-0.2,1.5,0.0122409,-0.00858720000000002,0.032081,0.0336914,0.0122409,0.000821599999999978,0.0137189,0.0336914,0.00895330000000005,0.00864620000000005,0.000821599999999978,0.0137189,0.0233726,0.0229204000000001,0.0122813000000001,-0.00650519999999999,0.0299242999999999,0.0337467,-2.09999999999377e-05
"Ys0...265",1.5,-1,0.2,-1.5,0.0281724,0.00577709999999998,0.012563,0.0606196999999999,0.0281724,0.00844860000000003,0.0052025,0.0606196999999999,0.00468899999999994,0.0269971999999999,0.00844860000000003,0.0052025,0.1385739,-0.0720714000000001,0.0282771000000001,0.00449129999999998,0.0137271999999999,0.0606642000000001,-2.76000000001275e-05
"Ys0...266",1.5,-1,0.2,-1,0.0243661999999999,-0.000160399999999949,0.0199454,0.0535421,0.0243661999999999,0.00390030000000008,0.00863440000000004,0.0535421,0.00725029999999993,0.0216058,0.00390030000000008,0.00863440000000004,0.1095808,-0.0460111000000001,0.0244614,-0.0020656,0.0217386000000001,0.0535901999999999,-3.12999999999564e-05
"Ys0...267",1.5,-1,0.2,1,0.0137153999999999,-0.00450200000000001,0.0275647,0.0361126000000001,0.0137153999999999,0.000635900000000023,0.0133521,0.0361126000000001,0.00907469999999999,0.0100027,0.000635900000000023,0.0133521,0.0306399000000001,0.0182886999999999,0.0137544999999999,-0.00676549999999998,0.0297552,0.0362019,-5.53999999999277e-05
"Ys0...268",1.5,-1,0.2,1.5,0.0122534000000001,-0.00427640000000007,0.0277718,0.0336914,0.0122534000000001,0.000836700000000024,0.0137137000000001,0.0336914,0.00894499999999987,0.00863380000000002,0.000836700000000024,0.0137137000000001,0.0233726,0.0229318000000001,0.0122813000000001,-0.00650519999999999,0.0299242999999999,0.0337467,-6.89999999992086e-06
"Ys0...269",1.5,-1,0.75,-1.5,NA,NA,NA,0.0605889000000001,NA,NA,NA,0.0605889000000001,NA,NA,NA,NA,0.1384999,NA,0.0281218,0.00465599999999999,0.0136061000000001,0.0608103999999999,NA
"Ys0...270",1.5,-1,0.75,-1,NA,NA,NA,0.0534595,NA,NA,NA,0.0534595,NA,NA,NA,NA,0.1096086,NA,0.0243378000000001,-0.00198229999999999,0.0216808999999999,0.0536862,NA
"Ys0...271",1.5,-1,0.75,1,NA,NA,NA,0.0360834,NA,NA,NA,0.0360834,NA,NA,NA,NA,0.0307333999999999,NA,0.0136778000000001,-0.00669520000000001,0.0296843999999999,0.0362043000000001,NA
"Ys0...272",1.5,-1,0.75,1.5,NA,NA,NA,0.0336348999999999,NA,NA,NA,0.0336348999999999,NA,NA,NA,NA,0.0234834,NA,0.0122113,-0.00642560000000003,0.0298543,0.0337694000000001,NA
"Ys0...273",1.5,0,-0.75,-1.5,NA,NA,NA,0.1739539,NA,NA,NA,0.1739539,NA,NA,NA,NA,0.2129786,NA,0.0168274,0.00812479999999993,0.0132034000000001,0.1739725,NA
"Ys0...274",1.5,0,-0.75,-1,NA,NA,NA,0.1213158,NA,NA,NA,0.1213158,NA,NA,NA,NA,0.1555799,NA,0.0125784999999999,0.00214970000000003,0.0210344,0.1213286,NA
"Ys0...275",1.5,0,-0.75,1,NA,NA,NA,0.033705,NA,NA,NA,0.033705,NA,NA,NA,NA,0.0330298,NA,0.007409,-0.00466069999999996,0.0294831,0.0337254,NA
"Ys0...276",1.5,0,-0.75,1.5,NA,NA,NA,0.0292039999999999,NA,NA,NA,0.0292039999999999,NA,NA,NA,NA,0.0246209000000001,NA,0.00722519999999993,-0.00490239999999997,0.0298518,0.0289549,NA
"Ys0...277",1.5,0,-0.2,-1.5,0.0168714000000001,0.00720689999999991,0.0140194,0.1740821,0.0168714000000001,0.0110815,0.00634000000000001,0.1740821,0.00380479999999994,0.01727,0.0110815,0.00634000000000001,0.212904,-0.0353804,0.0169492999999999,0.0079783000000001,0.0131791999999999,0.1740105,6.25000000000764e-05
"Ys0...278",1.5,0,-0.2,-1,0.0126185,0.000661699999999987,0.0224608000000001,0.1213436,0.0126185,0.00696379999999996,0.0100756000000001,0.1213436,0.00608310000000001,0.0108634000000001,0.00696379999999996,0.0100756000000001,0.1555874,-0.0263683,0.0126974,0.00198550000000008,0.0210893999999999,0.1213786,-6.62999999999636e-05
"Ys0...279",1.5,0,-0.2,1,0.00744400000000001,-0.00672680000000003,0.0316234,0.0336352,0.00744400000000001,0.00238689999999997,0.0138166,0.0336352,0.00869310000000001,0.00373849999999998,0.00238689999999997,0.0138166,0.0332211,0.0128539,0.00742960000000004,-0.00465610000000005,0.029444,0.0336881999999999,7.00999999999619e-05
"Ys0...280",1.5,0,-0.2,1.5,0.00720909999999997,-0.00693140000000003,0.0318116000000001,0.0292665,0.00720909999999997,0.00225560000000002,0.0139299000000001,0.0292665,0.00869469999999994,0.00345759999999995,0.00225560000000002,0.0139299000000001,0.0246405,0.0170776,0.00722279999999997,-0.00483820000000001,0.0296518,0.0292265,9.28999999999514e-05
"Ys0...281",1.5,0,0.2,-1.5,0.0168853999999999,0.0090095,0.012216,0.1740821,0.0168853999999999,0.0110712000000001,0.00635269999999999,0.1740821,0.00380159999999996,0.0172762,0.0110712000000001,0.00635269999999999,0.212904,-0.0353631000000001,0.0169492999999999,0.0079783000000001,0.0131791999999999,0.1740105,7.57000000000119e-05
"Ys0...282",1.5,0,0.2,-1,0.0126242999999999,0.0035866,0.0195426000000001,0.1213436,0.0126242999999999,0.00696549999999996,0.0100933000000001,0.1213436,0.00607040000000003,0.010868,0.00696549999999996,0.0100933000000001,0.1555874,-0.0263620999999999,0.0126974,0.00198550000000008,0.0210893999999999,0.1213786,-5.37999999999927e-05
"Ys0...283",1.5,0,0.2,1,0.00742359999999997,-0.00248420000000005,0.0273997,0.0336352,0.00742359999999997,0.00238489999999991,0.0138254,0.0336352,0.00870520000000008,0.00374260000000004,0.00238489999999991,0.0138254,0.0332211,0.0128503,0.00742960000000004,-0.00465610000000005,0.029444,0.0336881999999999,6.85999999999742e-05
"Ys0...284",1.5,0,0.2,1.5,0.0072603,-0.00277280000000002,0.0277488,0.0292339,0.0072603,0.00222180000000005,0.013871,0.0292339,0.00888319999999998,0.00352069999999993,0.00222180000000005,0.013871,0.0246289,0.0172154000000001,0.00723610000000008,-0.00486300000000006,0.0297298,0.0291739,0.00019340000000001
"Ys0...285",1.5,0,0.75,-1.5,NA,NA,NA,0.1738232,NA,NA,NA,0.1738232,NA,NA,NA,NA,0.212913,NA,0.0168499999999999,0.00807270000000004,0.0130787,0.1742196,NA
"Ys0...286",1.5,0,0.75,-1,NA,NA,NA,0.1211758,NA,NA,NA,0.1211758,NA,NA,NA,NA,0.1556983,NA,0.0125936,0.0020637,0.0209992,0.1214412,NA
"Ys0...287",1.5,0,0.75,1,NA,NA,NA,0.0336415,NA,NA,NA,0.0336415,NA,NA,NA,NA,0.0330938,NA,0.00744940000000005,-0.00464370000000003,0.0293753,0.0338218,NA
"Ys0...288",1.5,0,0.75,1.5,NA,NA,NA,0.0292429,NA,NA,NA,0.0292429,NA,NA,NA,NA,0.0246239,NA,0.00721720000000003,-0.0048705,0.0297356,0.0292344999999999,NA
"Ys0...289",1.5,1,-0.75,-1.5,NA,NA,NA,0.2859141,NA,NA,NA,0.2859141,NA,NA,NA,NA,0.2874799,NA,0.0150764999999999,0.00856840000000003,0.0125929,0.2862131,NA
"Ys0...290",1.5,1,-0.75,-1,NA,NA,NA,0.1972826,NA,NA,NA,0.1972826,NA,NA,NA,NA,0.2078375,NA,0.0105207,0.0032586,0.020352,0.1975682,NA
"Ys0...291",1.5,1,-0.75,1,NA,NA,NA,0.034195,NA,NA,NA,0.034195,NA,NA,NA,NA,0.0381033,NA,0.00708010000000003,-0.00386549999999997,0.0288591,0.0340665999999999,NA
"Ys0...292",1.5,1,-0.75,1.5,NA,NA,NA,0.0282109,NA,NA,NA,0.0282109,NA,NA,NA,NA,0.0287221,NA,0.0070557,-0.00414990000000004,0.0291142,0.0281734,NA
"Ys0...293",1.5,1,-0.2,-1.5,0.0151074,0.00791579999999992,0.0131795,0.2860459,0.0151074,0.0107273,0.00772190000000006,0.2860459,0.00264609999999987,0.0166388000000001,0.0107273,0.00772190000000006,0.2875116,-0.000358700000000045,0.0151686,0.00847819999999999,0.0125314,0.2861751,-0.000104699999999958
"Ys0...294",1.5,1,-0.2,-1,0.0106046,0.00214690000000006,0.0214559,0.1974486,0.0106046,0.00709680000000001,0.0118204000000001,0.1974486,0.00468559999999996,0.00957570000000008,0.00709680000000001,0.0118204000000001,0.2079551,-0.00471470000000007,0.0105838,0.00326799999999994,0.0202422000000001,0.197322,0.000239999999999907
"Ys0...295",1.5,1,-0.2,1,0.00713790000000003,-0.00566129999999998,0.0306379,0.0340253,0.00713790000000003,0.00223910000000005,0.0153409999999999,0.0340253,0.00739650000000003,0.00375459999999994,0.00223910000000005,0.0153409999999999,0.0381996,0.00665190000000015,0.00711830000000002,-0.00386010000000003,0.0286969,0.0341854,-6.99999999964618e-07
"Ys0...296",1.5,1,-0.2,1.5,0.00708619999999993,-0.00596759999999996,0.0309519,0.0279752,0.00708619999999993,0.00203100000000001,0.015367,0.0279752,0.00758630000000005,0.00362909999999994,0.00203100000000001,0.015367,0.0287607999999999,0.0102368,0.00704549999999993,-0.00412649999999992,0.0291431999999999,0.0282721,-0.000288599999999972
"Ys0...297",1.5,1,0.2,-1.5,0.0151292000000001,0.00921669999999997,0.0118855999999999,0.2860459,0.0151292000000001,0.0107134,0.00774010000000003,0.2860459,0.0026487999999999,0.0166383,0.0107134,0.00774010000000003,0.2875116,-0.000315499999999913,0.0151686,0.00847819999999999,0.0125314,0.2861751,-7.58999999999066e-05
"Ys0...298",1.5,1,0.2,-1,0.0105978,0.00445780000000007,0.0191581,0.1974486,0.0105978,0.00707049999999998,0.0118461000000001,0.1974486,0.00469929999999996,0.0096075000000001,0.00707049999999998,0.0118461000000001,0.2079551,-0.00471390000000005,0.0105838,0.00326799999999994,0.0202422000000001,0.197322,0.000246299999999922
"Ys0...299",1.5,1,0.2,1,0.00712369999999996,-0.00206209999999996,0.0269573,0.0341298,0.00712369999999996,0.00217750000000005,0.0152727,0.0341298,0.00744499999999992,0.00379699999999994,0.00217750000000005,0.0152727,0.0381602,0.00671250000000001,0.00710860000000002,-0.00385970000000002,0.0287988,0.0341914,-9.0400000000046e-05
"Ys0...300",1.5,1,0.2,1.5,0.00703169999999997,-0.00226019999999993,0.0272758,0.0281667,0.00703169999999997,0.00197619999999998,0.0153837,0.0281667,0.00765570000000004,0.00366310000000003,0.00197619999999998,0.0153837,0.0286619,0.0104782,0.0070346,-0.00411870000000003,0.0290111,0.0283256000000001,-3.85999999999997e-05
"Ys0...301",1.5,1,0.75,-1.5,NA,NA,NA,0.2861012,NA,NA,NA,0.2861012,NA,NA,NA,NA,0.2875664,NA,0.0150905,0.00854600000000005,0.0124976,0.2859472,NA
"Ys0...302",1.5,1,0.75,-1,NA,NA,NA,0.1974687,NA,NA,NA,0.1974687,NA,NA,NA,NA,0.2078778,NA,0.0106209,0.00325580000000003,0.0201465,0.1974795,NA
"Ys0...303",1.5,1,0.75,1,NA,NA,NA,0.0339798,NA,NA,NA,0.0339798,NA,NA,NA,NA,0.0382915,NA,0.00703779999999998,-0.00382450000000001,0.0287679000000001,0.034253,NA
"Ys0...304",1.5,1,0.75,1.5,NA,NA,NA,0.0281180999999999,NA,NA,NA,0.0281180999999999,NA,NA,NA,NA,0.0287408,NA,0.00711879999999998,-0.00418399999999997,0.0290062,0.0283,NA
"Ys0...305",1.5,1.5,-0.75,-1.5,NA,NA,NA,0.3257571,NA,NA,NA,0.3257571,NA,NA,NA,NA,0.3146552,NA,0.0151846,0.00845109999999993,0.012104,0.3258911,NA
"Ys0...306",1.5,1.5,-0.75,-1,NA,NA,NA,0.2287551,NA,NA,NA,0.2287551,NA,NA,NA,NA,0.2293347,NA,0.0102533,0.00382640000000001,0.0198151999999999,0.228717,NA
"Ys0...307",1.5,1.5,-0.75,1,NA,NA,NA,0.0350403,NA,NA,NA,0.0350403,NA,NA,NA,NA,0.0410601,NA,0.00701720000000006,-0.00337209999999999,0.0283219,0.0351834,NA
"Ys0...308",1.5,1.5,-0.75,1.5,NA,NA,NA,0.028342,NA,NA,NA,0.028342,NA,NA,NA,NA,0.0309678000000001,NA,0.00699280000000002,-0.00364399999999998,0.0286312,0.0283092,NA
"Ys0...309",1.5,1.5,-0.2,-1.5,0.0151444000000001,0.00804229999999995,0.0126334,0.3257942,0.0151444000000001,0.0102238,0.00848329999999997,0.3257942,0.00196859999999999,0.0171284,0.0102238,0.00848329999999997,0.3145448,0.0112363000000001,0.0151220999999999,0.00842580000000004,0.0123726,0.3256981,-4.29999999995712e-06
"Ys0...310",1.5,1.5,-0.2,-1,0.0103196999999999,0.00281819999999999,0.0207159,0.2286294,0.0103196999999999,0.00691759999999997,0.0127709,0.2286294,0.0038456,0.00958400000000004,0.00691759999999997,0.0127709,0.2293767,0.00381389999999993,0.0103544000000001,0.00373449999999997,0.0197714,0.2286172,5.69999999988635e-06
"Ys0...311",1.5,1.5,-0.2,1,0.00707220000000008,-0.00498450000000006,0.0300015,0.0350594,0.00707220000000008,0.00200750000000005,0.0161416999999999,0.0350594,0.00686779999999998,0.00398109999999996,0.00200750000000005,0.0161416999999999,0.0411140000000001,0.00387349999999997,0.00706600000000002,-0.00334330000000005,0.0283047000000001,0.0350178999999999,0.000103300000000028
"Ys0...312",1.5,1.5,-0.2,1.5,0.00706640000000003,-0.00531720000000002,0.0302978,0.0281837,0.00706640000000003,0.00179970000000007,0.0162814,0.0281837,0.00689949999999995,0.00384119999999999,0.00179970000000007,0.0162814,0.0311221,0.00707630000000004,0.00706689999999999,-0.003691,0.0285863000000001,0.0284167999999999,-0.000148299999999879
"Ys0...313",1.5,1.5,0.2,-1.5,0.0151746,0.00897599999999998,0.0116503,0.3257942,0.0151746,0.0102530000000001,0.00848040000000005,0.3257942,0.00189289999999986,0.0170993,0.0102530000000001,0.00848040000000005,0.3145448,0.011217,0.0151220999999999,0.00842580000000004,0.0123726,0.3256981,-2.34999999999541e-05
"Ys0...314",1.5,1.5,0.2,-1,0.0102635999999999,0.00475370000000008,0.0188704,0.2285589,0.0102635999999999,0.0069631,0.0125941000000001,0.2285589,0.00406689999999998,0.00956769999999996,0.0069631,0.0125941000000001,0.2295169,0.00381790000000004,0.0103391,0.00372170000000005,0.0198313999999999,0.2287201,-0.000165700000000046
"Ys0...315",1.5,1.5,0.2,1,0.00708120000000001,-0.00181240000000005,0.0267572,0.0350709,0.00708120000000001,0.00204119999999997,0.0162459,0.0350709,0.00665769999999999,0.00394880000000009,0.00204119999999997,0.0162459,0.0409849999999999,0.00385040000000003,0.00705519999999993,-0.00334889999999999,0.0283314,0.0350733,-1.40999999999059e-05
"Ys0...316",1.5,1.5,0.2,1.5,0.00713980000000003,-0.00208779999999997,0.0270857,0.0281835,0.00713980000000003,0.00181560000000003,0.0162945,0.0281835,0.0068878,0.00388529999999998,0.00181560000000003,0.0162945,0.0311061,0.00721700000000003,0.00704680000000002,-0.00365950000000004,0.028575,0.0282733000000001,8.5600000000019e-05
"Ys0...317",1.5,1.5,0.75,-1.5,NA,NA,NA,0.3257777,NA,NA,NA,0.3257777,NA,NA,NA,NA,0.314562,NA,0.0152135999999999,0.00839980000000007,0.0122992,0.3257058,NA
"Ys0...318",1.5,1.5,0.75,-1,NA,NA,NA,0.2285399,NA,NA,NA,0.2285399,NA,NA,NA,NA,0.2293312,NA,0.0103213,0.00371440000000001,0.0198273,0.2286488,NA
"Ys0...319",1.5,1.5,0.75,1,NA,NA,NA,0.0350796999999999,NA,NA,NA,0.0350796999999999,NA,NA,NA,NA,0.0408945000000001,NA,0.00703639999999994,-0.00338929999999993,0.0283795,0.0351682,NA
"Ys0...320",1.5,1.5,0.75,1.5,NA,NA,NA,0.0281285,NA,NA,NA,0.0281285,NA,NA,NA,NA,0.0310365,NA,0.00705230000000001,-0.00364929999999997,0.0286136,0.0282704,NA
