"","a1","g6","rho","beta2","AY","AMY","AZY_ne","AZY_re","AZMY_ne","AZMY_re","Z_e"
"Ys1...1",-1.5,-1.5,-0.75,-1.5,-2.7427728,-0.0614205000000001,0.17684385,0.13021515,-0.03398865,0.01714875,0.0045086999999997
"Ys1...2",-1.5,-1.5,-0.75,-1,-2.7767754,-0.0614205000000001,0.20175855,0.12120765,-0.05890335,0.0299248499999996,0.0082772999999996
"Ys1...3",-1.5,-1.5,-0.75,1,-2.831192,-0.0614205000000001,0.24163725,0.1068786,-0.0987820500000001,0.0504045,0.0144278999999998
"Ys1...4",-1.5,-1.5,-0.75,1.5,-2.8349544,-0.0614205000000001,0.24439575,0.1058784,-0.10154055,0.0517919999999998,0.0148151999999997
"Ys1...5",-1.5,-1.5,-0.2,-1.5,-2.7433325,-0.0614205000000001,0.16132305,0.1301046,-0.0187164000000002,0.01710345,0.00460139999999987
"Ys1...6",-1.5,-1.5,-0.2,-1,-2.7774011,-0.0614205000000001,0.17506515,0.12114,-0.0324585000000002,0.0298174499999999,0.00835079999999966
"Ys1...7",-1.5,-1.5,-0.2,1,-2.8319433,-0.0614205000000001,0.19704195,0.1067301,-0.0544353000000002,0.0502167,0.0143401499999998
"Ys1...8",-1.5,-1.5,-0.2,1.5,-2.8357277,-0.0614205000000001,0.19857435,0.1056969,-0.0559677000000001,0.0516037499999999,0.0146939999999995
"Ys1...9",-1.5,-1.5,0.2,-1.5,-2.7432452,-0.0614205000000001,0.1502424,0.13020645,-0.00754680000000008,0.0171717,0.00468254999999962
"Ys1...10",-1.5,-1.5,0.2,-1,-2.7773408,-0.0614205000000001,0.1557813,0.12118185,-0.0130857,0.0298609499999998,0.00834719999999978
"Ys1...11",-1.5,-1.5,0.2,1,-2.8318092,-0.0614205000000001,0.1647255,0.1068105,-0.0220299000000002,0.0502690499999998,0.0143839499999996
"Ys1...12",-1.5,-1.5,0.2,1.5,-2.8355912,-0.0614205000000001,0.16534845,0.1057872,-0.0226528500000001,0.0516638999999999,0.0147554999999997
"Ys1...13",-1.5,-1.5,0.75,-1.5,NA,-0.0610295999999999,NA,NA,NA,NA,NA
"Ys1...14",-1.5,-1.5,0.75,-1,NA,-0.0610295999999999,NA,NA,NA,NA,NA
"Ys1...15",-1.5,-1.5,0.75,1,NA,-0.0610295999999999,NA,NA,NA,NA,NA
"Ys1...16",-1.5,-1.5,0.75,1.5,NA,-0.0610295999999999,NA,NA,NA,NA,NA
"Ys1...17",-1.5,-1,-0.75,-1.5,-2.7427728,-0.23205455,0.29471405,0.26362825,-0.00740775000000005,0.02668385,0.00300579999999995
"Ys1...18",-1.5,-1,-0.75,-1,-2.7767754,-0.21799475,0.31132385,0.25762325,-0.0128254499999998,0.0463933499999998,0.00551819999999958
"Ys1...19",-1.5,-1,-0.75,1,-2.831192,-0.1125609,0.33790965,0.24807055,-0.0214148999999999,0.0780428,0.00961860000000003
"Ys1...20",-1.5,-1,-0.75,1.5,-2.8349544,-0.0950494499999999,0.33974865,0.24740375,-0.0220297500000002,0.0801919499999997,0.00987679999999935
"Ys1...21",-1.5,-1,-0.2,-1.5,-2.7433325,-0.23205455,0.2842237,0.2634114,0.0027355499999997,0.02661545,0.0030676000000005
"Ys1...22",-1.5,-1,-0.2,-1,-2.7774011,-0.21799475,0.2933851,0.257435,0.00474975000000022,0.04626705,0.00556719999999977
"Ys1...23",-1.5,-1,-0.2,1,-2.8319433,-0.1125609,0.3080363,0.2478284,0.0080635,0.0778314999999998,0.00956009999999985
"Ys1...24",-1.5,-1,-0.2,1.5,-2.8357277,-0.0950494499999999,0.3090579,0.2471396,0.0082605499999997,0.0799748499999997,0.00979599999999969
"Ys1...25",-1.5,-1,0.2,-1.5,-2.7432452,-0.23205455,0.27685495,0.26349765,0.01020025,0.0266792499999999,0.00312170000000034
"Ys1...26",-1.5,-1,0.2,-1,-2.7773408,-0.21799475,0.28054755,0.25748125,0.0176765000000003,0.0463076,0.0055647999999997
"Ys1...27",-1.5,-1,0.2,1,-2.8318092,-0.1125609,0.28651035,0.24790035,0.0296970999999999,0.0778964000000002,0.00958930000000047
"Ys1...28",-1.5,-1,0.2,1.5,-2.8355912,-0.0950494499999999,0.28692565,0.24721815,0.0305010499999998,0.0800455499999999,0.00983699999999965
"Ys1...29",-1.5,-1,0.75,-1.5,NA,-0.2317312,NA,NA,NA,NA,NA
"Ys1...30",-1.5,-1,0.75,-1,NA,-0.2175666,NA,NA,NA,NA,NA
"Ys1...31",-1.5,-1,0.75,1,NA,-0.112251,NA,NA,NA,NA,NA
"Ys1...32",-1.5,-1,0.75,1.5,NA,-0.0947444000000002,NA,NA,NA,NA,NA
"Ys1...33",-1.5,0,-0.75,-1.5,-2.7427728,-0.57332265,0.53045445,0.53045445,0.0457540500000002,0.0457540500000002,4.44089209850063e-16
"Ys1...34",-1.5,0,-0.75,-1,-2.7767754,-0.53114325,0.53045445,0.53045445,0.0793303499999998,0.0793303499999998,0
"Ys1...35",-1.5,0,-0.75,1,-2.831192,-0.2148417,0.53045445,0.53045445,0.1333194,0.1333194,4.44089209850063e-16
"Ys1...36",-1.5,0,-0.75,1.5,-2.8349544,-0.16230735,0.53045445,0.53045445,0.13699185,0.13699185,0
"Ys1...37",-1.5,0,-0.2,-1.5,-2.7433325,-0.57332265,0.530025,0.530025,0.0456394499999999,0.0456394500000004,4.44089209850063e-16
"Ys1...38",-1.5,0,-0.2,-1,-2.7774011,-0.53114325,0.530025,0.530025,0.0791662499999997,0.0791662500000001,0
"Ys1...39",-1.5,0,-0.2,1,-2.8319433,-0.2148417,0.530025,0.530025,0.1330611,0.1330611,4.44089209850063e-16
"Ys1...40",-1.5,0,-0.2,1.5,-2.8357277,-0.16230735,0.530025,0.530025,0.13671705,0.13671705,0
"Ys1...41",-1.5,0,0.2,-1.5,-2.7432452,-0.57332265,0.53008005,0.53008005,0.0456943500000002,0.0456943500000002,0
"Ys1...42",-1.5,0,0.2,-1,-2.7773408,-0.53114325,0.53008005,0.53008005,0.0792008999999996,0.0792009,4.44089209850063e-16
"Ys1...43",-1.5,0,0.2,1,-2.8318092,-0.2148417,0.53008005,0.53008005,0.1331511,0.1331511,4.44089209850063e-16
"Ys1...44",-1.5,0,0.2,1.5,-2.8355912,-0.16230735,0.53008005,0.53008005,0.13680885,0.13680885,-4.44089209850063e-16
"Ys1...45",-1.5,0,0.75,-1.5,NA,-0.5731344,NA,NA,NA,NA,NA
"Ys1...46",-1.5,0,0.75,-1,NA,-0.530640599999999,NA,NA,NA,NA,NA
"Ys1...47",-1.5,0,0.75,1,NA,-0.2146938,NA,NA,NA,NA,NA
"Ys1...48",-1.5,0,0.75,1.5,NA,-0.162174,NA,NA,NA,NA,NA
"Ys1...49",-1.5,1,-0.75,-1.5,-2.7427728,-0.914590749999999,0.76619485,0.797280649999999,0.0989158499999991,0.06482425,-0.0030057999999995
"Ys1...50",-1.5,1,-0.75,-1,-2.7767754,-0.84429175,0.74958505,0.80328565,0.17148615,0.112267350000001,-0.00551819999999825
"Ys1...51",-1.5,1,-0.75,1,-2.831192,-0.3171225,0.722999249999999,0.81283835,0.288053700000001,0.188596,-0.00961859999999959
"Ys1...52",-1.5,1,-0.75,1.5,-2.8349544,-0.22956525,0.72116025,0.81350515,0.29601345,0.19379175,-0.00987680000000069
"Ys1...53",-1.5,1,-0.2,-1.5,-2.7433325,-0.914590749999999,0.7758263,0.7966386,0.0885433499999992,0.0646634500000003,-0.00306759999999873
"Ys1...54",-1.5,1,-0.2,-1,-2.7774011,-0.84429175,0.7666649,0.802615,0.15358275,0.11206545,-0.00556719999999888
"Ys1...55",-1.5,1,-0.2,1,-2.8319433,-0.3171225,0.7520137,0.8122216,0.2580587,0.1882907,-0.00956009999999896
"Ys1...56",-1.5,1,-0.2,1.5,-2.8357277,-0.22956525,0.7509921,0.8129104,0.26517355,0.19345925,-0.00979599999999969
"Ys1...57",-1.5,1,0.2,-1.5,-2.7432452,-0.914590749999999,0.78330515,0.796662449999999,0.0811884499999991,0.0647094499999996,-0.00312170000000034
"Ys1...58",-1.5,1,0.2,-1,-2.7773408,-0.84429175,0.77961255,0.80267885,0.1407253,0.1120942,-0.00556479999999926
"Ys1...59",-1.5,1,0.2,1,-2.8318092,-0.3171225,0.77364975,0.81225975,0.2366051,0.1884058,-0.00958930000000002
"Ys1...60",-1.5,1,0.2,1.5,-2.8355912,-0.22956525,0.77323445,0.812941949999999,0.24311665,0.19357215,-0.00983700000000098
"Ys1...61",-1.5,1,0.75,-1.5,NA,-0.914537600000001,NA,NA,NA,NA,NA
"Ys1...62",-1.5,1,0.75,-1,NA,-0.8437146,NA,NA,NA,NA,NA
"Ys1...63",-1.5,1,0.75,1,NA,-0.3171366,NA,NA,NA,NA,NA
"Ys1...64",-1.5,1,0.75,1.5,NA,-0.2296036,NA,NA,NA,NA,NA
"Ys1...65",-1.5,1.5,-0.75,-1.5,-2.7427728,-1.0852248,0.88406505,0.93069375,0.12549675,0.0743593499999999,-0.00450870000000059
"Ys1...66",-1.5,1.5,-0.75,-1,-2.7767754,-1.000866,0.859150349999999,0.93970125,0.217564050000001,0.128735850000001,-0.0082772999999996
"Ys1...67",-1.5,1.5,-0.75,1,-2.831192,-0.3682629,0.81927165,0.9540303,0.36542085,0.2162343,-0.0144279000000003
"Ys1...68",-1.5,1.5,-0.75,1.5,-2.8349544,-0.2631942,0.81651315,0.955030499999999,0.37552425,0.222191700000001,-0.0148152000000001
"Ys1...69",-1.5,1.5,-0.2,-1.5,-2.7433325,-1.0852248,0.89872695,0.9299454,0.1099953,0.0741754500000003,-0.00460139999999942
"Ys1...70",-1.5,1.5,-0.2,-1,-2.7774011,-1.000866,0.884984849999999,0.93891,0.190791000000001,0.128515050000001,-0.00835079999999966
"Ys1...71",-1.5,1.5,-0.2,1,-2.8319433,-0.3682629,0.863008049999999,0.9533199,0.3205575,0.215905500000001,-0.0143401499999989
"Ys1...72",-1.5,1.5,-0.2,1.5,-2.8357277,-0.2631942,0.861475649999999,0.9543531,0.3294018,0.22183035,-0.0146939999999995
"Ys1...73",-1.5,1.5,0.2,-1.5,-2.7432452,-1.0852248,0.9099177,0.92995365,0.0989354999999996,0.074217,-0.00468254999999917
"Ys1...74",-1.5,1.5,0.2,-1,-2.7773408,-1.000866,0.904378799999999,0.93897825,0.1714875,0.12854085,-0.00834720000000022
"Ys1...75",-1.5,1.5,0.2,1,-2.8318092,-0.3682629,0.8954346,0.9533496,0.2883321,0.21603315,-0.0143839499999991
"Ys1...76",-1.5,1.5,0.2,1.5,-2.8355912,-0.2631942,0.894811649999999,0.9543729,0.29627055,0.221953800000001,-0.0147554999999988
"Ys1...77",-1.5,1.5,0.75,-1.5,NA,-1.0852392,NA,NA,NA,NA,NA
"Ys1...78",-1.5,1.5,0.75,-1,NA,-1.0002516,NA,NA,NA,NA,NA
"Ys1...79",-1.5,1.5,0.75,1,NA,-0.368358,NA,NA,NA,NA,NA
"Ys1...80",-1.5,1.5,0.75,1.5,NA,-0.2633184,NA,NA,NA,NA,NA
"Ys1...81",-0.5,-1.5,-0.75,-1.5,-3.1831974,-0.0614205000000001,0.0974507999999998,0.0412975499999999,-0.0480437999999999,0.00580004999999995,-0.00230940000000013
"Ys1...82",-0.5,-1.5,-0.75,-1,-3.2464746,-0.0614205000000001,0.13261755,0.0355428,-0.08321055,0.0102967499999997,-0.00356745000000025
"Ys1...83",-0.5,-1.5,-0.75,1,-3.3477962,-0.0614205000000001,0.1889187,0.0262932,-0.1395117,0.0175125,-0.00560129999999992
"Ys1...84",-0.5,-1.5,-0.75,1.5,-3.3548048,-0.0614205000000001,0.19281705,0.0255993000000001,-0.14341005,0.0179762999999999,-0.00583139999999993
"Ys1...85",-0.5,-1.5,-0.2,-1.5,-3.1827911,-0.0614205000000001,0.0803311500000001,0.0414907499999999,-0.0306918,0.00584339999999983,-0.00230520000000034
"Ys1...86",-0.5,-1.5,-0.2,-1,-3.2460701,-0.0614205000000001,0.1028196,0.0356784000000001,-0.05318025,0.0103088999999996,-0.00365205000000035
"Ys1...87",-0.5,-1.5,-0.2,1,-3.3472425,-0.0614205000000001,0.13884135,0.0264042,-0.0892020000000002,0.01755795,-0.00567720000000005
"Ys1...88",-0.5,-1.5,-0.2,1.5,-3.3542319,-0.0614205000000001,0.14132415,0.0257425499999999,-0.0916847999999999,0.0180512999999998,-0.00584550000000039
"Ys1...89",-0.5,-1.5,0.2,-1.5,-3.1831052,-0.0614205000000001,0.0675367499999999,0.0413095499999998,-0.0181618499999998,0.00582839999999996,-0.00223695000000035
"Ys1...90",-0.5,-1.5,0.2,-1,-3.2464496,-0.0614205000000001,0.0808767000000001,0.0355476000000001,-0.0315018,0.0101989499999999,-0.00362835000000006
"Ys1...91",-0.5,-1.5,0.2,1,-3.3477696,-0.0614205000000001,0.10221,0.02629065,-0.0528350999999998,0.0173394,-0.00574485000000013
"Ys1...92",-0.5,-1.5,0.2,1.5,-3.3548356,-0.0614205000000001,0.1037001,0.0256298999999998,-0.0543252000000001,0.0177931499999997,-0.00595185000000065
"Ys1...93",-0.5,-1.5,0.75,-1.5,-3.1826989,-0.0614205000000001,0.0504171000000002,0.0415027499999998,-0.000809850000000001,0.00587174999999984,-0.00223275000000056
"Ys1...94",-0.5,-1.5,0.75,-1,-3.2460451,-0.0614205000000001,0.0510787500000003,0.0356832000000002,-0.00147150000000007,0.0102110999999998,-0.00371295000000016
"Ys1...95",-0.5,-1.5,0.75,1,-3.3472159,-0.0614205000000001,0.0521326500000003,0.0264016499999999,-0.00252540000000012,0.01738485,-0.00582075000000026
"Ys1...96",-0.5,-1.5,0.75,1.5,-3.3542627,-0.0614205000000001,0.0522072000000002,0.02577315,-0.00259995000000002,0.01786815,-0.00596595000000022
"Ys1...97",-0.5,-1,-0.75,-1.5,-3.1831974,-0.23205455,0.12613795,0.08870245,-0.0268113000000003,0.0090846,-0.00153960000000009
"Ys1...98",-0.5,-1,-0.75,-1,-3.2464746,-0.21799475,0.14958245,0.0848659499999997,-0.04638235,0.0159558500000001,-0.00237830000000061
"Ys1...99",-0.5,-1,-0.75,1,-3.3477962,-0.1125609,0.18711655,0.0786995500000001,-0.0776463500000002,0.0270364500000002,-0.0037341999999998
"Ys1...100",-0.5,-1,-0.75,1.5,-3.3548048,-0.0950494499999999,0.18971545,0.07823695,-0.0798326500000002,0.0277582499999998,-0.0038876000000001
"Ys1...101",-0.5,-1,-0.2,-1.5,-3.1827911,-0.23205455,0.11482645,0.08893285,-0.0152046000000001,0.00915219999999994,-0.00153679999999978
"Ys1...102",-0.5,-1,-0.2,-1,-3.2460701,-0.21799475,0.12981875,0.0850579499999999,-0.0263239,0.0160022,-0.00243470000000023
"Ys1...103",-0.5,-1,-0.2,1,-3.3472425,-0.1125609,0.15383325,0.07887515,-0.0440309999999999,0.0271423,-0.00378480000000003
"Ys1...104",-0.5,-1,-0.2,1.5,-3.3542319,-0.0950494499999999,0.15548845,0.0784340500000003,-0.0452688000000001,0.0278885999999998,-0.00389699999999982
"Ys1...105",-0.5,-1,0.2,-1.5,-3.1831052,-0.23205455,0.10619085,0.0887060499999999,-0.00686790000000004,0.00912559999999996,-0.00149130000000008
"Ys1...106",-0.5,-1,0.2,-1,-3.2464496,-0.21799475,0.11508415,0.0848647499999999,-0.0119045499999997,0.01589595,-0.00241890000000033
"Ys1...107",-0.5,-1,0.2,1,-3.3477696,-0.1125609,0.12930635,0.0786934499999998,-0.0198562500000001,0.0269267499999999,-0.00382990000000039
"Ys1...108",-0.5,-1,0.2,1.5,-3.3548356,-0.0950494499999999,0.13029975,0.07825295,-0.0204514000000002,0.0276274999999999,-0.00396790000000014
"Ys1...109",-0.5,-1,0.75,-1.5,-3.1826989,-0.23205455,0.0948793500000003,0.0889364499999998,0.00473879999999971,0.0091931999999999,-0.00148850000000023
"Ys1...110",-0.5,-1,0.75,-1,-3.2460451,-0.21799475,0.09532045,0.0850567499999997,0.00815390000000038,0.0159422999999999,-0.00247530000000085
"Ys1...111",-0.5,-1,0.75,1,-3.3472159,-0.1125609,0.0960230500000003,0.0788690499999998,0.0137590999999997,0.0270326000000001,-0.00388050000000018
"Ys1...112",-0.5,-1,0.75,1.5,-3.3542627,-0.0950494499999999,0.0960727499999998,0.0784500500000003,0.0141124499999998,0.02775785,-0.00397729999999941
"Ys1...113",-0.5,0,-0.75,-1.5,-3.1831974,-0.57332265,0.18351225,0.18351225,0.0156537000000001,0.0156537000000001,0
"Ys1...114",-0.5,0,-0.75,-1,-3.2464746,-0.53114325,0.18351225,0.18351225,0.0272740499999999,0.0272740499999999,0
"Ys1...115",-0.5,0,-0.75,1,-3.3477962,-0.2148417,0.18351225,0.18351225,0.0460843499999997,0.0460843500000001,4.44089209850063e-16
"Ys1...116",-0.5,0,-0.75,1.5,-3.3548048,-0.16230735,0.18351225,0.18351225,0.0473221499999998,0.0473221499999998,-4.44089209850063e-16
"Ys1...117",-0.5,0,-0.2,-1.5,-3.1827911,-0.57332265,0.18381705,0.18381705,0.0157698000000002,0.0157698000000002,4.44089209850063e-16
"Ys1...118",-0.5,0,-0.2,-1,-3.2460701,-0.53114325,0.18381705,0.18381705,0.0273887999999998,0.0273887999999998,0
"Ys1...119",-0.5,0,-0.2,1,-3.3472425,-0.2148417,0.18381705,0.18381705,0.0463109999999998,0.0463110000000002,4.44089209850063e-16
"Ys1...120",-0.5,0,-0.2,1.5,-3.3542319,-0.16230735,0.18381705,0.18381705,0.0475631999999999,0.0475631999999999,0
"Ys1...121",-0.5,0,0.2,-1.5,-3.1831052,-0.57332265,0.18349905,0.18349905,0.01572,0.01572,0
"Ys1...122",-0.5,0,0.2,-1,-3.2464496,-0.53114325,0.18349905,0.18349905,0.0272899499999997,0.0272899500000001,4.44089209850063e-16
"Ys1...123",-0.5,0,0.2,1,-3.3477696,-0.2148417,0.18349905,0.18349905,0.0461014499999997,0.0461014500000001,4.44089209850063e-16
"Ys1...124",-0.5,0,0.2,1.5,-3.3548356,-0.16230735,0.18349905,0.18349905,0.0472961999999999,0.0472961999999999,0
"Ys1...125",-0.5,0,0.75,-1.5,-3.1826989,-0.57332265,0.18380385,0.18380385,0.0158361,0.0158361,0
"Ys1...126",-0.5,0,0.75,-1,-3.2460451,-0.53114325,0.18380385,0.18380385,0.0274046999999999,0.0274046999999999,0
"Ys1...127",-0.5,0,0.75,1,-3.3472159,-0.2148417,0.18380385,0.18380385,0.0463280999999998,0.0463281000000002,8.88178419700125e-16
"Ys1...128",-0.5,0,0.75,1.5,-3.3542627,-0.16230735,0.18380385,0.18380385,0.04753725,0.04753725,0
"Ys1...129",-0.5,1,-0.75,-1.5,-3.1831974,-0.914590749999999,0.24088655,0.27832205,0.0581186999999996,0.0222227999999998,0.00153960000000097
"Ys1...130",-0.5,1,-0.75,-1,-3.2464746,-0.84429175,0.21744205,0.28215855,0.10093045,0.0385922500000007,0.00237830000000017
"Ys1...131",-0.5,1,-0.75,1,-3.3477962,-0.3171225,0.17990795,0.28832495,0.16981505,0.0651322500000004,0.00373420000000113
"Ys1...132",-0.5,1,-0.75,1.5,-3.3548048,-0.22956525,0.17730905,0.28878755,0.174476950000001,0.0668860499999999,0.00388759999999966
"Ys1...133",-0.5,1,-0.2,-1.5,-3.1827911,-0.914590749999999,0.25280765,0.27870125,0.0467441999999991,0.0223873999999995,0.00153680000000023
"Ys1...134",-0.5,1,-0.2,-1,-3.2460701,-0.84429175,0.23781535,0.28257615,0.0811014999999999,0.0387754000000005,0.00243470000000023
"Ys1...135",-0.5,1,-0.2,1,-3.3472425,-0.3171225,0.213800849999999,0.28875895,0.136653000000001,0.0654797,0.00378480000000003
"Ys1...136",-0.5,1,-0.2,1.5,-3.3542319,-0.22956525,0.21214565,0.28920005,0.1403952,0.0672378,0.00389699999999937
"Ys1...137",-0.5,1,0.2,-1.5,-3.1831052,-0.914590749999999,0.26080725,0.27829205,0.0383078999999995,0.0223144,0.00149130000000053
"Ys1...138",-0.5,1,0.2,-1,-3.2464496,-0.84429175,0.25191395,0.28213335,0.0664844499999999,0.0386839500000002,0.00241889999999945
"Ys1...139",-0.5,1,0.2,1,-3.3477696,-0.3171225,0.23769175,0.28830465,0.11205915,0.0652761499999999,0.00382990000000039
"Ys1...140",-0.5,1,0.2,1.5,-3.3548356,-0.22956525,0.23669835,0.28874515,0.1150438,0.0669649000000003,0.00396789999999925
"Ys1...141",-0.5,1,0.75,-1.5,-3.1826989,-0.914590749999999,0.27272835,0.27867125,0.0269333999999999,0.0224789999999997,0.00148850000000067
"Ys1...142",-0.5,1,0.75,-1,-3.2460451,-0.84429175,0.27228725,0.28255095,0.0466555,0.0388671,0.00247529999999951
"Ys1...143",-0.5,1,0.75,1,-3.3472159,-0.3171225,0.271584649999999,0.28873865,0.0788971000000007,0.0656236000000003,0.00388050000000018
"Ys1...144",-0.5,1,0.75,1.5,-3.3542627,-0.22956525,0.271534949999999,0.28915765,0.080962050000001,0.0673166500000004,0.00397729999999985
"Ys1...145",-0.5,1.5,-0.75,-1.5,-3.1831974,-1.0852248,0.2695737,0.32572695,0.0793511999999996,0.0255073499999998,0.00230939999999968
"Ys1...146",-0.5,1.5,-0.75,-1,-3.2464746,-1.000866,0.23440695,0.3314817,0.13775865,0.0442513500000006,0.00356745000000025
"Ys1...147",-0.5,1.5,-0.75,1,-3.3477962,-0.3682629,0.1781058,0.3407313,0.2316804,0.0746562000000006,0.00560130000000036
"Ys1...148",-0.5,1.5,-0.75,1.5,-3.3548048,-0.2631942,0.174207450000001,0.341425200000001,0.23805435,0.0766680000000006,0.00583140000000082
"Ys1...149",-0.5,1.5,-0.2,-1.5,-3.1827911,-1.0852248,0.28730295,0.326143349999999,0.0622313999999999,0.0256961999999996,0.00230519999999945
"Ys1...150",-0.5,1.5,-0.2,-1,-3.2460701,-1.000866,0.2648145,0.3319557,0.10795785,0.0444687000000004,0.00365205000000035
"Ys1...151",-0.5,1.5,-0.2,1,-3.3472425,-0.3682629,0.22879275,0.3412299,0.181824,0.0750640499999999,0.00567720000000005
"Ys1...152",-0.5,1.5,-0.2,1.5,-3.3542319,-0.2631942,0.22630995,0.341891550000001,0.1868112,0.0770751000000001,0.00584550000000039
"Ys1...153",-0.5,1.5,0.2,-1.5,-3.1831052,-1.0852248,0.29946135,0.325688549999999,0.0496018500000002,0.0256115999999995,0.00223694999999857
"Ys1...154",-0.5,1.5,0.2,-1,-3.2464496,-1.000866,0.2861214,0.3314505,0.0860817000000003,0.0443809500000008,0.0036283500000005
"Ys1...155",-0.5,1.5,0.2,1,-3.3477696,-0.3682629,0.2647881,0.34070745,0.145038,0.0748635000000002,0.00574485000000013
"Ys1...156",-0.5,1.5,0.2,1.5,-3.3548356,-0.2631942,0.263298,0.341368200000001,0.1489176,0.0767992500000005,0.00595185000000154
"Ys1...157",-0.5,1.5,0.75,-1.5,-3.1826989,-1.0852248,0.3171906,0.32610495,0.0324820499999996,0.0258004500000002,0.00223275000000012
"Ys1...158",-0.5,1.5,0.75,-1,-3.2460451,-1.000866,0.31652895,0.3319245,0.0562809,0.0445983000000005,0.0037129500000006
"Ys1...159",-0.5,1.5,0.75,1,-3.3472159,-0.3682629,0.315475050000001,0.34120605,0.0951816000000001,0.0752713500000004,0.00582074999999982
"Ys1...160",-0.5,1.5,0.75,1.5,-3.3542627,-0.2631942,0.315400500000001,0.341834550000001,0.0976744499999995,0.07720635,0.00596595000000022
"Ys1...161",0.5,-1.5,-0.75,-1.5,NA,-0.0610295999999999,NA,NA,NA,NA,NA
"Ys1...162",0.5,-1.5,-0.75,-1,NA,-0.0610295999999999,NA,NA,NA,NA,NA
"Ys1...163",0.5,-1.5,-0.75,1,NA,-0.0610295999999999,NA,NA,NA,NA,NA
"Ys1...164",0.5,-1.5,-0.75,1.5,NA,-0.0610295999999999,NA,NA,NA,NA,NA
"Ys1...165",0.5,-1.5,-0.2,-1.5,-3.6226511,-0.0614205000000001,-0.00237450000000017,-0.0335221499999996,-0.0413068499999998,-0.00549990000000022,0.00465930000000014
"Ys1...166",0.5,-1.5,-0.2,-1,-3.7151789,-0.0614205000000001,0.0279150000000001,-0.0260986500000002,-0.0715963500000001,-0.00935310000000023,0.0082295999999995
"Ys1...167",0.5,-1.5,-0.2,1,-3.8632029,-0.0614205000000001,0.0763258499999999,-0.0139717500000001,-0.1200072,-0.0153717000000002,0.0143378999999997
"Ys1...168",0.5,-1.5,-0.2,1.5,-3.8734763,-0.0614205000000001,0.0796758,-0.0131344499999999,-0.12335715,-0.01581945,0.0147274500000001
"Ys1...169",0.5,-1.5,0.2,-1.5,-3.6225638,-0.0614205000000001,-0.01345515,-0.0334061999999999,-0.0301372500000001,-0.00543165000000023,0.00475454999999991
"Ys1...170",0.5,-1.5,0.2,-1,-3.7151186,-0.0614205000000001,0.00863114999999981,-0.0259296,-0.0522235499999999,-0.00930960000000036,0.00835319999999973
"Ys1...171",0.5,-1.5,0.2,1,-3.8630688,-0.0614205000000001,0.0440093999999998,-0.0139186499999999,-0.0876017999999998,-0.01531935,0.0143544000000002
"Ys1...172",0.5,-1.5,0.2,1.5,-3.8733398,-0.0614205000000001,0.0464498999999998,-0.0130872000000002,-0.0900422999999999,-0.0157593,0.0147458999999999
"Ys1...173",0.5,-1.5,0.75,-1.5,-3.6231235,-0.0614205000000001,-0.02897595,-0.0335087999999999,-0.0148649999999999,-0.00547695000000026,0.00485519999999973
"Ys1...174",0.5,-1.5,0.75,-1,-3.7157443,-0.0614205000000001,-0.0180622499999998,-0.0259956000000003,-0.0257787,-0.00941700000000001,0.00842834999999953
"Ys1...175",0.5,-1.5,0.75,1,-3.8638201,-0.0614205000000001,-0.000585899999999917,-0.0139555499999999,-0.04325505,-0.0155071499999999,0.01437825
"Ys1...176",0.5,-1.5,0.75,1.5,-3.8741131,-0.0614205000000001,0.000628499999999921,-0.0131466000000002,-0.0444694499999998,-0.0159475500000004,0.0147467999999993
"Ys1...177",0.5,-1,-0.75,-1.5,NA,-0.2317312,NA,NA,NA,NA,NA
"Ys1...178",0.5,-1,-0.75,-1,NA,-0.2175666,NA,NA,NA,NA,NA
"Ys1...179",0.5,-1,-0.75,1,NA,-0.112251,NA,NA,NA,NA,NA
"Ys1...180",0.5,-1,-0.75,1.5,NA,-0.0947444000000002,NA,NA,NA,NA,NA
"Ys1...181",0.5,-1,-0.2,-1.5,-3.6226511,-0.23205455,-0.05583765,-0.0766027500000002,-0.0322727500000002,-0.00840145000000003,0.00310619999999995
"Ys1...182",0.5,-1,-0.2,-1,-3.7151789,-0.21799475,-0.0356446499999996,-0.0716537499999998,-0.05590495,-0.01440945,0.00548639999999967
"Ys1...183",0.5,-1,-0.2,1,-3.8632029,-0.1125609,-0.0033707500000002,-0.0635691500000002,-0.09358435,-0.0238273499999999,0.00955860000000008
"Ys1...184",0.5,-1,-0.2,1.5,-3.8734763,-0.0950494499999999,-0.00113744999999987,-0.0630109499999998,-0.0962212500000001,-0.0245294500000002,0.00981830000000006
"Ys1...185",0.5,-1,0.2,-1.5,-3.6225638,-0.23205455,-0.0632063999999999,-0.0765071000000002,-0.0248080500000003,-0.00833765000000009,0.00316969999999994
"Ys1...186",0.5,-1,0.2,-1,-3.7151186,-0.21799475,-0.0484822,-0.0715227000000001,-0.0429781999999999,-0.0143689,0.00556879999999982
"Ys1...187",0.5,-1,0.2,1,-3.8630688,-0.1125609,-0.0248967000000002,-0.0635154,-0.0719507500000001,-0.02376245,0.00956960000000029
"Ys1...188",0.5,-1,0.2,1.5,-3.8733398,-0.0950494499999999,-0.0232697000000002,-0.0629610999999999,-0.07398075,-0.02445875,0.00983060000000036
"Ys1...189",0.5,-1,0.75,-1.5,-3.6231235,-0.23205455,-0.0736967499999999,-0.0767186500000001,-0.0146647500000001,-0.00840605000000005,0.00323679999999982
"Ys1...190",0.5,-1,0.75,-1,-3.7157443,-0.21799475,-0.0664209499999999,-0.07170985,-0.0254029999999998,-0.0144951999999998,0.00561889999999998
"Ys1...191",0.5,-1,0.75,1,-3.8638201,-0.1125609,-0.0547700500000001,-0.0636831500000001,-0.0424723500000002,-0.0239737500000001,0.00958550000000002
"Ys1...192",0.5,-1,0.75,1.5,-3.8741131,-0.0950494499999999,-0.0539604499999999,-0.0631438499999999,-0.0436904500000002,-0.0246758500000004,0.00983119999999982
"Ys1...193",0.5,0,-0.75,-1.5,NA,-0.5731344,NA,NA,NA,NA,NA
"Ys1...194",0.5,0,-0.75,-1,NA,-0.530640599999999,NA,NA,NA,NA,NA
"Ys1...195",0.5,0,-0.75,1,NA,-0.2146938,NA,NA,NA,NA,NA
"Ys1...196",0.5,0,-0.75,1.5,NA,-0.162174,NA,NA,NA,NA,NA
"Ys1...197",0.5,0,-0.2,-1.5,-3.6226511,-0.57332265,-0.16276395,-0.16276395,-0.0142045500000001,-0.0142045499999996,4.44089209850063e-16
"Ys1...198",0.5,0,-0.2,-1,-3.7151789,-0.53114325,-0.16276395,-0.16276395,-0.0245221500000001,-0.0245221500000001,0
"Ys1...199",0.5,0,-0.2,1,-3.8632029,-0.2148417,-0.16276395,-0.16276395,-0.0407386500000002,-0.0407386499999998,4.44089209850063e-16
"Ys1...200",0.5,0,-0.2,1.5,-3.8734763,-0.16230735,-0.16276395,-0.16276395,-0.0419494499999997,-0.0419494500000002,-4.44089209850063e-16
"Ys1...201",0.5,0,0.2,-1.5,-3.6225638,-0.57332265,-0.1627089,-0.1627089,-0.0141496500000002,-0.0141496499999998,0
"Ys1...202",0.5,0,0.2,-1,-3.7151186,-0.53114325,-0.1627089,-0.1627089,-0.0244875000000002,-0.0244874999999998,4.44089209850063e-16
"Ys1...203",0.5,0,0.2,1,-3.8630688,-0.2148417,-0.1627089,-0.1627089,-0.0406486500000001,-0.0406486500000001,0
"Ys1...204",0.5,0,0.2,1.5,-3.8733398,-0.16230735,-0.1627089,-0.1627089,-0.0418576499999999,-0.0418576500000003,-4.44089209850063e-16
"Ys1...205",0.5,0,0.75,-1.5,-3.6231235,-0.57332265,-0.16313835,-0.16313835,-0.0142642500000001,-0.0142642499999996,0
"Ys1...206",0.5,0,0.75,-1,-3.7157443,-0.53114325,-0.16313835,-0.16313835,-0.0246516000000003,-0.0246515999999999,4.44089209850063e-16
"Ys1...207",0.5,0,0.75,1,-3.8638201,-0.2148417,-0.16313835,-0.16313835,-0.0409069500000001,-0.0409069500000001,0
"Ys1...208",0.5,0,0.75,1.5,-3.8741131,-0.16230735,-0.16313835,-0.16313835,-0.04213245,-0.04213245,-4.44089209850063e-16
"Ys1...209",0.5,1,-0.75,-1.5,NA,-0.914537600000001,NA,NA,NA,NA,NA
"Ys1...210",0.5,1,-0.75,-1,NA,-0.8437146,NA,NA,NA,NA,NA
"Ys1...211",0.5,1,-0.75,1,NA,-0.3171366,NA,NA,NA,NA,NA
"Ys1...212",0.5,1,-0.75,1.5,NA,-0.2296036,NA,NA,NA,NA,NA
"Ys1...213",0.5,1,-0.2,-1.5,-3.6226511,-0.914590749999999,-0.26969025,-0.24892515,0.00386364999999955,-0.0200076500000002,-0.0031061999999995
"Ys1...214",0.5,1,-0.2,-1,-3.7151789,-0.84429175,-0.28988325,-0.253874150000001,0.00686065000000013,-0.0346348499999998,-0.00548640000000056
"Ys1...215",0.5,1,-0.2,1,-3.8632029,-0.3171225,-0.32215715,-0.26195875,0.01210705,-0.0576499500000001,-0.00955860000000008
"Ys1...216",0.5,1,-0.2,1.5,-3.8734763,-0.22956525,-0.32439045,-0.262516949999999,0.0123223500000007,-0.0593694500000002,-0.00981830000000006
"Ys1...217",0.5,1,0.2,-1.5,-3.6225638,-0.914590749999999,-0.2622114,-0.2489107,-0.00349125000000061,-0.0199616499999999,-0.00316969999999905
"Ys1...218",0.5,1,0.2,-1,-3.7151186,-0.84429175,-0.2769356,-0.2538951,-0.00599680000000014,-0.0346060999999995,-0.00556879999999982
"Ys1...219",0.5,1,0.2,1,-3.8630688,-0.3171225,-0.300521099999999,-0.261902399999999,-0.00934655000000006,-0.0575348499999997,-0.00956959999999984
"Ys1...220",0.5,1,0.2,1.5,-3.8733398,-0.22956525,-0.3021481,-0.2624567,-0.00973454999999923,-0.0592565499999997,-0.00983059999999991
"Ys1...221",0.5,1,0.75,-1.5,-3.6231235,-0.914590749999999,-0.25257995,-0.24955805,-0.0138637500000005,-0.0201224499999997,-0.00323679999999893
"Ys1...222",0.5,1,0.75,-1,-3.7157443,-0.84429175,-0.25985575,-0.254566850000001,-0.0239001999999999,-0.034808,-0.00561890000000087
"Ys1...223",0.5,1,0.75,1,-3.8638201,-0.3171225,-0.27150665,-0.26259355,-0.0393415499999996,-0.0578401499999996,-0.00958550000000002
"Ys1...224",0.5,1,0.75,1.5,-3.8741131,-0.22956525,-0.27231625,-0.26313285,-0.0405744499999994,-0.0595890499999996,-0.00983119999999982
"Ys1...225",0.5,1.5,-0.75,-1.5,NA,-1.0852392,NA,NA,NA,NA,NA
"Ys1...226",0.5,1.5,-0.75,-1,NA,-1.0002516,NA,NA,NA,NA,NA
"Ys1...227",0.5,1.5,-0.75,1,NA,-0.368358,NA,NA,NA,NA,NA
"Ys1...228",0.5,1.5,-0.75,1.5,NA,-0.2633184,NA,NA,NA,NA,NA
"Ys1...229",0.5,1.5,-0.2,-1.5,-3.6226511,-1.0852248,-0.3231534,-0.29200575,0.0128977499999996,-0.0229092,-0.00465930000000014
"Ys1...230",0.5,1.5,-0.2,-1,-3.7151789,-1.000866,-0.353442899999999,-0.29942925,0.0225520499999998,-0.0396912,-0.00822960000000084
"Ys1...231",0.5,1.5,-0.2,1,-3.8632029,-0.3682629,-0.40185375,-0.31155615,0.0385299000000003,-0.0661055999999993,-0.0143379000000001
"Ys1...232",0.5,1.5,-0.2,1.5,-3.8734763,-0.2631942,-0.4052037,-0.31239345,0.03945825,-0.0680794499999999,-0.0147274499999996
"Ys1...233",0.5,1.5,0.2,-1.5,-3.6225638,-1.0852248,-0.31196265,-0.2920116,0.00183794999999964,-0.0228676500000002,-0.00475455000000036
"Ys1...234",0.5,1.5,0.2,-1,-3.7151186,-1.000866,-0.33404895,-0.2994882,0.00324855000000035,-0.0396653999999996,-0.00835320000000017
"Ys1...235",0.5,1.5,0.2,1,-3.8630688,-0.3682629,-0.369427200000001,-0.31149915,0.0063045000000006,-0.0659779499999997,-0.0143544000000002
"Ys1...236",0.5,1.5,0.2,1.5,-3.8733398,-0.2631942,-0.3718677,-0.3123306,0.00632699999999975,-0.0679559999999997,-0.0147458999999994
"Ys1...237",0.5,1.5,0.75,-1.5,-3.6231235,-1.0852248,-0.297300750000001,-0.2927679,-0.0136634999999998,-0.0230515499999999,-0.00485519999999973
"Ys1...238",0.5,1.5,0.75,-1,-3.7157443,-1.000866,-0.308214449999999,-0.3002811,-0.0235244999999997,-0.0398861999999998,-0.00842835000000086
"Ys1...239",0.5,1.5,0.75,1,-3.8638201,-0.3682629,-0.3256908,-0.31232115,-0.0385588499999994,-0.0663067499999999,-0.01437825
"Ys1...240",0.5,1.5,0.75,1.5,-3.8741131,-0.2631942,-0.326905200000001,-0.3131301,-0.0397954499999997,-0.0683173499999992,-0.0147467999999984
"Ys1...241",1.5,-1.5,-0.75,-1.5,NA,-0.0610295999999999,NA,NA,NA,NA,NA
"Ys1...242",1.5,-1.5,-0.75,-1,NA,-0.0610295999999999,NA,NA,NA,NA,NA
"Ys1...243",1.5,-1.5,-0.75,1,NA,-0.0610295999999999,NA,NA,NA,NA,NA
"Ys1...244",1.5,-1.5,-0.75,1.5,NA,-0.0610295999999999,NA,NA,NA,NA,NA
"Ys1...245",1.5,-1.5,-0.2,-1.5,-3.9077569,-0.0614205000000001,-0.0569018999999997,-0.0745562999999998,-0.0471979500000002,-0.0127662000000002,0.0167773499999999
"Ys1...246",1.5,-1.5,-0.2,-1,-4.0192775,-0.0614205000000001,-0.0223518,-0.0530701499999999,-0.0817480499999999,-0.0219868500000002,0.0290428499999997
"Ys1...247",1.5,-1.5,-0.2,1,-4.1975585,-0.0614205000000001,0.0329218500000001,-0.018567,-0.1370217,-0.0365964000000001,0.0489364499999998
"Ys1...248",1.5,-1.5,-0.2,1.5,-4.2099437,-0.0614205000000001,0.03674745,-0.0161913,-0.1408473,-0.0376402499999999,0.0502682999999999
"Ys1...249",1.5,-1.5,0.2,-1.5,-3.9073799,-0.0614205000000001,-0.0650395499999998,-0.0745955999999999,-0.0389586,-0.01275045,0.0166520999999999
"Ys1...250",1.5,-1.5,0.2,-1,-4.0189181,-0.0614205000000001,-0.0364567499999997,-0.0530654999999998,-0.0675414000000001,-0.02199975,0.0289329
"Ys1...251",1.5,-1.5,0.2,1,-4.1971547,-0.0614205000000001,0.00923535000000042,-0.0185385,-0.1132335,-0.0365820000000001,0.0488776499999997
"Ys1...252",1.5,-1.5,0.2,1.5,-4.2095287,-0.0614205000000001,0.0123994500000002,-0.0161329500000003,-0.1163976,-0.0376113,0.0502538999999995
"Ys1...253",1.5,-1.5,0.75,-1.5,NA,-0.0616014000000003,NA,NA,NA,NA,NA
"Ys1...254",1.5,-1.5,0.75,-1,NA,-0.0616014000000003,NA,NA,NA,NA,NA
"Ys1...255",1.5,-1.5,0.75,1,NA,-0.0616014000000003,NA,NA,NA,NA,NA
"Ys1...256",1.5,-1.5,0.75,1.5,NA,-0.0616014000000003,NA,NA,NA,NA,NA
"Ys1...257",1.5,-1,-0.75,-1.5,NA,-0.2317312,NA,NA,NA,NA,NA
"Ys1...258",1.5,-1,-0.75,-1,NA,-0.2175666,NA,NA,NA,NA,NA
"Ys1...259",1.5,-1,-0.75,1,NA,-0.112251,NA,NA,NA,NA,NA
"Ys1...260",1.5,-1,-0.75,1.5,NA,-0.0947444000000002,NA,NA,NA,NA,NA
"Ys1...261",1.5,-1,-0.2,-1.5,-3.9077569,-0.23205455,-0.16705625,-0.17882585,-0.0426793500000002,-0.0197248500000002,0.0111848999999999
"Ys1...262",1.5,-1,-0.2,-1,-4.0192775,-0.21799475,-0.14402285,-0.16450175,-0.0739001499999996,-0.0340593500000002,0.0193618999999998
"Ys1...263",1.5,-1,-0.2,1,-4.1975585,-0.1125609,-0.10717375,-0.14149965,-0.123719,-0.0567688,0.0326243000000002
"Ys1...264",1.5,-1,-0.2,1.5,-4.2099437,-0.0950494499999999,-0.10462335,-0.13991585,-0.12720095,-0.0583962500000004,0.0335122000000001
"Ys1...265",1.5,-1,0.2,-1.5,-3.9073799,-0.23205455,-0.1723965,-0.1787672,-0.0371601000000004,-0.0196879999999999,0.0111013999999998
"Ys1...266",1.5,-1,0.2,-1,-4.0189181,-0.21799475,-0.1533413,-0.1644138,-0.0644070999999999,-0.034046,0.0192885999999999
"Ys1...267",1.5,-1,0.2,1,-4.1971547,-0.1125609,-0.1228799,-0.1413958,-0.10782715,-0.0567261499999998,0.0325851000000008
"Ys1...268",1.5,-1,0.2,1.5,-4.2095287,-0.0950494499999999,-0.1207705,-0.1397921,-0.1108653,-0.0583411000000003,0.0335025999999998
"Ys1...269",1.5,-1,0.75,-1.5,NA,-0.23230395,NA,NA,NA,NA,NA
"Ys1...270",1.5,-1,0.75,-1,NA,-0.2181575,NA,NA,NA,NA,NA
"Ys1...271",1.5,-1,0.75,1,NA,-0.1128363,NA,NA,NA,NA,NA
"Ys1...272",1.5,-1,0.75,1.5,NA,-0.0952787999999996,NA,NA,NA,NA,NA
"Ys1...273",1.5,0,-0.75,-1.5,NA,-0.5731344,NA,NA,NA,NA,NA
"Ys1...274",1.5,0,-0.75,-1,NA,-0.530640599999999,NA,NA,NA,NA,NA
"Ys1...275",1.5,0,-0.75,1,NA,-0.2146938,NA,NA,NA,NA,NA
"Ys1...276",1.5,0,-0.75,1.5,NA,-0.162174,NA,NA,NA,NA,NA
"Ys1...277",1.5,0,-0.2,-1.5,-3.9077569,-0.57332265,-0.38736495,-0.38736495,-0.0336421499999999,-0.0336421499999999,0
"Ys1...278",1.5,0,-0.2,-1,-4.0192775,-0.53114325,-0.38736495,-0.38736495,-0.05820435,-0.05820435,0
"Ys1...279",1.5,0,-0.2,1,-4.1975585,-0.2148417,-0.38736495,-0.38736495,-0.0971136000000001,-0.0971136000000001,-4.44089209850063e-16
"Ys1...280",1.5,0,-0.2,1.5,-4.2099437,-0.16230735,-0.387364949999999,-0.38736495,-0.0999082499999999,-0.0999082499999999,-4.44089209850063e-16
"Ys1...281",1.5,0,0.2,-1.5,-3.9073799,-0.57332265,-0.3871104,-0.3871104,-0.0335630999999998,-0.0335630999999998,0
"Ys1...282",1.5,0,0.2,-1,-4.0189181,-0.53114325,-0.3871104,-0.3871104,-0.0581385000000001,-0.0581385000000001,-4.44089209850063e-16
"Ys1...283",1.5,0,0.2,1,-4.1971547,-0.2148417,-0.3871104,-0.3871104,-0.0970144500000001,-0.0970144500000001,0
"Ys1...284",1.5,0,0.2,1.5,-4.2095287,-0.16230735,-0.3871104,-0.3871104,-0.0998006999999999,-0.0998007000000003,0
"Ys1...285",1.5,0,0.75,-1.5,NA,-0.57370905,NA,NA,NA,NA,NA
"Ys1...286",1.5,0,0.75,-1,NA,-0.5312697,NA,NA,NA,NA,NA
"Ys1...287",1.5,0,0.75,1,NA,-0.2153061,NA,NA,NA,NA,NA
"Ys1...288",1.5,0,0.75,1.5,NA,-0.1626336,NA,NA,NA,NA,NA
"Ys1...289",1.5,1,-0.75,-1.5,NA,-0.914537600000001,NA,NA,NA,NA,NA
"Ys1...290",1.5,1,-0.75,-1,NA,-0.8437146,NA,NA,NA,NA,NA
"Ys1...291",1.5,1,-0.75,1,NA,-0.3171366,NA,NA,NA,NA,NA
"Ys1...292",1.5,1,-0.75,1.5,NA,-0.2296036,NA,NA,NA,NA,NA
"Ys1...293",1.5,1,-0.2,-1.5,-3.9077569,-0.914590749999999,-0.60767365,-0.59590405,-0.0246049500000005,-0.0475594499999996,-0.0111848999999991
"Ys1...294",1.5,1,-0.2,-1,-4.0192775,-0.84429175,-0.63070705,-0.610228149999999,-0.04250855,-0.0823493499999994,-0.0193618999999989
"Ys1...295",1.5,1,-0.2,1,-4.1975585,-0.3171225,-0.667556149999999,-0.63323025,-0.0705081999999999,-0.1374584,-0.0326243000000002
"Ys1...296",1.5,1,-0.2,1.5,-4.2099437,-0.22956525,-0.670106550000001,-0.63481405,-0.0726155499999992,-0.14142025,-0.0335122000000005
"Ys1...297",1.5,1,0.2,-1.5,-3.9073799,-0.914590749999999,-0.601824300000001,-0.5954536,-0.0299661000000002,-0.0474382000000002,-0.0111013999999994
"Ys1...298",1.5,1,0.2,-1,-4.0189181,-0.84429175,-0.6208795,-0.609807,-0.0518698999999998,-0.0822309999999993,-0.0192885999999994
"Ys1...299",1.5,1,0.2,1,-4.1971547,-0.3171225,-0.6513409,-0.632825,-0.0862017499999999,-0.13730275,-0.0325850999999995
"Ys1...300",1.5,1,0.2,1.5,-4.2095287,-0.22956525,-0.6534503,-0.6344287,-0.0887360999999993,-0.1412603,-0.0335026000000003
"Ys1...301",1.5,1,0.75,-1.5,NA,-0.91511415,NA,NA,NA,NA,NA
"Ys1...302",1.5,1,0.75,-1,NA,-0.8443819,NA,NA,NA,NA,NA
"Ys1...303",1.5,1,0.75,1,NA,-0.3177759,NA,NA,NA,NA,NA
"Ys1...304",1.5,1,0.75,1.5,NA,-0.229988400000001,NA,NA,NA,NA,NA
"Ys1...305",1.5,1.5,-0.75,-1.5,NA,-1.0852392,NA,NA,NA,NA,NA
"Ys1...306",1.5,1.5,-0.75,-1,NA,-1.0002516,NA,NA,NA,NA,NA
"Ys1...307",1.5,1.5,-0.75,1,NA,-0.368358,NA,NA,NA,NA,NA
"Ys1...308",1.5,1.5,-0.75,1.5,NA,-0.2633184,NA,NA,NA,NA,NA
"Ys1...309",1.5,1.5,-0.2,-1.5,-3.9077569,-1.0852248,-0.717828,-0.7001736,-0.0200863500000006,-0.0545181000000001,-0.0167773499999999
"Ys1...310",1.5,1.5,-0.2,-1,-4.0192775,-1.000866,-0.7523781,-0.72165975,-0.0346606500000002,-0.0944218499999998,-0.0290428499999997
"Ys1...311",1.5,1.5,-0.2,1,-4.1975585,-0.3682629,-0.807651750000001,-0.7561629,-0.0572054999999994,-0.1576308,-0.0489364499999994
"Ys1...312",1.5,1.5,-0.2,1.5,-4.2099437,-0.2631942,-0.811477350000001,-0.7585386,-0.0589691999999999,-0.162176249999999,-0.0502682999999982
"Ys1...313",1.5,1.5,0.2,-1.5,-3.9073799,-1.0852248,-0.709181249999999,-0.6996252,-0.0281676000000006,-0.0543757500000002,-0.0166520999999999
"Ys1...314",1.5,1.5,0.2,-1,-4.0189181,-1.000866,-0.73776405,-0.721155299999999,-0.0487355999999997,-0.0942772499999993,-0.0289328999999992
"Ys1...315",1.5,1.5,0.2,1,-4.1971547,-0.3682629,-0.78345615,-0.7556823,-0.0807953999999995,-0.157446899999999,-0.0488776499999997
"Ys1...316",1.5,1.5,0.2,1.5,-4.2095287,-0.2631942,-0.78662025,-0.75808785,-0.0832037999999997,-0.1619901,-0.0502538999999995
"Ys1...317",1.5,1.5,0.75,-1.5,NA,-1.0858167,NA,NA,NA,NA,NA
"Ys1...318",1.5,1.5,0.75,-1,NA,-1.000938,NA,NA,NA,NA,NA
"Ys1...319",1.5,1.5,0.75,1,NA,-0.3690108,NA,NA,NA,NA,NA
"Ys1...320",1.5,1.5,0.75,1.5,NA,-0.2636658,NA,NA,NA,NA,NA
