"","a1","g6","rho","beta2","Z_e","p2xp3","AY_ne","AMY_ne","AZY_ne","AZMY_ne","AY_re","AMY_re","AZY_re","AZMY_re"
"1",-1.5,-1.5,-0.75,-1.5,0.000778448068467608,0.632634888315944,1,3,4,2,1,4,3,2
"2",-1.5,-1.5,-0.75,-1,0.00155689613693566,2.53156852686006,2,3,4,1,1,3,4,2
"3",-1.5,-1.5,-0.75,1,0.00467068841080326,22.7902905833182,2,3,4,1,1,2,4,3
"4",-1.5,-1.5,-0.75,1.5,0.00544913647927314,31.0207179730031,2,3,4,1,1,2,4,3
"5",-1.5,-1.5,-0.2,-1.5,0.00102024564998926,0.632758097592655,1,3,4,2,1,4,3,2
"6",-1.5,-1.5,-0.2,-1,0.00204049129997808,2.5318467040063,1,3,4,2,1,3,4,2
"7",-1.5,-1.5,-0.2,1,0.00612147389993428,22.7915062178707,1,3,4,2,1,2,4,3
"8",-1.5,-1.5,-0.2,1.5,0.00714171954992304,31.0222473683893,1,3,4,2,1,2,4,3
"9",-1.5,-1.5,0.2,-1.5,0.00110561393018838,0.634045430789985,1,4,3,2,1,4,3,2
"10",-1.5,-1.5,0.2,-1,0.0022112278603772,2.53628747185993,1,3,4,2,1,3,4,2
"11",-1.5,-1.5,0.2,1,0.00663368358112909,22.8272217389393,1,3,4,2,1,2,4,3
"12",-1.5,-1.5,0.2,1.5,0.00773929751131686,31.070446831409,1,3,4,2,1,2,4,3
"13",-1.5,-1.5,0.75,-1.5,0.000881727731467663,0.633739468511111,1,4,3,2,1,4,3,2
"14",-1.5,-1.5,0.75,-1,0.00176345546293688,2.53491987642938,1,3,4,2,1,3,4,2
"15",-1.5,-1.5,0.75,1,0.00529036638881025,22.814050902174,1,2,4,3,1,2,4,3
"16",-1.5,-1.5,0.75,1.5,0.00617209412027597,31.052436007128,1,2,4,3,1,2,4,3
"17",-1.5,-1,-0.75,-1.5,0.000518965378977665,1.12480718795644,1,3,4,2,1,2,4,3
"18",-1.5,-1,-0.75,-1,0.00103793075795711,3.37510441405123,1,3,4,2,1,2,4,3
"19",-1.5,-1,-0.75,1,0.00311379227387043,23.6311936998139,1,3,4,2,1,2,4,3
"20",-1.5,-1,-0.75,1.5,0.00363275765284876,31.5089411166005,1,3,4,2,1,2,4,3
"21",-1.5,-1,-0.2,-1.5,0.000680163766659359,1.1249227173417,1,3,4,2,1,2,4,3
"22",-1.5,-1,-0.2,-1,0.00136032753331872,3.37532247132814,1,3,4,2,1,2,4,3
"23",-1.5,-1,-0.2,1,0.00408098259995615,23.6316918537214,1,2,4,3,1,2,4,3
"24",-1.5,-1,-0.2,1.5,0.00476114636661551,31.5094767909316,1,2,4,3,1,2,4,3
"25",-1.5,-1,0.2,-1.5,0.000737075953458621,1.1267229453942,1,3,4,2,1,2,4,3
"26",-1.5,-1,0.2,-1,0.00147415190691813,3.38030761561309,1,2,4,3,1,2,4,3
"27",-1.5,-1,0.2,1,0.00442245572075195,23.6632635447356,1,2,4,3,1,2,4,3
"28",-1.5,-1,0.2,1.5,0.00515953167421168,31.551156839078,1,2,4,3,1,2,4,3
"29",-1.5,-1,0.75,-1.5,0.000587818487645997,1.12617441721448,1,2,4,3,1,2,4,3
"30",-1.5,-1,0.75,-1,0.00117563697529155,3.37857217374332,1,2,4,3,1,2,4,3
"31",-1.5,-1,0.75,1,0.00352691092587354,23.6503965930022,1,2,4,3,1,2,4,3
"32",-1.5,-1,0.75,1.5,0.00411472941351865,31.5339110461028,1,2,4,3,1,2,4,3
"33",-1.5,0,-0.75,-1.5,0,2.53109269169907,2,1,4,3,2,1,4,3
"34",-1.5,0,-0.75,-1,0,5.06218538339813,2,1,3.5,3.5,2,1,3,4
"35",-1.5,0,-0.75,1,0,15.1865561501944,1,2,3,4,1,2,3,4
"36",-1.5,0,-0.75,1.5,0,17.7176488418934,1,2,3,4,1,2,3,4
"37",-1.5,0,-0.2,-1.5,8.88178419700125e-16,2.53111973600324,2,1,4,3,2,1,4,3
"38",-1.5,0,-0.2,-1,0,5.06223947200647,2,1,3,4,2,1,3.5,3.5
"39",-1.5,0,-0.2,1,8.88178419700125e-16,15.1867184160194,1,2,3,4,1,2,3,4
"40",-1.5,0,-0.2,1.5,-8.88178419700125e-16,17.7178381520226,1,2,3,4,1,2,3,4
"41",-1.5,0,0.2,-1.5,0,2.53407160702326,2,1,4,3,2,1,4,3
"42",-1.5,0,0.2,-1,8.88178419700125e-16,5.06814321404652,2,1,4,3,2,1,3,4
"43",-1.5,0,0.2,1,0,15.2044296421396,1,2,3,4,1,2,3,4
"44",-1.5,0,0.2,1.5,0,17.7385012491628,1,2,3,4,1,2,3,4
"45",-1.5,0,0.75,-1.5,8.88178419700125e-16,2.53282713254475,2,1,4,3,2,1,4,3
"46",-1.5,0,0.75,-1,8.88178419700125e-16,5.0656542650895,2,1,4,3,2,1,3,4
"47",-1.5,0,0.75,1,0,15.1969627952685,1,2,3,4,1,2,3,4
"48",-1.5,0,0.75,1.5,0,17.7297899278133,1,2,3,4,1,2,3,4
"49",-1.5,1,-0.75,-1.5,-0.000518965378978109,4.49996606805721,2,1,3,4,2,1,4,3
"50",-1.5,1,-0.75,-1,-0.00103793075795711,6.74927861269776,2,1,3,4,2,1,3,4
"51",-1.5,1,-0.75,1,-0.00311379227387043,-6.76000644290664,3,2,1,4,2,1,3,4
"52",-1.5,1,-0.75,1.5,-0.00363275765284854,-15.7639615153494,3,2,1,4,2,1,3,4
"53",-1.5,1,-0.2,-1.5,-0.000680163766660691,4.49980712688271,2,1,4,3,2,1,4,3
"54",-1.5,1,-0.2,-1,-0.00136032753331783,6.74911042739765,2,1,3,4,2,1,3,4
"55",-1.5,1,-0.2,1,-0.00408098259995349,-6.75871463422034,3,1,2,4,2,1,3,4
"56",-1.5,1,-0.2,1.5,-0.00476114636661329,-15.7619304655443,3,2,1,4,2,1,3,4
"57",-1.5,1,0.2,-1.5,-0.000737075953459509,4.50407844521317,2,1,4,3,2,1,4,3
"58",-1.5,1,0.2,-1,-0.00147415190691813,6.75570589371609,2,1,3,4,2,1,3,4
"59",-1.5,1,0.2,1,-0.0044224557207535,-6.76229427937464,2,1,3,4,2,1,3,4
"60",-1.5,1,0.2,1.5,-0.00515953167421301,-15.7729218144229,3,1,2,4,2,1,3,4
"61",-1.5,1,0.75,-1.5,-0.000587818487644221,4.50185693843971,2,1,4,3,2,1,4,3
"62",-1.5,1,0.75,-1,-0.00117563697529022,6.75243968539342,2,1,3,4,2,1,3,4
"63",-1.5,1,0.75,1,-0.00352691092587243,-6.75797124165181,2,1,3,4,2,1,3,4
"64",-1.5,1,0.75,1.5,-0.00411472941351931,-15.7637594521281,2,1,3,4,2,1,3,4
"65",-1.5,1.5,-0.75,-1.5,-0.000778448068468052,5.69537320846711,2,1,3,4,2,1,4,3
"66",-1.5,1.5,-0.75,-1,-0.00155689613693522,7.59282982482986,2,1,3,4,2,1,3,4
"67",-1.5,1.5,-0.75,1,-0.00467068841080476,-22.7965096307627,3,2,1,4,2,1,3,4
"68",-1.5,1.5,-0.75,1.5,-0.00544913647927103,-39.8886359749217,3,2,1,4,2,1,3,4
"69",-1.5,1.5,-0.2,-1.5,-0.0010202456499897,5.69508471190417,2,1,3,4,2,1,4,3
"70",-1.5,1.5,-0.2,-1,-0.00204049129997852,7.59252863811055,2,1,3,4,2,1,3,4
"71",-1.5,1.5,-0.2,1,-0.00612147389993289,-22.7941035140419,3,2,1,4,2,1,3,4
"72",-1.5,1.5,-0.2,1.5,-0.00714171954992437,-39.8848635163245,3,2,1,4,2,1,3,4
"73",-1.5,1.5,0.2,-1.5,-0.00110561393018926,5.70007868051844,2,1,4,3,2,1,4,3
"74",-1.5,1.5,0.2,-1,-0.00221122786037675,7.59938488901443,2,1,3,4,2,1,3,4
"75",-1.5,1.5,0.2,1,-0.00663368358113026,-22.8111149972261,3,1,2,4,2,1,3,4
"76",-1.5,1.5,0.2,1.5,-0.00773929751131774,-39.9156711488423,3,2,1,4,2,1,3,4
"77",-1.5,1.5,0.75,-1.5,-0.000881727731467663,5.69726325034895,2,1,4,3,2,1,4,3
"78",-1.5,1.5,0.75,-1,-0.0017634554629371,7.59572114390452,2,1,3,4,2,1,3,4
"79",-1.5,1.5,0.75,1,-0.00529036638880953,-22.798500849807,2,1,3,4,2,1,3,4
"80",-1.5,1.5,0.75,1.5,-0.00617209412027897,-39.8940697402183,3,1,2,4,2,1,3,4
"81",-0.5,-1.5,-0.75,-1.5,0.000151813921111632,-0.000119449085666686,1,4,3,2,1,4,2,3
"82",-0.5,-1.5,-0.75,-1,0.00030362784222282,-8.62762390275946e-05,1,3,4,2,1,4,2,3
"83",-0.5,-1.5,-0.75,1,0.000910883526668294,0.00157263447058753,2,3,4,1,1,4,2,3
"84",-0.5,-1.5,-0.75,1.5,0.0010626974477782,0.00236891697875509,2,3,4,1,1,4,2,3
"85",-0.5,-1.5,-0.2,-1.5,0.000117181683472634,-9.61309504087463e-05,1,4,3,2,1,4,2,3
"86",-0.5,-1.5,-0.2,-1,0.000234363366945489,-6.4437352428656e-05,1,4,3,2,1,4,2,3
"87",-0.5,-1.5,-0.2,1,0.000703090100836301,0.00134058252337807,1,3,4,2,1,4,2,3
"88",-0.5,-1.5,-0.2,1.5,0.000820271784310211,0.00201139886330143,1,3,4,2,1,4,2,3
"89",-0.5,-1.5,0.2,-1.5,0.000800451179413297,-1.59079308649738e-05,1,4,3,2,1,4,2,3
"90",-0.5,-1.5,0.2,-1,0.00160090235882726,2.0677475910759e-05,1,4,3,2,1,4,2,3
"91",-0.5,-1.5,0.2,1,0.00480270707647951,0.000691952479420255,1,3,4,2,1,4,2,3
"92",-0.5,-1.5,0.2,1.5,0.00560315825589264,0.000991004574399437,1,3,4,2,1,4,2,3
"93",-0.5,-1.5,0.75,-1.5,0.000570554964621994,-1.67162742189826e-06,1,4,3,2,1,4,2,3
"94",-0.5,-1.5,0.75,-1,0.00114110992924377,2.96041448149955e-05,1,4,3,2,1,4,2,3
"95",-0.5,-1.5,0.75,1,0.00342332978773091,0.00048418123034999,1,4,3,2,1,4,2,3
"96",-0.5,-1.5,0.75,1.5,0.00399388475235141,0.000680194000880177,1,4,3,2,1,4,2,3
"97",-0.5,-1,-0.75,-1.5,0.000101209280740644,0.0623615401041085,1,3,4,2,1,4,2,3
"98",-0.5,-1,-0.75,-1,0.000202418561482176,0.12485878889161,1,3,4,2,1,4,2,3
"99",-0.5,-1,-0.75,1,0.000607255684445196,0.376204870875544,1,3,4,2,1,3,2,4
"100",-0.5,-1,-0.75,1.5,0.000708464965185618,0.43938066308001,1,3,4,2,1,3,2,4
"101",-0.5,-1,-0.2,-1.5,7.81211223155331e-05,0.062391156573961,1,3,4,2,1,4,2,3
"102",-0.5,-1,-0.2,-1,0.000156242244630178,0.124895959936664,1,3,4,2,1,3,2,4
"103",-0.5,-1,-0.2,1,0.000468726733890978,0.376051641274894,1,3,4,2,1,3,2,4
"104",-0.5,-1,-0.2,1.5,0.000546847856206067,0.439124678581306,1,3,4,2,1,3,2,4
"105",-0.5,-1,0.2,-1.5,0.000533634119609161,0.0627269526148205,1,3,4,2,1,4,2,3
"106",-0.5,-1,0.2,-1,0.00106726823921832,0.125500542216486,1,3,4,2,1,3,2,4
"107",-0.5,-1,0.2,1,0.00320180471765297,0.377061270491597,1,3,4,2,1,3,2,4
"108",-0.5,-1,0.2,1.5,0.00373543883726235,0.440068045027487,1,3,4,2,1,3,2,4
"109",-0.5,-1,0.75,-1.5,0.000380369976414663,0.0626417778365419,1,4,3,2,1,4,2,3
"110",-0.5,-1,0.75,-1,0.000760739952828882,0.125312829912424,1,4,3,2,1,4,2,3
"111",-0.5,-1,0.75,1,0.00228221985848687,0.376289780609361,1,2,4,3,1,3,2,4
"112",-0.5,-1,0.75,1.5,0.00266258983490242,0.439107203881946,1,2,4,3,1,3,2,4
"113",-0.5,0,-0.75,-1.5,0,0.281197565529098,1,2,4,3,1,2,4,3
"114",-0.5,0,-0.75,-1,0,0.562395131058197,1,2,3.5,3.5,1,2,4,3
"115",-0.5,0,-0.75,1,0,1.68718539317459,1,2,3,4,1,2,3,4
"116",-0.5,0,-0.75,1.5,0,1.96838295870369,1,2,3,4,1,2,3,4
"117",-0.5,0,-0.2,-1.5,8.88178419700125e-16,0.281206579785055,1,2,4,3,1,2,4,3
"118",-0.5,0,-0.2,-1,0,0.56241315957011,1,2,3,4,1,2,3.5,3.5
"119",-0.5,0,-0.2,1,0,1.68723947871033,1,2,3,4,1,2,3,4
"120",-0.5,0,-0.2,1.5,-8.88178419700125e-16,1.96844605849539,1,2,3,4,1,2,3,4
"121",-0.5,0,0.2,-1.5,0,0.282191059594218,1,2,4,3,1,2,4,3
"122",-0.5,0,0.2,-1,0,0.564382119188436,1,2,3.5,3.5,1,2,3,4
"123",-0.5,0,0.2,1,0,1.69314635756531,1,2,3,4,1,2,3,4
"124",-0.5,0,0.2,1.5,8.88178419700125e-16,1.97533741715953,1,2,3,4,1,2,3,4
"125",-0.5,0,0.75,-1.5,0,0.281775874573186,1,2,4,3,1,2,4,3
"126",-0.5,0,0.75,-1,0,0.563551749146373,1,2,4,3,1,2,3.5,3.5
"127",-0.5,0,0.75,1,-8.88178419700125e-16,1.69065524743912,1,2,3,4,1,2,3,4
"128",-0.5,0,0.75,1.5,0,1.97243112201231,1,2,3,4,1,2,3,4
"129",-0.5,1,-0.75,-1.5,-0.0001012092807402,0.625198987014675,2,1,3,4,2,1,4,3
"130",-0.5,1,-0.75,-1,-0.000202418561481288,1.25012642243187,2,1,3,4,2,1,4,3
"131",-0.5,1,-0.75,1,-0.000607255684444752,3.74712064812582,1,2,3,4,1,2,3,4
"132",-0.5,1,-0.75,1.5,-0.000708464965187616,4.37069032555559,1,2,3,4,1,2,3,4
"133",-0.5,1,-0.2,-1.5,-7.81211223150891e-05,0.625143133879289,2,1,3,4,2,1,4,3
"134",-0.5,1,-0.2,-1,-0.000156242244630178,1.25005889927724,2,1,3,4,2,1,4,3
"135",-0.5,1,-0.2,1,-0.000468726733890534,3.74744827605564,1,2,3,4,1,2,3,4
"136",-0.5,1,-0.2,1.5,-0.000546847856204735,4.3712271990469,1,2,3,4,1,2,3,4
"137",-0.5,1,0.2,-1.5,-0.000533634119609161,0.626959681090984,2,1,3,4,2,1,4,3
"138",-0.5,1,0.2,-1,-0.00106726823921832,1.25382615948145,2,1,3,4,2,1,4,3
"139",-0.5,1,0.2,1,-0.00320180471765319,3.76036004603816,1,2,3,4,1,2,3,4
"140",-0.5,1,0.2,1.5,-0.00373543883726413,4.38676051092605,1,2,3,4,1,2,3,4
"141",-0.5,1,0.75,-1.5,-0.000380369976413775,0.626039568388122,2,1,4,3,2,1,4,3
"142",-0.5,1,0.75,-1,-0.000760739952829326,1.25202062531196,2,1,3,4,2,1,4,3
"143",-0.5,1,0.75,1,-0.00228221985848798,3.75535973836453,1,2,3,4,1,2,3,4
"144",-0.5,1,0.75,1.5,-0.00266258983490353,4.38104823796697,1,2,3,4,1,2,3,4
"145",-0.5,1.5,-0.75,-1.5,-0.00015181392111252,0.844136721280182,2,1,3,4,2,1,4,3
"146",-0.5,1.5,-0.75,-1,-0.000303627842222376,1.68781517407136,2,1,3,4,2,1,4,3
"147",-0.5,1.5,-0.75,1,-0.000910883526668016,5.05794630034599,3,2,1,4,2,1,3,4
"148",-0.5,1.5,-0.75,1.5,-0.00106269744777698,5.89933341069213,3,2,1,4,2,1,3,4
"149",-0.5,1.5,-0.2,-1.5,-0.000117181683473078,0.844031835007584,2,1,3,4,2,1,4,3
"150",-0.5,1.5,-0.2,-1,-0.000234363366946155,1.68767997165843,2,1,3,4,2,1,4,3
"151",-0.5,1.5,-0.2,1,-0.000703090100834913,5.05843553469451,2,1,3,4,2,1,3,4
"152",-0.5,1.5,-0.2,1.5,-0.000820271784307991,5.90016517956169,2,1,3,4,2,1,3,4
"153",-0.5,1.5,0.2,-1.5,-0.00080045117941463,0.84633318478338,2,1,3,4,2,1,4,3
"154",-0.5,1.5,0.2,-1,-0.00160090235882659,1.69250910337336,2,1,3,4,2,1,4,3
"155",-0.5,1.5,0.2,1,-0.00480270707648067,5.07564011579927,2,1,3,4,2,1,3,4
"156",-0.5,1.5,0.2,1.5,-0.00560315825589086,5.92102970342224,2,1,3,4,2,1,3,4
"157",-0.5,1.5,0.75,-1.5,-0.000570554964622438,0.845095014199947,2,1,4,3,2,1,4,3
"158",-0.5,1.5,0.75,-1,-0.0011411099292431,1.69009129724412,2,1,3,4,2,1,4,3
"159",-0.5,1.5,0.75,1,-0.0034233297877293,5.06908911786311,2,1,3,4,2,1,3,4
"160",-0.5,1.5,0.75,1.5,-0.0039938847523544,5.91359174512843,2,1,3,4,2,1,3,4
"161",0.5,-1.5,-0.75,-1.5,-0.000474820226244344,-0.0703066183989589,1,4,3,2,1,4,3,2
"162",0.5,-1.5,-0.75,-1,-0.000949640452489575,-0.281668045623206,1,3,4,2,1,4,3,2
"163",0.5,-1.5,-0.75,1,-0.00284892135747022,-2.53766184277309,1,3,4,2,1,3,4,2
"164",0.5,-1.5,-0.75,1.5,-0.00332374158371496,-3.45429731412378,1,3,4,2,1,3,4,2
"165",0.5,-1.5,-0.2,-1.5,-0.000785882283043549,-0.0703123373790057,1,4,3,2,1,4,3,2
"166",0.5,-1.5,-0.2,-1,-0.0015717645660871,-0.281619128891661,1,3,4,2,1,4,3,2
"167",0.5,-1.5,-0.2,1,-0.00471529369826168,-2.53679083627877,1,3,4,2,1,3,4,2
"168",0.5,-1.5,-0.2,1.5,-0.00550117598130528,-3.45306989845967,1,3,4,2,1,3,4,2
"169",0.5,-1.5,0.2,-1.5,0.000495288428638663,-0.0700445078214203,1,4,3,2,1,4,3,2
"170",0.5,-1.5,0.2,-1,0.000990576857277103,-0.280310800225301,1,3,4,2,1,4,3,2
"171",0.5,-1.5,0.2,1,0.00297173057182992,-2.52359381566543,1,3,4,2,1,3,4,2
"172",0.5,-1.5,0.2,1.5,0.00346701900046931,-3.43496903098161,1,3,4,2,1,3,4,2
"173",0.5,-1.5,0.75,-1.5,0.000259382197775437,-0.0701746221722405,1,4,3,2,1,4,3,2
"174",0.5,-1.5,0.75,-1,0.000518764395550653,-0.280783548403262,1,4,3,2,1,4,3,2
"175",0.5,-1.5,0.75,1,0.00155629318665157,-2.52756229391516,1,3,4,2,1,3,4,2
"176",0.5,-1.5,0.75,1.5,0.00181567538442595,-3.44034274044009,1,3,4,2,1,3,4,2
"177",0.5,-1,-0.75,-1.5,-0.000316546817496821,0.000135425064656997,1,3,4,2,1,4,3,2
"178",0.5,-1,-0.75,-1,-0.000633093634993642,-0.124992414936211,1,3,4,2,1,4,3,2
"179",0.5,-1,-0.75,1,-0.00189928090497959,-1.87813642559494,1,3,4,2,1,3,4,2
"180",0.5,-1,-0.75,1.5,-0.00221582772247575,-2.62958059092343,1,3,4,2,1,3,4,2
"181",0.5,-1,-0.2,-1.5,-0.00052392152202918,0.000114625974770265,1,3,4,2,1,4,3,2
"182",0.5,-1,-0.2,-1,-0.00104784304405792,-0.124994140700343,1,3,4,2,1,4,3,2
"183",0.5,-1,-0.2,1,-0.00314352913217375,-1.87766313389962,1,3,4,2,1,3,4,2
"184",0.5,-1,-0.2,1.5,-0.00366745065420337,-2.62888886382415,1,3,4,2,1,3,4,2
"185",0.5,-1,0.2,-1.5,0.000330192285757924,4.3062146769988e-05,1,4,3,2,1,4,3,2
"186",0.5,-1,0.2,-1,0.000660384571517625,-0.124541831854519,1,3,4,2,1,4,3,2
"187",0.5,-1,0.2,1,0.00198115371455221,-1.86916096934026,1,3,4,2,1,3,4,2
"188",0.5,-1,0.2,1.5,0.00231134600031258,-2.61688564408184,1,3,4,2,1,3,4,2
"189",0.5,-1,0.75,-1.5,0.000172921465183773,3.04878964523394e-05,1,4,3,2,1,4,3,2
"190",0.5,-1,0.75,-1,0.000345842930367546,-0.124744826086771,1,4,3,2,1,4,3,2
"191",0.5,-1,0.75,1,0.00103752879110153,-1.87190410081642,1,3,4,2,1,3,4,2
"192",0.5,-1,0.75,1.5,0.00121045025628574,-2.62070842419802,1,3,4,2,1,3,4,2
"193",0.5,0,-0.75,-1.5,-8.88178419700125e-16,0.281302439359133,1,2,3,4,1,2,3,4
"194",0.5,0,-0.75,-1,0,0.562604878718265,1,2,4,3,1,2,4,3
"195",0.5,0,-0.75,1,1.77635683940025e-15,1.68781463615479,1,2,4,3,1,2,4,3
"196",0.5,0,-0.75,1.5,-1.77635683940025e-15,1.96911707551393,1,3,4,2,1,3,4,2
"197",0.5,0,-0.2,-1.5,8.88178419700125e-16,0.281293423566875,1,2,3,4,1,2,3,4
"198",0.5,0,-0.2,-1,-1.77635683940025e-15,0.56258684713375,1,2,3.5,3.5,1,2,3.5,3.5
"199",0.5,0,-0.2,1,2.66453525910038e-15,1.68776054140125,1,2,4,3,1,2,4,3
"200",0.5,0,-0.2,1.5,0,1.96905396496812,1,3,4,2,1,3,4,2
"201",0.5,0,0.2,-1.5,-8.88178419700125e-16,0.280310512165175,1,2,3,4,1,2,3,4
"202",0.5,0,0.2,-1,8.88178419700125e-16,0.560621024330349,1,2,4,3,1,2,3.5,3.5
"203",0.5,0,0.2,1,1.77635683940025e-15,1.68186307299104,1,2,4,3,1,2,4,3
"204",0.5,0,0.2,1.5,0,1.96217358515622,1,3,4,2,1,3,4,2
"205",0.5,0,0.75,-1.5,8.88178419700125e-16,0.280724616601624,1,2,3,4,1,2,3,4
"206",0.5,0,0.75,-1,8.88178419700125e-16,0.561449233203247,1,2,4,3,1,2,3.5,3.5
"207",0.5,0,0.75,1,8.88178419700125e-16,1.68434769960974,1,2,4,3,1,2,4,3
"208",0.5,0,0.75,1.5,3.5527136788005e-15,1.96507231621136,1,3,4,2,1,3,4,2
"209",0.5,1,-0.75,-1.5,0.000316546817498597,0.749513356809933,1,2,3,4,1,2,3,4
"210",0.5,1,-0.75,-1,0.000633093634992754,1.74919688208006,1,2,3,4,1,2,3,4
"211",0.5,1,-0.75,1,0.00189928090498093,8.24963266776243,1,3,2,4,1,2,4,3
"212",0.5,1,-0.75,1.5,0.00221582772247686,10.5001670353335,1,3,2,4,1,2,4,3
"213",0.5,1,-0.2,-1.5,0.000523921522028736,0.74957204900505,1,2,3,4,1,2,3,4
"214",0.5,1,-0.2,-1,0.00104784304405747,1.74927585023645,1,2,3,4,1,2,3,4
"215",0.5,1,-0.2,1,0.00314352913217597,8.24940857742556,1,3,2,4,1,2,4,3
"216",0.5,1,-0.2,1.5,0.00366745065420027,10.4997711397887,1,3,2,4,1,2,4,3
"217",0.5,1,0.2,-1.5,-0.000330192285759701,0.747367708959612,1,2,3,4,1,2,3,4
"218",0.5,1,0.2,-1,-0.000660384571520289,1.74395043977296,1,2,3,4,1,2,3,4
"219",0.5,1,0.2,1,-0.00198115371455465,8.22243158156364,1,3,2,4,1,2,4,3
"220",0.5,1,0.2,1.5,-0.00231134600030991,10.4650894216456,1,3,2,4,1,2,4,3
"221",0.5,1,0.75,-1.5,-0.000172921465182441,0.748463956730508,1,2,3,4,1,2,3,4
"222",0.5,1,0.75,-1,-0.000345842930368434,1.74646544536931,1,2,3,4,1,2,3,4
"223",0.5,1,0.75,1,-0.00103752879109997,8.23384671900746,1,2,3,4,1,2,4,3
"224",0.5,1,0.75,1.5,-0.00121045025628774,10.4795358671877,1,2,3,4,1,2,4,3
"225",0.5,1.5,-0.75,-1.5,0.000474820226243899,1.05376027921896,2,1,3,4,2,1,3,4
"226",0.5,1.5,-0.75,-1,0.000949640452489575,2.5296158999012,1,2,3,4,1,2,3,4
"227",0.5,1.5,-0.75,1,0.00284892135746873,12.653991797263,1,3,2,4,1,2,3,4
"228",0.5,1.5,-0.75,1.5,0.00332374158371707,16.2403241252616,1,3,2,4,1,2,3,4
"229",0.5,1.5,-0.2,-1.5,0.000785882283041772,1.05387379716641,2,1,3,4,2,1,3,4
"230",0.5,1.5,-0.2,-1,0.0015717645660871,2.52978585751353,1,2,3,4,1,2,3,4
"231",0.5,1.5,-0.2,1,0.00471529369826129,12.653816730709,1,3,2,4,1,2,3,4
"232",0.5,1.5,-0.2,1.5,0.00550117598129951,16.2399201069597,1,3,2,4,1,2,3,4
"233",0.5,1.5,0.2,-1.5,-0.00049528842863733,1.05094246239784,2,1,3,4,2,1,3,4
"234",0.5,1.5,0.2,-1,-0.000990576857277325,2.52242760721591,1,2,3,4,1,2,3,4
"235",0.5,1.5,0.2,1,-0.00297173057183286,12.6137950106904,1,3,2,4,1,2,3,4
"236",0.5,1.5,0.2,1.5,-0.00346701900046931,16.1879935676096,1,3,2,4,1,2,3,4
"237",0.5,1.5,0.75,-1.5,-0.000259382197776326,1.05247558107884,2,1,3,4,2,1,3,4
"238",0.5,1.5,0.75,-1,-0.000518764395551763,2.52603185878086,1,2,3,4,1,2,3,4
"239",0.5,1.5,0.75,1,-0.00155629318665085,12.6310639358207,1,2,3,4,1,2,3,4
"240",0.5,1.5,0.75,1.5,-0.00181567538442806,16.2100236966386,1,2,3,4,1,2,3,4
"241",1.5,-1.5,-0.75,-1.5,-0.00110145437360121,-1.26647240643859,1,3,4,2,1,3,4,2
"242",1.5,-1.5,-0.75,-1,-0.00220290874720197,-5.06735992855112,1,3,4,2,1,3,4,2
"243",1.5,-1.5,-0.75,1,-0.00660872624160697,-45.6150611737406,1,3,4,2,1,3,4,2
"244",1.5,-1.5,-0.75,1.5,-0.00771018061520989,-62.0880242742228,1,3,4,2,1,3,4,2
"245",1.5,-1.5,-0.2,-1.5,-0.00168894624955973,-1.2664363085078,1,3,4,2,1,3,4,2
"246",1.5,-1.5,-0.2,-1,-0.00337789249911902,-5.06700051787005,1,3,4,2,1,3,4,2
"247",1.5,-1.5,-0.2,1,-0.0101336774973579,-45.6105363638635,1,3,4,2,1,3,4,2
"248",1.5,-1.5,-0.2,1.5,-0.011822623746919,-62.081740077498,1,3,4,2,1,3,4,2
"249",1.5,-1.5,0.2,-1.5,0.000190125677864028,-1.26458615569634,1,3,4,2,1,3,4,2
"250",1.5,-1.5,0.2,-1,0.000380251355728722,-5.05889010850235,1,3,4,2,1,3,4,2
"251",1.5,-1.5,0.2,1,0.00114075406718211,-45.533283890823,1,3,4,2,1,3,4,2
"252",1.5,-1.5,0.2,1.5,0.0013308797450442,-61.9761768291774,1,3,4,2,1,3,4,2
"253",1.5,-1.5,0.75,-1.5,-5.17905690706755e-05,-1.26532516993801,1,3,4,2,1,3,4,2
"254",1.5,-1.5,0.75,-1,-0.000103581138141573,-5.0617027284735,1,3,4,2,1,3,4,2
"255",1.5,-1.5,0.75,1,-0.000310743414426884,-45.5577368485903,1,3,4,2,1,3,4,2
"256",1.5,-1.5,0.75,1.5,-0.000362533983498614,-62.0093763501133,1,3,4,2,1,3,4,2
"257",1.5,-1,-0.75,-1.5,-0.00073430291573473,-0.562335951301766,1,3,4,2,1,3,4,2
"258",1.5,-1,-0.75,-1,-0.00146860583146857,-3.37630837399163,1,3,4,2,1,3,4,2
"259",1.5,-1,-0.75,1,-0.00440581749440438,-37.1485627786321,1,3,4,2,1,3,4,2
"260",1.5,-1,-0.75,1.5,-0.00514012041013845,-51.2207175582624,1,3,4,2,1,3,4,2
"261",1.5,-1,-0.2,-1.5,-0.00112596416637301,-0.562371668595724,1,3,4,2,1,3,4,2
"262",1.5,-1,-0.2,-1,-0.00225192833274646,-3.37620700714228,1,3,4,2,1,3,4,2
"263",1.5,-1,-0.2,1,-0.00675578499823892,-37.1461850608367,1,3,4,2,1,3,4,2
"264",1.5,-1,-0.2,1.5,-0.00788174916461282,-51.2173387491374,1,3,4,2,1,3,4,2
"265",1.5,-1,0.2,-1.5,0.000126750451909352,-0.561793520149802,1,3,4,2,1,3,4,2
"266",1.5,-1,0.2,-1,0.000253500903819592,-3.37167868315932,1,3,4,2,1,3,4,2
"267",1.5,-1,0.2,1,0.000760502711452782,-37.0921357637945,1,3,4,2,1,3,4,2
"268",1.5,-1,0.2,1.5,0.0008872531633628,-51.1424791411026,1,3,4,2,1,3,4,2
"269",1.5,-1,0.75,-1.5,-3.45270460480052e-05,-0.562124246745635,1,3,4,2,1,3,4,2
"270",1.5,-1,0.75,-1,-6.90540920946781e-05,-3.37345997081366,1,3,4,2,1,3,4,2
"271",1.5,-1,0.75,1,-0.000207162276285144,-37.1109176403098,1,3,4,2,1,3,4,2
"272",1.5,-1,0.75,1.5,-0.000241689322330485,-51.1683107509898,1,3,4,2,1,3,4,2
"273",1.5,0,-0.75,-1.5,1.77635683940025e-15,2.53140731318917,1,2,3,4,1,2,3,4
"274",1.5,0,-0.75,-1,-1.77635683940025e-15,5.06281462637834,1,2,3.5,3.5,1,2,3.5,3.5
"275",1.5,0,-0.75,1,-1.77635683940025e-15,15.188443879135,1,3,4,2,1,3,4,2
"276",1.5,0,-0.75,1.5,-1.77635683940025e-15,17.7198511923242,1,3,4,2,1,3,4,2
"277",1.5,0,-0.2,-1.5,8.88178419700125e-16,2.53138026734869,1,2,3,4,1,2,3,4
"278",1.5,0,-0.2,-1,-2.66453525910038e-15,5.06276053469739,1,2,3.5,3.5,1,2,3,4
"279",1.5,0,-0.2,1,8.88178419700125e-16,15.1882816040922,1,3,4,2,1,3,4,2
"280",1.5,0,-0.2,1.5,-1.77635683940025e-15,17.7196618714409,1,3,4,2,1,3,4,2
"281",1.5,0,0.2,-1.5,1.77635683940025e-15,2.52842996473613,1,2,3,4,1,2,3,4
"282",1.5,0,0.2,-1,8.88178419700125e-16,5.05685992947226,1,2,4,3,1,2,3,4
"283",1.5,0,0.2,1,0,15.1705797884168,1,3,4,2,1,3,4,2
"284",1.5,0,0.2,1.5,1.77635683940025e-15,17.6990097531529,1,3,4,2,1,3,4,2
"285",1.5,0,0.75,-1.5,8.88178419700125e-16,2.52967335863006,1,2,3,4,1,2,3,4
"286",1.5,0,0.75,-1,1.77635683940025e-15,5.05934671726012,1,2,3,4,1,2,3.5,3.5
"287",1.5,0,0.75,1,8.88178419700125e-16,15.1780401517804,1,3,4,2,1,3,4,2
"288",1.5,0,0.75,1.5,0,17.7077135104104,1,3,4,2,1,3,4,2
"289",1.5,1,-0.75,-1.5,0.00073430291573473,7.87244438330314,1,3,2,4,1,3,2,4
"290",1.5,1,-0.75,-1,0.00146860583146946,20.2446308150829,1,3,2,4,1,3,2,4
"291",1.5,1,-0.75,1,0.00440581749440305,114.730797026969,1,3,2,4,1,4,2,3
"292",1.5,1,-0.75,1.5,0.00514012041013601,149.601693701132,1,3,2,4,1,4,2,3
"293",1.5,1,-0.2,-1.5,0.00112596416637345,7.87262907812014,1,3,2,4,1,3,2,4
"294",1.5,1,-0.2,-1,0.00225192833274956,20.2449021037159,1,3,2,4,1,3,2,4
"295",1.5,1,-0.2,1,0.00675578499823892,114.730433680855,1,4,2,3,1,4,2,3
"296",1.5,1,-0.2,1.5,0.00788174916460882,149.600926443829,1,4,2,3,1,4,2,3
"297",1.5,1,0.2,-1.5,-0.000126750451911128,7.8648377346792,1,3,2,4,1,3,2,4
"298",1.5,1,0.2,-1,-0.000253500903816928,20.2242195580312,1,3,2,4,1,3,2,4
"299",1.5,1,0.2,1,-0.00076050271145256,114.607187738167,1,4,2,3,1,4,2,3
"300",1.5,1,0.2,1.5,-0.000887253163357471,149.439290004883,1,4,2,3,1,4,2,3
"301",1.5,1,0.75,-1.5,3.45270460497815e-05,7.86866530932702,1,3,2,4,1,3,2,4
"302",1.5,1,0.75,-1,6.90540920968985e-05,20.2339149690061,1,3,2,4,1,3,2,4
"303",1.5,1,0.75,1,0.000207162276284478,114.660757111242,1,4,2,3,1,4,2,3
"304",1.5,1,0.75,1.5,0.000241689322328043,149.508928522682,1,4,2,3,1,4,2,3
"305",1.5,1.5,-0.75,-1.5,0.00110145437360121,11.3856980954688,1,3,2,4,1,3,2,4
"306",1.5,1.5,-0.75,-1,0.0022029087472033,30.3640488550607,1,3,2,4,1,3,2,4
"307",1.5,1.5,-0.75,1,0.00660872624161613,182.20397853466,1,3,2,4,1,4,2,3
"308",1.5,1.5,-0.75,1.5,0.00771018061520756,239.145592614868,1,3,2,4,1,4,2,3
"309",1.5,1.5,-0.2,-1.5,0.00168894624956106,11.386064811566,1,3,2,4,1,3,2,4
"310",1.5,1.5,-0.2,-1,0.00337789249912035,30.3646631484172,1,3,2,4,1,3,2,4
"311",1.5,1.5,-0.2,1,0.0101336774973593,182.204391748674,1,3,2,4,1,4,2,3
"312",1.5,1.5,-0.2,1.5,0.0118226237469194,239.145657711951,1,3,2,4,1,4,2,3
"313",1.5,1.5,0.2,-1.5,-0.000190125677864472,11.3753607265472,1,3,2,4,1,3,2,4
"314",1.5,1.5,0.2,-1,-0.000380251355728056,30.3349572532834,1,3,2,4,1,3,2,4
"315",1.5,1.5,0.2,1,-0.00114075406718861,182.01570136212,1,4,2,3,1,4,2,3
"316",1.5,1.5,0.2,1.5,-0.0013308797450442,238.896476889801,1,4,2,3,1,4,2,3
"317",1.5,1.5,0.75,-1.5,5.17905690715637e-05,11.380859164171,1,3,2,4,1,3,2,4
"318",1.5,1.5,0.75,-1,0.000103581138144015,30.3493596812561,1,3,2,4,1,3,2,4
"319",1.5,1.5,0.75,1,0.000310743414418724,182.099775278738,1,4,2,3,1,4,2,3
"320",1.5,1.5,0.75,1.5,0.000362533983498281,239.006482560394,1,4,2,3,1,4,2,3
